company_code,company_name,report_year,indicator_code,value,status,source_url,source_file,source_page,evidence_text,confidence
000400.SZ,许继电气,2025,Q_S_ENV_INVEST_RATE,0.03,pending,https://disc.static.szse.cn/disc/disk03/finalpage/2026-04-11/0ec99d43-1ee6-4265-a9ac-eb924c3f937a.PDF,data/raw/000400.SZ/2025/esg_report.pdf,41,Chinese current-last environmental table row: 环保投入占营业收入比例 % 0.008 0.020 0.03,0.9
000531.SZ,穗恒运Ａ,2025,Q_S_DIVIDEND_PER_SHARE,0.05,pending,https://disc.static.szse.cn/disc/disk03/finalpage/2026-04-10/c6309277-b6b3-40a0-b88b-75d22262103b.PDF,data/raw/000531.SZ/2025/annual_report.pdf,37,"报告期利润分配及资本公积金转增股本情况 适用 □不适用 每 10 股送红股数(股) 0 每 10 股派息数(元)(含税) 0.50 分配预案的股本基数(股) 1,031,804,332 现金分红金额(元)(含税) 51,",0.94
000531.SZ,穗恒运Ａ,2025,Q_S_DIVIDEND_PER_SHARE,1,pending,https://disc.static.szse.cn/disc/disk03/finalpage/2026-04-10/c6309277-b6b3-40a0-b88b-75d22262103b.PDF,data/raw/000531.SZ/2025/annual_report.pdf,136,5 拟分配每 10 股分红股(股) 0 拟分配每 10 股转增数(股) 0 0.5 拟分配每 10 股派息数(元) 经审议批准宣告发放的每 10 股 派息数(元) 经审议批准宣告发放的每 10 股 分红股(股) 0 经审议批准宣告发放,0.94
000600.SZ,建投能源,2025,Q_S_SAFETY_INVEST_RATE,0.65,pending,https://disc.static.szse.cn/disc/disk03/finalpage/2026-04-29/ba6a9b6c-0794-4a84-90c5-1a1ebb80389c.PDF,data/raw/000600.SZ/2025/esg_report.pdf,54,Chinese current-last environmental table row: 安全生产投入占营业收入比例 % 0.99 0.62 0.65,0.9
000692.SZ,惠天热电,2025,Q_G_ROE,-32.15,pending,https://disc.static.szse.cn/disc/disk03/finalpage/2026-04-29/a0c3e46c-096c-4bae-b85e-34d7a86f0fde.PDF,data/raw/000692.SZ/2025/annual_report.pdf,7,"主要会计数据加权平均净资产收益率行: 加权平均净资 产收益率 -32.15% -4,022.41% -2,002.92% 1,970.77% 115.25% 116.31%",0.94
000692.SZ,惠天热电,2025,Q_G_ROE,-32.15,pending,https://disc.static.szse.cn/disc/disk03/finalpage/2026-04-29/a0c3e46c-096c-4bae-b85e-34d7a86f0fde.PDF,data/raw/000692.SZ/2025/annual_report.pdf,215,"L= D+A/2+ E×F/K-G× H/K±I×J/K 166,495,756.43 加权平均净资产收益率 M=A/L -32.15% 215",0.92
000692.SZ,惠天热电,2025,Q_G_ROE,-179.78,pending,https://disc.static.szse.cn/disc/disk03/finalpage/2026-04-29/a0c3e46c-096c-4bae-b85e-34d7a86f0fde.PDF,data/raw/000692.SZ/2025/annual_report.pdf,216,沈阳惠天热电股份有限公司2025年年度报告全文 扣除非经常损益加权平均净资产收益率 N=C/L -179.78% (2)基本每股收益和稀释每股收益的计算过程 1)基本每股收益的计算过程 项 目 序号,0.92
000937.SZ,冀中能源,2025,Q_S_DIVIDEND_PER_SHARE,0.1,pending,https://disc.static.szse.cn/disc/disk03/finalpage/2026-04-29/e44b0814-6036-40c4-a477-98173145ea75.PDF,data/raw/000937.SZ/2025/annual_report.pdf,34,"报告期利润分配及资本公积金转增股本情况 适用 □不适用 每 10 股送红股数(股) 0 每 10 股派息数(元)(含税) 1 每 10 股转增数(股) 1 分配预案的股本基数(股) 3,533,546,850 现金",0.94
000937.SZ,冀中能源,2025,Q_S_DIVIDEND_PER_SHARE,0.1,pending,https://disc.static.szse.cn/disc/disk03/finalpage/2026-04-29/e44b0814-6036-40c4-a477-98173145ea75.PDF,data/raw/000937.SZ/2025/annual_report.pdf,153,明 公司不存在需要披露的重要或有事项。 十五、资产负债表日后事项 1、利润分配情况 拟分配每 10 股派息数(元) 1 拟分配每 10 股分红股(股) 0 拟分配每 10 股转增数(股) 1 经审议批准宣告发,0.94
000937.SZ,冀中能源,2025,Q_S_DIVIDEND_PER_SHARE,0,pending,https://disc.static.szse.cn/disc/disk03/finalpage/2026-04-29/e44b0814-6036-40c4-a477-98173145ea75.PDF,data/raw/000937.SZ/2025/annual_report.pdf,153,分配每 10 股分红股(股) 0 拟分配每 10 股转增数(股) 1 经审议批准宣告发放的每 10 股派息数(元) 0 经审议批准宣告发放的每 10 股分红股(股) 0 经审议批准宣告发放的每 10 股转增数,0.94
000968.SZ,蓝焰控股,2025,Q_S_DIVIDEND_PER_SHARE,0.05,pending,https://disc.static.szse.cn/disc/disk03/finalpage/2026-04-28/e8e58391-9f7d-4e3e-a20f-f91de853f3ff.PDF,data/raw/000968.SZ/2025/annual_report.pdf,43,"报告期利润分配及资本公积金转增股本情况 适用 □不适用 每 10 股送红股数(股) 0 每 10 股派息数(元)(含税) 0.5 分配预案的股本基数(股) 967502660 现金分红金额(元)(含税) 48,375,",0.94
000968.SZ,蓝焰控股,2025,Q_S_DIVIDEND_PER_SHARE,0.05,pending,https://disc.static.szse.cn/disc/disk03/finalpage/2026-04-28/e8e58391-9f7d-4e3e-a20f-f91de853f3ff.PDF,data/raw/000968.SZ/2025/annual_report.pdf,199,3、其他 十七、资产负债表日后事项 1、重要的非调整事项 不适用 2、利润分配情况 拟分配每 10 股派息数(元) 0.5 拟分配每 10 股分红股(股) 0 拟分配每 10 股转增数(股) 0 经审议批准宣告发,0.94
000968.SZ,蓝焰控股,2025,Q_S_DIVIDEND_PER_SHARE,0,pending,https://disc.static.szse.cn/disc/disk03/finalpage/2026-04-28/e8e58391-9f7d-4e3e-a20f-f91de853f3ff.PDF,data/raw/000968.SZ/2025/annual_report.pdf,199,分配每 10 股分红股(股) 0 拟分配每 10 股转增数(股) 0 经审议批准宣告发放的每 10 股派息数(元) 0 利润分配方案 2026 年 4 月 27 日，本公司召开第八届董事会第七次会 议，审议通,0.94
001258.SZ,立新能源,2025,Q_S_DIVIDEND_PER_SHARE,0.03,pending,https://disc.static.szse.cn/disc/disk03/finalpage/2026-04-23/c4de7ed7-ade8-4b19-862a-a453dfedb428.PDF,data/raw/001258.SZ/2025/annual_report.pdf,42,"报告期利润分配及资本公积金转增股本情况 √适用 □不适用 每 10 股送红股数(股) 0 每 10 股派息数(元)(含税) 0.30 分配预案的股本基数(股) 933,333,334 现金分红金额(元)(含税) 28,00",0.94
001258.SZ,立新能源,2025,Q_S_DIVIDEND_PER_SHARE,0.03,pending,https://disc.static.szse.cn/disc/disk03/finalpage/2026-04-23/c4de7ed7-ade8-4b19-862a-a453dfedb428.PDF,data/raw/001258.SZ/2025/annual_report.pdf,143,明 公司不存在需要披露的重要或有事项。 十五、资产负债表日后事项 1、利润分配情况 拟分配每 10 股派息数(元) 0.3 拟分配每 10 股分红股(股) 0 拟分配每 10 股转增数(股) 0 经审议批准宣告发,0.94
001258.SZ,立新能源,2025,Q_S_DIVIDEND_PER_SHARE,0,pending,https://disc.static.szse.cn/disc/disk03/finalpage/2026-04-23/c4de7ed7-ade8-4b19-862a-a453dfedb428.PDF,data/raw/001258.SZ/2025/annual_report.pdf,143,分配每 10 股分红股(股) 0 拟分配每 10 股转增数(股) 0 经审议批准宣告发放的每 10 股派息数(元) 0 经审议批准宣告发放的每 10 股分红股(股) 0 经审议批准宣告发放的每 10 股转增数,0.94
001896.SZ,豫能控股,2025,Q_G_DEBT_ASSET_RATE,86.8,pending,https://disc.static.szse.cn/disc/disk03/finalpage/2026-03-31/29426423-51db-4e0f-91b9-a1a8b18c2613.PDF,data/raw/001896.SZ/2025/annual_report.pdf,66,目 本报告期末 上年末 本报告期末比上年末增减 流动比率 0.47 0.44 6.82% 资产负债率 86.80% 89.02% -2.22% 速动比率 0.40 0.35 14.29% 本报告期 上年同,0.9
001896.SZ,豫能控股,2025,Q_G_DEBT_ASSET_RATE,65,pending,https://disc.static.szse.cn/disc/disk03/finalpage/2026-03-31/29426423-51db-4e0f-91b9-a1a8b18c2613.PDF,data/raw/001896.SZ/2025/annual_report.pdf,133,",000.00 元，到 期日为 2038 年 6 月 4 日，该契约条件要求长垣综合能源的资产负债率不得高于 65%；流动比不得低于 1，测试日为 每年的 12 月 31 日。截至 2025 年 12 月",0.9
001896.SZ,豫能控股,2025,Q_G_DEBT_ASSET_RATE,66.53,pending,https://disc.static.szse.cn/disc/disk03/finalpage/2026-03-31/29426423-51db-4e0f-91b9-a1a8b18c2613.PDF,data/raw/001896.SZ/2025/annual_report.pdf,133,试日为 每年的 12 月 31 日。截至 2025 年 12 月 31 日，长垣综合能源的资产负债率为 66.53%；流动比为 0.68。长垣综合能 源确认，该财务指标约束条款已触发影响公司提款，并可能影响,0.9
001896.SZ,豫能控股,2025,Q_G_DEBT_ASSET_RATE,95,pending,https://disc.static.szse.cn/disc/disk03/finalpage/2026-03-31/29426423-51db-4e0f-91b9-a1a8b18c2613.PDF,data/raw/001896.SZ/2025/annual_report.pdf,133,元，到期日为 2030 年 10 月 12 日，该契约条件要求交易 中心的并购方合并口径资产负债率不大于 95%，测试日为每年的 12 月 31 日。截至 2025 年 12 月 31 日，交易中心的,0.9
001896.SZ,豫能控股,2025,Q_G_DEBT_ASSET_RATE,86.8,pending,https://disc.static.szse.cn/disc/disk03/finalpage/2026-03-31/29426423-51db-4e0f-91b9-a1a8b18c2613.PDF,data/raw/001896.SZ/2025/annual_report.pdf,165,".18 负债总额 27,904,718,864.33 28,144,780,096.26 资产负债率 86.80% 89.02% 2、金融资产 (1) 转移方式分类 ☑适用 □不适用 单位：元 转移方式",0.9
00196.HK,HONGHUA GROUP,2025,Q_S_RD_RATE,5.2,pending,https://www1.hkexnews.hk/listedco/listconews/sehk/2026/0427/2026042703116.pdf,data/raw/hkex_reports/00196.HK/2025/annual_report.pdf,6,"r, an increase of 11.31% over the past year. R&D investment intensity was 5.2%, a year-on-year increase of 0.64 percentage",0.93
00196.HK,HONGHUA GROUP,2025,Q_S_RD_RATE,2.97764743789,pending,https://www1.hkexnews.hk/listedco/listconews/sehk/2026/0427/2026042703116.pdf,data/raw/hkex_reports/00196.HK/2025/annual_report.pdf,75,"English consolidated income statement derived: Research and development expenses 6 (163,572) (150,457) | Revenue 4 5,493,330 5,633,410",0.93
00196.HK,HONGHUA GROUP,2025,Q_S_RD_RATE,5.2,pending,https://www1.hkexnews.hk/listedco/listconews/sehk/2026/0427/2026042703134.pdf,data/raw/hkex_reports/00196.HK/2025/esg_report.pdf,21,"nting a year-on-year increase of 11.67%. The R&D intensity reached 5.2%, up by 0.69 percentage points year-on-year,",0.93
002028.SZ,思源电气,2025,Q_E_WATER_INTENSITY,213.1,pending,https://disc.static.szse.cn/disc/disk03/finalpage/2026-04-18/e5e14a33-220c-4363-950a-cf7a05fec667.PDF,data/raw/002028.SZ/2025/esg_report.pdf,70,Chinese current-first environmental table row: 单位营收取水强度 吨 / 百万元 21.31 23.69 21.69,0.9
002028.SZ,思源电气,2025,Q_E_WATER_INTENSITY,3.5,pending,https://disc.static.szse.cn/disc/disk03/finalpage/2026-04-18/e5e14a33-220c-4363-950a-cf7a05fec667.PDF,data/raw/002028.SZ/2025/esg_report.pdf,70,Chinese current-first environmental table row: 单位营收耗水强度 吨 / 百万元 0.35 0.08 0.10,0.9
002090.SZ,金智科技,2025,Q_S_DIVIDEND_PER_SHARE,0.025,pending,https://disc.static.szse.cn/disc/disk03/finalpage/2026-04-17/da4335ae-ea0c-4a70-9871-ecab8a547187.PDF,data/raw/002090.SZ/2025/annual_report.pdf,50,"报告期利润分配及资本公积金转增股本情况 适用 □不适用 每 10 股送红股数(股) 0 每 10 股派息数(元)(含税) 0.25 分配预案的股本基数(股) 400,577,071 现金分红金额(元)(含税) 10,01",0.94
002090.SZ,金智科技,2025,Q_S_DIVIDEND_PER_SHARE,0.045,pending,https://disc.static.szse.cn/disc/disk03/finalpage/2026-04-17/da4335ae-ea0c-4a70-9871-ecab8a547187.PDF,data/raw/002090.SZ/2025/annual_report.pdf,174,股份有限公司 2025 年年度报告全文 十六、资产负债表日后事项 1、利润分配情况 拟分配每 10 股派息数(元) 0.45 拟分配每 10 股分红股(股) 0 拟分配每 10 股转增数(股) 0 0.45 经审议,0.94
002245.SZ,蔚蓝锂芯,2025,Q_G_ROE,9.77,pending,https://disc.static.szse.cn/disc/disk03/finalpage/2026-04-14/f2df9f6e-7c03-4781-93df-51c9a7e0d2da.PDF,data/raw/002245.SZ/2025/annual_report.pdf,7,222 稀释每股收益(元/ 股) 0.6154 0.4233 45.38% 0.1222 加权平均净资产收益 率 9.77% 7.30% 2.47% 2.20% 2025 年末 2024 年末 本年末比上年末增减,0.92
002245.SZ,蔚蓝锂芯,2025,Q_G_ROE,9.77,pending,https://disc.static.szse.cn/disc/disk03/finalpage/2026-04-14/f2df9f6e-7c03-4781-93df-51c9a7e0d2da.PDF,data/raw/002245.SZ/2025/annual_report.pdf,154,加权平均净资产收益率转置表: 归属于公司普通股股东的净 利润 9.77%,0.94
002245.SZ,蔚蓝锂芯,2025,Q_G_ROE,9.77,pending,https://disc.static.szse.cn/disc/disk03/finalpage/2026-04-14/f2df9f6e-7c03-4781-93df-51c9a7e0d2da.PDF,data/raw/002245.SZ/2025/annual_report.pdf,155,"= D+A/2+ E×F/K-G×H/K ±I×J/K 7,276,947,346.84 加权平均净资产收益率 M=A/L 9.77% 扣除非经常损益加权平均净资产收益率 N=C/L 9.93% (2)基本每股收益和稀释每",0.92
002245.SZ,蔚蓝锂芯,2025,Q_G_ROE,9.93,pending,https://disc.static.szse.cn/disc/disk03/finalpage/2026-04-14/f2df9f6e-7c03-4781-93df-51c9a7e0d2da.PDF,data/raw/002245.SZ/2025/annual_report.pdf,155,"276,947,346.84 加权平均净资产收益率 M=A/L 9.77% 扣除非经常损益加权平均净资产收益率 N=C/L 9.93% (2)基本每股收益和稀释每股收益的计算过程 1)基本每股收益的计算过程 项目 序号 本",0.92
002364.SZ,中恒电气,2025,Q_S_DIVIDEND_PER_SHARE,0.1,pending,https://disc.static.szse.cn/disc/disk03/finalpage/2026-04-21/d0543cb8-6de6-4606-9add-49a587d32b30.PDF,data/raw/002364.SZ/2025/annual_report.pdf,49,"杭州中恒电气股份有限公司 2025 年年度报告全文 每 10 股送红股数(股) 0 每 10 股派息数(元)(含税) 1 分配预案的股本基数(股) 561,760,560 现金分红金额(元)(含税) 56,17",0.94
002364.SZ,中恒电气,2025,Q_S_DIVIDEND_PER_SHARE,0.3,pending,https://disc.static.szse.cn/disc/disk03/finalpage/2026-04-21/d0543cb8-6de6-4606-9add-49a587d32b30.PDF,data/raw/002364.SZ/2025/annual_report.pdf,213,2、利润分配情况 拟分配每 10 股派息数(元) 利润分配方案 3、销售退回 4、其他资产负债表日后事项说明 十八、其他重要事项 1、前期会计差错更正 (1,0.94
002487.SZ,大金重工,2025,Q_S_DIVIDEND_PER_SHARE,0.087,pending,https://disc.static.szse.cn/disc/disk03/finalpage/2026-03-06/6aa612fb-1857-49fb-80ae-34252bd385b7.PDF,data/raw/002487.SZ/2025/annual_report.pdf,40,"报告期利润分配及资本公积金转增股本情况 适用 □不适用 每 10 股送红股数(股) 0 每 10 股派息数(元)(含税) 0.87 分配预案的股本基数(股) 637,749,349 现金分红金额(元)(含税)注1 55,",0.94
002487.SZ,大金重工,2025,Q_S_DIVIDEND_PER_SHARE,1,pending,https://disc.static.szse.cn/disc/disk03/finalpage/2026-03-06/6aa612fb-1857-49fb-80ae-34252bd385b7.PDF,data/raw/002487.SZ/2025/annual_report.pdf,197,大金重工股份有限公司 2025年年度报告全文 2、利润分配情况 拟分配每 10 股派息数(元) 经审议批准宣告发放的每 10 股派息数(元) 利润分配方案 3、销售退回 4、其他资产负债表日后事项说明 十八、其他重,0.94
002616.SZ,长青集团,2025,Q_G_DEBT_ASSET_RATE,73.23,pending,https://disc.static.szse.cn/disc/disk03/finalpage/2026-03-31/6c1bc172-edf2-4c40-b9b4-5ae4e1fe7c88.PDF,data/raw/002616.SZ/2025/annual_report.pdf,2,成功出售了一些发展受限 项目等多种有利因素下，公司的经营性净现金流同比增长 37.13%，资产负债率由去年的 73.23%大幅下降至62.35%。去年，生物质热电业务取得近年最好成绩。 华中、华东区域各项目的平均,0.9
002616.SZ,长青集团,2025,Q_G_DEBT_ASSET_RATE,73.23,pending,https://disc.static.szse.cn/disc/disk03/finalpage/2026-03-31/6c1bc172-edf2-4c40-b9b4-5ae4e1fe7c88.PDF,data/raw/002616.SZ/2025/annual_report.pdf,23,年同期的 0.2920 元增加 11.68%。公司的经营性净现金流同比增长 37.13%，资产负债率由去年的 73.23%大幅下降至 62.35%。 本报告期，公司向社会累计供应清洁电力 34.09 亿度，供应清,0.9
002616.SZ,长青集团,2025,Q_G_DEBT_ASSET_RATE,73.23,pending,https://disc.static.szse.cn/disc/disk03/finalpage/2026-03-31/6c1bc172-edf2-4c40-b9b4-5ae4e1fe7c88.PDF,data/raw/002616.SZ/2025/annual_report.pdf,85,"为 10,506,489,178.26元，负债总额为7,693,493,743.21 元，资产负债率为73.23%；期末资产总额为9,637,714,176.53 元，负债总额为 6,009,340,81",0.9
002616.SZ,长青集团,2025,Q_G_DEBT_ASSET_RATE,62.35,pending,https://disc.static.szse.cn/disc/disk03/finalpage/2026-03-31/6c1bc172-edf2-4c40-b9b4-5ae4e1fe7c88.PDF,data/raw/002616.SZ/2025/annual_report.pdf,85,"额为9,637,714,176.53 元，负债总额为 6,009,340,813.50元，资产负债率为 62.35%。 85",0.9
002616.SZ,长青集团,2025,Q_G_DEBT_ASSET_RATE,62.35,pending,https://disc.static.szse.cn/disc/disk03/finalpage/2026-03-31/6c1bc172-edf2-4c40-b9b4-5ae4e1fe7c88.PDF,data/raw/002616.SZ/2025/annual_report.pdf,93,本报告期末 上年末 本报告期末比上年末增 减 流动比率 1.53 1.33 15.04% 资产负债率 62.35% 73.23% -10.88% 速动比率 1.44 1.24 16.13% 本报告期 上年,0.9
002706.SZ,良信股份,2025,Q_G_ROE,5.45,pending,https://disc.static.szse.cn/disc/disk03/finalpage/2026-04-11/6e5b941a-3c90-4bfa-916d-e46782edd6fa.PDF,data/raw/002706.SZ/2025/annual_report.pdf,8,0.4700 稀释每股收益(元/ 股) 0.24 0.28 -14.29% 0.4500 加权平均净资产收益 率 5.45% 6.31% -0.86% 11.32% 2025 年末 2024 年末 本年末比上年末,0.92
002706.SZ,良信股份,2025,Q_G_ROE,6.29,pending,https://disc.static.szse.cn/disc/disk03/finalpage/2026-04-11/6e5b941a-3c90-4bfa-916d-e46782edd6fa.PDF,data/raw/002706.SZ/2025/annual_report.pdf,205,加权平均净资产收益率转置表: 归属于公司普通股股东的净 利润 6.29%,0.94
002706.SZ,良信股份,2025,Q_S_DIVIDEND_PER_SHARE,0.2,pending,https://disc.static.szse.cn/disc/disk03/finalpage/2026-04-11/6e5b941a-3c90-4bfa-916d-e46782edd6fa.PDF,data/raw/002706.SZ/2025/annual_report.pdf,38,"报告期利润分配及资本公积金转增股本情况 R适用 □不适用 每 10 股送红股数(股) 0 每 10 股派息数(元)(含税) 2.00 分配预案的股本基数(股) 1,098,802,720 现金分红金额(元)(含税) 219",0.94
002706.SZ,良信股份,2025,Q_S_DIVIDEND_PER_SHARE,0.2,pending,https://disc.static.szse.cn/disc/disk03/finalpage/2026-04-11/6e5b941a-3c90-4bfa-916d-e46782edd6fa.PDF,data/raw/002706.SZ/2025/annual_report.pdf,190,项目 内容 对财务状况和经营成果的影 响数 无法估计影响数的原因 2、利润分配情况 拟分配每 10 股派息数(元) 2.00 经审议批准宣告发放的每 10 股派息数(元) 2.20 利润分配方案 公司拟以实施权益分,0.94
002706.SZ,良信股份,2025,Q_S_DIVIDEND_PER_SHARE,0.22,pending,https://disc.static.szse.cn/disc/disk03/finalpage/2026-04-11/6e5b941a-3c90-4bfa-916d-e46782edd6fa.PDF,data/raw/002706.SZ/2025/annual_report.pdf,190,数的原因 2、利润分配情况 拟分配每 10 股派息数(元) 2.00 经审议批准宣告发放的每 10 股派息数(元) 2.20 利润分配方案 公司拟以实施权益分派股权登记日的总股本扣减公司回购 专用证券账户中的股份为,0.94
002812.SZ,恩捷股份,2025,Q_G_DEBT_ASSET_RATE,44.48,pending,https://disc.static.szse.cn/disc/disk03/finalpage/2026-04-23/b3b3b2cc-1912-4850-a013-1db6c99bfd72.PDF,data/raw/002812.SZ/2025/annual_report.pdf,87,"售条件股份为 154,167,328 股，无限售条件股份为 817,111,828 股)，资产负债率为 44.48%。报告期内， “恩捷转债”转股 14,072,680 股，公司回购注销 2022 年股票期",0.9
002812.SZ,恩捷股份,2025,Q_G_DEBT_ASSET_RATE,44.17,pending,https://disc.static.szse.cn/disc/disk03/finalpage/2026-04-23/b3b3b2cc-1912-4850-a013-1db6c99bfd72.PDF,data/raw/002812.SZ/2025/annual_report.pdf,87,"售条件股份为 159,585,899 股，无限售条件股份为 822,634,238 股)，资产负债率为 44.17%。 3、现存的内部职工股情况 □适用 不适用 三、股东和实际控制人情况 1、公司股东数量",0.9
002812.SZ,恩捷股份,2025,Q_G_DEBT_ASSET_RATE,44.17,pending,https://disc.static.szse.cn/disc/disk03/finalpage/2026-04-23/b3b3b2cc-1912-4850-a013-1db6c99bfd72.PDF,data/raw/002812.SZ/2025/annual_report.pdf,93,告期末 上年末 本报告期末比上年末增减 流动比率 1.0541 1.0132 4.04% 资产负债率 44.17% 44.48% -0.31% 速动比率 0.8466 0.6951 21.80% 本报告期,0.9
002882.SZ,金龙羽,2025,Q_S_DIVIDEND_PER_SHARE,0.1,pending,https://disc.static.szse.cn/disc/disk03/finalpage/2026-03-27/c8023ac6-3e17-46bd-8cf0-c28947ead96f.PDF,data/raw/002882.SZ/2025/annual_report.pdf,37,"报告期利润分配及资本公积金转增股本情况 适用 □不适用 每 10 股送红股数(股) 0 每 10 股派息数(元)(含税) 1 分配预案的股本基数(股) 432,900,000 现金分红金额(元)(含税) 43,29",0.94
002882.SZ,金龙羽,2025,Q_S_DIVIDEND_PER_SHARE,0.1,pending,https://disc.static.szse.cn/disc/disk03/finalpage/2026-03-27/c8023ac6-3e17-46bd-8cf0-c28947ead96f.PDF,data/raw/002882.SZ/2025/annual_report.pdf,155,存在需要披露的重要或有事项。 3、其他 十七、资产负债表日后事项 1、利润分配情况 拟分配每 10 股派息数(元) 1 拟分配每 10 股分红股(股) 0 拟分配每 10 股转增数(股) 0 经审议批准宣告发,0.94
002882.SZ,金龙羽,2025,Q_S_DIVIDEND_PER_SHARE,0,pending,https://disc.static.szse.cn/disc/disk03/finalpage/2026-03-27/c8023ac6-3e17-46bd-8cf0-c28947ead96f.PDF,data/raw/002882.SZ/2025/annual_report.pdf,155,分配每 10 股分红股(股) 0 拟分配每 10 股转增数(股) 0 经审议批准宣告发放的每 10 股派息数(元) 0 经审议批准宣告发放的每 10 股分红股(股) 0 经审议批准宣告发放的每 10 股转增数,0.94
002893.SZ,京能热力,2025,Q_S_DIVIDEND_PER_SHARE,0.091,pending,https://disc.static.szse.cn/disc/disk03/finalpage/2026-04-29/232612b7-b24b-4132-ae8c-adf86a213da0.PDF,data/raw/002893.SZ/2025/annual_report.pdf,56,"报告期利润分配及资本公积金转增股本情况 适用 □不适用 每 10 股送红股数(股) 0 每 10 股派息数(元) (含税) 0.91 分配预案的股本基数(股) 263,640,000 现金分红金额(元) (含税) 23,9",0.94
002893.SZ,京能热力,2025,Q_S_DIVIDEND_PER_SHARE,0.091,pending,https://disc.static.szse.cn/disc/disk03/finalpage/2026-04-29/232612b7-b24b-4132-ae8c-adf86a213da0.PDF,data/raw/002893.SZ/2025/annual_report.pdf,185,事项。 3、其他 十七、资产负债表日后事项 1、重要的非调整事项 2、利润分配情况 拟分配每 10 股派息数(元) 0.91 拟分配每 10 股转增数(股) 0 经审议批准宣告发放的每 10 股派息数(元) 0 经,0.94
002893.SZ,京能热力,2025,Q_S_DIVIDEND_PER_SHARE,0,pending,https://disc.static.szse.cn/disc/disk03/finalpage/2026-04-29/232612b7-b24b-4132-ae8c-adf86a213da0.PDF,data/raw/002893.SZ/2025/annual_report.pdf,185,10 股派息数(元) 0.91 拟分配每 10 股转增数(股) 0 经审议批准宣告发放的每 10 股派息数(元) 0 经审议批准宣告发放的每 10 股分红股(股) 0 利润分配方案 2026 年 4 月 2,0.94
002911.SZ,佛燃能源,2025,Q_S_DIVIDEND_PER_SHARE,0.27,pending,https://disc.static.szse.cn/disc/disk03/finalpage/2026-03-25/421ea001-e587-4e69-9c11-4f96f88b41b8.PDF,data/raw/002911.SZ/2025/annual_report.pdf,51,"报告期利润分配及资本公积金转增股本情况 适用 □不适用 每 10 股送红股数(股) 0 每 10 股派息数(元)(含税) 2.7 分配预案的股本基数(股) 1,298,394,217 现金分红金额(元)(含税) 350",0.94
002911.SZ,佛燃能源,2025,Q_S_DIVIDEND_PER_SHARE,0.52,pending,https://disc.static.szse.cn/disc/disk03/finalpage/2026-03-25/421ea001-e587-4e69-9c11-4f96f88b41b8.PDF,data/raw/002911.SZ/2025/annual_report.pdf,232,"亿元，计入其 他权益工具。 1,500,000,000.00 / 2、利润分配情况 拟分配每 10 股派息数(元) 5.20 利润分配方案 1、以公司总股本 1,298,394,217 股为基数，向全体股东每 10",0.94
003021.SZ,兆威机电,2025,Q_G_REVENUE_GROWTH,12.5236755475,pending,https://disc.static.szse.cn/disc/disk03/finalpage/2026-03-31/6df2c5df-7140-4a1f-b246-2cb97c16d228.PDF,data/raw/003021.SZ/2025/annual_report.pdf,7,"营业收入（元） 1,715,534,329.63 1,524,598,553.40 1,524,598,553.40 12.52% 1,205,945,337.11 1,205,945,337.11",0.91
003021.SZ,兆威机电,2025,Q_G_REVENUE_GROWTH,-12.2919145417,pending,https://disc.static.szse.cn/disc/disk03/finalpage/2026-03-31/6df2c5df-7140-4a1f-b246-2cb97c16d228.PDF,data/raw/003021.SZ/2025/annual_report.pdf,9,"营业收入 367,530,437.85 419,038,263.04 468,619,861.13 460,345,767.61",0.91
003021.SZ,兆威机电,2025,Q_G_ROE,7.66,pending,https://disc.static.szse.cn/disc/disk03/finalpage/2026-03-31/6df2c5df-7140-4a1f-b246-2cb97c16d228.PDF,data/raw/003021.SZ/2025/annual_report.pdf,8,主要会计数据加权平均净资产收益率行: 加权平均净资产收 益率 7.66% 7.14% 7.14% 0.52% 5.96% 5.96%,0.94
003021.SZ,兆威机电,2025,Q_G_ROE,7.6,pending,https://disc.static.szse.cn/disc/disk03/finalpage/2026-03-31/6df2c5df-7140-4a1f-b246-2cb97c16d228.PDF,data/raw/003021.SZ/2025/annual_report.pdf,217,加权平均净资产收益率转置表: 归属于公司普通股股东的净利润 7.60%,0.94
003816.SZ,中国广核,2025,Q_S_DIVIDEND_PER_SHARE,0.086,pending,https://disc.static.szse.cn/disc/disk03/finalpage/2026-03-26/9ab2d2e1-0fbc-43a7-98ea-7f8e02043b16.PDF,data/raw/003816.SZ/2025/annual_report.pdf,50,"报告期利润分配及资本公积金转增股本情况 适用 □不适用 每 10 股送红股数(股) 0 每 10 股派息数(元)(含税) 0.86 分配预案的股本基数(股) 50,498,611,100 现金分红金额(元)(含税) 4,",0.94
003816.SZ,中国广核,2025,Q_S_DIVIDEND_PER_SHARE,0,pending,https://disc.static.szse.cn/disc/disk03/finalpage/2026-03-26/9ab2d2e1-0fbc-43a7-98ea-7f8e02043b16.PDF,data/raw/003816.SZ/2025/annual_report.pdf,211,分配每 10 股分红股(股) 0 拟分配每 10 股转增数(股) 0 经审议批准宣告发放的每 10 股派息数(元) 0 经审议批准宣告发放的每 10 股分红股(股) 0 拟分配每 10 股派息数(元) 董事会,0.94
00600.HK,AXERA,2025,Q_E_GHG_INTENSITY,12.5,pending,https://www1.hkexnews.hk/listedco/listconews/sehk/2026/0428/2026042800542.pdf,data/raw/hkex_reports/00600.HK/2025/annual_report.pdf,77,English revenue intensity: Greenhouse gas emission intensity (Scope 1 & Scope 2) tCO2e/revenue of RMB in million 1.25,0.92
00600.HK,AXERA,2025,Q_E_GHG_INTENSITY,7003.1,pending,https://www1.hkexnews.hk/listedco/listconews/sehk/2026/0428/2026042800542.pdf,data/raw/hkex_reports/00600.HK/2025/annual_report.pdf,85,English revenue intensity: Greenhouse gas emission intensity (Scope 1 & Scope 2) tCO2e/revenue of RMB in million 700.31,0.92
01205.HK,CITIC RESOURCES,2025,Q_E_GHG_REDUCTION_RATE,-14.2512699057,pending,https://www1.hkexnews.hk/listedco/listconews/sehk/2026/0429/2026042901100.pdf,data/raw/hkex_reports/01205.HK/2025/esg_report.pdf,33,"English same-scope GHG table derived: Total GHG Emission (Scope 1 and Scope 2) tonnes of CO2e 132,134.21 115,652.29",0.93
01205.HK,CITIC RESOURCES,2025,Q_E_GHG_REDUCTION_RATE,-14.2505783897,pending,https://www1.hkexnews.hk/listedco/listconews/sehk/2026/0429/2026042901100.pdf,data/raw/hkex_reports/01205.HK/2025/esg_report.pdf,64,"English same-scope GHG table derived: Total GHG Emission (Scope 1 and Scope 2) Tonnes of CO2e 132,134.21 115,652.99",0.93
01250.HK,SDHS NEW ENERGY,2025,Q_S_SAFETY_INVEST_RATE,1.77,pending,https://www1.hkexnews.hk/listedco/listconews/sehk/2026/0423/2026042302482.pdf,data/raw/hkex_reports/01250.HK/2025/esg_report.pdf,58,"y education training attendance 10,291 9,020 Proportion of safety production investment38 % / 1.77 Community investment amount RMB10,000 1,406.",0.94
01798.HK,DATANG RENEW,2025,Q_S_SAFETY_INVEST_RATE,4.41,pending,https://www1.hkexnews.hk/listedco/listconews/sehk/2026/0428/2026042802732.pdf,data/raw/hkex_reports/01798.HK/2025/annual_report.pdf,165,"ment RMB10,000 55,147.00 45,698.99 31,692.00 Work safety investment as % of % 4.41 3.63 2.48 revenue Personal protective equipment expenditure RM",0.94
03337.HK,ANTON OILFIELD,2025,Q_E_ALTERNATIVE_WATER_RATE,8.53,pending,https://www1.hkexnews.hk/listedco/listconews/sehk/2026/0429/2026042903319.pdf,data/raw/hkex_reports/03337.HK/2025/esg_report.pdf,24,.12 thousand cubic -28.7% meters/RMB million Proportion of the recycled water consumption 8.53% 2026 Target Water consumption per revenue 11,0.93
03337.HK,ANTON OILFIELD,2025,Q_E_ALTERNATIVE_WATER_RATE,8.53,pending,https://www1.hkexnews.hk/listedco/listconews/sehk/2026/0429/2026042903319.pdf,data/raw/hkex_reports/03337.HK/2025/esg_report.pdf,51,MB million Wastewater discharged per revenue Proportion of the recycled water consumption 8.53 % Total wastewater discharged 10.62 Ten thousa,0.93
03337.HK,ANTON OILFIELD,2025,Q_S_DONATION_RATE,0.03,pending,https://www1.hkexnews.hk/listedco/listconews/sehk/2026/0429/2026042903319.pdf,data/raw/hkex_reports/03337.HK/2025/esg_report.pdf,53,welfare donation amount 181 RMB ten thousand Proportion of donation total in revenue 0.03 % Governance Performance Indicators 2025 Unit,0.94
300037.SZ,新宙邦,2025,Q_S_DIVIDEND_PER_SHARE,0.5,pending,https://disc.static.szse.cn/disc/disk03/finalpage/2026-03-24/9902db8d-1e86-4a42-b85b-d8f0a721ddf9.PDF,data/raw/300037.SZ/2025/annual_report.pdf,61,程等的相关规定。 本年度利润分配及资本公积金转增股本情况 每 10 股送红股数(股) 0 每 10 股派息数(元)(含税) 5 每 10 股转增数(股) 0 61,0.94
300037.SZ,新宙邦,2025,Q_S_DIVIDEND_PER_SHARE,0.5,pending,https://disc.static.szse.cn/disc/disk03/finalpage/2026-03-24/9902db8d-1e86-4a42-b85b-d8f0a721ddf9.PDF,data/raw/300037.SZ/2025/annual_report.pdf,208,、其他 十七、资产负债表日后事项 1、重要的非调整事项 不适用 2、 利润分配情况 拟分配每 10 股派息数(元) 5 拟分配每 10 股分红股(股) 拟分配每 10 股转增数(股) 经审议批准宣告发放的每,0.94
300037.SZ,新宙邦,2025,Q_S_DIVIDEND_PER_SHARE,1,pending,https://disc.static.szse.cn/disc/disk03/finalpage/2026-03-24/9902db8d-1e86-4a42-b85b-d8f0a721ddf9.PDF,data/raw/300037.SZ/2025/annual_report.pdf,208,5 拟分配每 10 股分红股(股) 拟分配每 10 股转增数(股) 经审议批准宣告发放的每 10 股派息数(元) 经审议批准宣告发放的每 10 股分红股(股) 经审议批准宣告发放的每 10 股转增数(股) 利润分配方案 2025 年,0.94
300483.SZ,首华燃气,2025,Q_G_DEBT_ASSET_RATE,30,pending,https://disc.static.szse.cn/disc/disk03/finalpage/2026-03-20/62957663-14a8-4395-b2c5-75dc632fd69b.PDF,data/raw/300483.SZ/2025/annual_report.pdf,19,7.69 亿元， 同比提升 254%；有息负债由年初的约 26 亿元降至 17 亿元，有息资产负债率由 30%降至年末的 20%。 报告期内，公司顺利完成有息负债的利率优化，有序推进可转换债券转股，期,0.9
300483.SZ,首华燃气,2025,Q_G_DEBT_ASSET_RATE,53.2,pending,https://disc.static.szse.cn/disc/disk03/finalpage/2026-03-20/62957663-14a8-4395-b2c5-75dc632fd69b.PDF,data/raw/300483.SZ/2025/annual_report.pdf,98,本报告期末 上年末 本报告期末比上年末增减 流动比率 0.63 0.95 -33.68% 资产负债率 53.20% 58.96% -5.76% 速动比率 0.62 0.95 -34.74% 本报告期 上年,0.9
300763.SZ,锦浪科技,2025,Q_G_DEBT_ASSET_RATE,70,pending,https://disc.static.szse.cn/disc/disk03/finalpage/2026-04-27/5896c519-14d0-4bdc-b47a-1ccc0aa7162a.PDF,data/raw/300763.SZ/2025/annual_report.pdf,102,)公司市场融资功能，满足日常经营的流动资金需求，公司对合并报表范围内的 子(孙)公司，按照资产负债率为 70%以上以及资产负债率低于 70%的两类子(孙)公司分别预计未来十二个月的担保 102,0.9
300763.SZ,锦浪科技,2025,Q_G_DEBT_ASSET_RATE,53.27,pending,https://disc.static.szse.cn/disc/disk03/finalpage/2026-04-27/5896c519-14d0-4bdc-b47a-1ccc0aa7162a.PDF,data/raw/300763.SZ/2025/annual_report.pdf,118,本报告期末 上年末 本报告期末比上年末增减 流动比率 1.17 1.05 11.43% 资产负债率 53.27% 60.48% -7.21% 速动比率 0.72 0.61 18.03% 本报告期 上年同,0.9
300850.SZ,新强联,2025,Q_S_SAFETY_INVEST_RATE,0.36,pending,https://disc.static.szse.cn/disc/disk03/finalpage/2026-03-27/420d57c6-81e7-4f24-aff0-965f82f2988f.PDF,data/raw/300850.SZ/2025/esg_report.pdf,41,Chinese single-year environmental table row: 安全生产投入占营业收入比例 % 0.36,0.9
300850.SZ,新强联,2025,Q_S_SAFETY_INVEST_RATE,0.36,pending,https://disc.static.szse.cn/disc/disk03/finalpage/2026-03-27/420d57c6-81e7-4f24-aff0-965f82f2988f.PDF,data/raw/300850.SZ/2025/esg_report.pdf,47,Chinese single-year environmental table row: 安全生产投入占营业收入比例 % 0.36,0.9
300953.SZ,震裕科技,2025,Q_G_DEBT_ASSET_RATE,73.8,pending,https://disc.static.szse.cn/disc/disk03/finalpage/2026-04-23/7ad61fbf-a95f-4079-9f8f-f78b5dea2779.PDF,data/raw/300953.SZ/2025/annual_report.pdf,92,"期初，公司资产总额 1,142,558.92 万元，负债总额 843,230.94 万元，资产负债率 73.80%；报告期末，公司资 产总额 1,304,269.01 万元，负债总额 859,430.62",0.9
300953.SZ,震裕科技,2025,Q_G_DEBT_ASSET_RATE,65.89,pending,https://disc.static.szse.cn/disc/disk03/finalpage/2026-04-23/7ad61fbf-a95f-4079-9f8f-f78b5dea2779.PDF,data/raw/300953.SZ/2025/annual_report.pdf,92,"末，公司资 产总额 1,304,269.01 万元，负债总额 859,430.62 万元，资产负债率 65.89%。 3、现存的内部职工股情况 □适用 不适用 三、股东和实际控制人情况 1、公司股东数量",0.9
300953.SZ,震裕科技,2025,Q_G_DEBT_ASSET_RATE,65.89,pending,https://disc.static.szse.cn/disc/disk03/finalpage/2026-04-23/7ad61fbf-a95f-4079-9f8f-f78b5dea2779.PDF,data/raw/300953.SZ/2025/annual_report.pdf,101,目 本报告期末 上年末 本报告期末比上年末增减 流动比率 1.14 1.11 2.70% 资产负债率 65.89% 73.80% -7.91% 速动比率 0.95 0.94 1.06% 本报告期 上年同期,0.9
300953.SZ,震裕科技,2025,Q_G_DEBT_ASSET_RATE,65.89,pending,https://disc.static.szse.cn/disc/disk03/finalpage/2026-04-23/7ad61fbf-a95f-4079-9f8f-f78b5dea2779.PDF,data/raw/300953.SZ/2025/annual_report.pdf,219,负债除以总资产)为基础对资本结构进行监控。 于 2025 年 12 月 31 日，本公司的资产负债率为 65.89%(2024 年 12 月 31 日：73.80%)。 2、套期 (1) 公司开展套期业务进,0.9
301002.SZ,崧盛股份,2025,Q_G_DEBT_ASSET_RATE,30,pending,https://disc.static.szse.cn/disc/disk03/finalpage/2026-04-25/a65cd9ee-6f34-48a2-b196-b2cd930c72d8.PDF,data/raw/301002.SZ/2025/annual_report.pdf,13,公司财务费用负担，减少公司长期负债，优化公司资产负债率，截至 2026 年 3 月底，公司资产负债率已达到约 30%，远 低于行业平均水平，资产负债率的降低及财务费用的远期改善展望，将有助于公司更加稳健的运,0.9
301002.SZ,崧盛股份,2025,Q_G_DEBT_ASSET_RATE,49.51,pending,https://disc.static.szse.cn/disc/disk03/finalpage/2026-04-25/a65cd9ee-6f34-48a2-b196-b2cd930c72d8.PDF,data/raw/301002.SZ/2025/annual_report.pdf,81,本报告期末 上年末 本报告期末比上年末增减 流动比率 1.86 2.14 -13.08% 资产负债率 49.51% 49.26% 0.25% 速动比率 1.53 1.79 -14.53% 本报告期 上年同,0.9
301157.SZ,华塑科技,2025,Q_S_DIVIDEND_PER_SHARE,0.15,pending,https://disc.static.szse.cn/disc/disk03/finalpage/2026-04-28/2bb16132-6e78-4b3a-be69-a1863fce4ef5.PDF,data/raw/301157.SZ/2025/annual_report.pdf,64,"程等的相关规定。 本年度利润分配及资本公积金转增股本情况 每 10 股送红股数(股) 0 每 10 股派息数(元)(含税) 1.5 每 10 股转增数(股) 0 分配预案的股本基数(股) 60,000,000 现金分红金",0.94
301157.SZ,华塑科技,2025,Q_S_DIVIDEND_PER_SHARE,1,pending,https://disc.static.szse.cn/disc/disk03/finalpage/2026-04-28/2bb16132-6e78-4b3a-be69-a1863fce4ef5.PDF,data/raw/301157.SZ/2025/annual_report.pdf,244,其他 十七、资产负债表日后事项 1、重要的非调整事项 项目 内容 2、利润分配情况 拟分配每 10 股派息数(元) 经审议批准宣告发放的每 10 股派息数(元) 利润分配方案 3、销售退回 4、其他资产负债表日后事项说明 十八、其他重,0.94
301278.SZ,快可电子,2025,Q_S_DIVIDEND_PER_SHARE,0.04,pending,https://disc.static.szse.cn/disc/disk03/finalpage/2026-04-29/dd3e5270-426e-4925-8ea3-f2ed6658376d.PDF,data/raw/301278.SZ/2025/annual_report.pdf,45,"程等的相关规定。 本年度利润分配及资本公积金转增股本情况 每 10 股送红股数(股) 0 每 10 股派息数(元)(含税) 0.4 每 10 股转增数(股) 0 分配预案的股本基数(股) 89,708,143 现金分红金",0.94
301278.SZ,快可电子,2025,Q_S_DIVIDEND_PER_SHARE,0.04,pending,https://disc.static.szse.cn/disc/disk03/finalpage/2026-04-29/dd3e5270-426e-4925-8ea3-f2ed6658376d.PDF,data/raw/301278.SZ/2025/annual_report.pdf,195,不适用 十七、资产负债表日后事项 1、重要的非调整事项 不适用 2、利润分配情况 拟分配每 10 股派息数(元) 0.4 拟分配每 10 股分红股(股) 0 拟分配每 10 股转增数(股) 0 经审议批准宣告发,0.94
301278.SZ,快可电子,2025,Q_S_DIVIDEND_PER_SHARE,0.55,pending,https://disc.static.szse.cn/disc/disk03/finalpage/2026-04-29/dd3e5270-426e-4925-8ea3-f2ed6658376d.PDF,data/raw/301278.SZ/2025/annual_report.pdf,195,分配每 10 股分红股(股) 0 拟分配每 10 股转增数(股) 0 经审议批准宣告发放的每 10 股派息数(元) 5.5 经审议批准宣告发放的每 10 股分红股(股) 0 经审议批准宣告发放的每 10 股转增数,0.94
301386.SZ,未来电器,2025,Q_S_DIVIDEND_PER_SHARE,0.5,pending,https://disc.static.szse.cn/disc/disk03/finalpage/2026-04-24/312e3e3e-a69e-4651-9baa-4cef44d9a873.pdf,data/raw/301386.SZ/2025/annual_report.pdf,32,"程等的相关规定。 本年度利润分配及资本公积金转增股本情况 每 10 股送红股数(股) 0 每 10 股派息数(元)(含税) 5 每 10 股转增数(股) 0 分配预案的股本基数(股) 140,000,000 现金分红",0.94
301386.SZ,未来电器,2025,Q_S_DIVIDEND_PER_SHARE,0.5,pending,https://disc.static.szse.cn/disc/disk03/finalpage/2026-04-24/312e3e3e-a69e-4651-9baa-4cef44d9a873.pdf,data/raw/301386.SZ/2025/annual_report.pdf,135,项目 内容 对财务状况和经营成果的 影响数 无法估计影响数的原因 2、利润分配情况 拟分配每 10 股派息数(元) 5 拟分配每 10 股分红股(股) 0 拟分配每 10 股转增数(股) 0 经审议批准宣告发,0.94
301386.SZ,未来电器,2025,Q_S_DIVIDEND_PER_SHARE,0,pending,https://disc.static.szse.cn/disc/disk03/finalpage/2026-04-24/312e3e3e-a69e-4651-9baa-4cef44d9a873.pdf,data/raw/301386.SZ/2025/annual_report.pdf,135,分配每 10 股分红股(股) 0 拟分配每 10 股转增数(股) 0 经审议批准宣告发放的每 10 股派息数(元) 0 经审议批准宣告发放的每 10 股分红股(股) 0 经审议批准宣告发放的每 10 股转增数,0.94
301439.SZ,泓淋电力,2025,Q_S_DIVIDEND_PER_SHARE,0.2,pending,https://disc.static.szse.cn/disc/disk03/finalpage/2026-04-28/ec348018-231a-4ced-ac70-b15aa00279a0.PDF,data/raw/301439.SZ/2025/annual_report.pdf,52,"程等的相关规定。 本年度利润分配及资本公积金转增股本情况 每 10 股送红股数(股) 0 每 10 股派息数(元)(含税) 2.00 每 10 股转增数(股) 0 分配预案的股本基数(股) 389,101,809.00 现",0.94
301439.SZ,泓淋电力,2025,Q_S_DIVIDEND_PER_SHARE,0.2,pending,https://disc.static.szse.cn/disc/disk03/finalpage/2026-04-28/ec348018-231a-4ced-ac70-b15aa00279a0.PDF,data/raw/301439.SZ/2025/annual_report.pdf,209,威海市泓淋电力技术股份有限公司 2025 年年度报告全文 2、利润分配情况 拟分配每 10 股派息数(元) 2 拟分配每 10 股分红股(股) 0 拟分配每 10 股转增数(股) 0 经审议批准宣告发,0.94
301439.SZ,泓淋电力,2025,Q_S_DIVIDEND_PER_SHARE,0,pending,https://disc.static.szse.cn/disc/disk03/finalpage/2026-04-28/ec348018-231a-4ced-ac70-b15aa00279a0.PDF,data/raw/301439.SZ/2025/annual_report.pdf,209,分配每 10 股分红股(股) 0 拟分配每 10 股转增数(股) 0 经审议批准宣告发放的每 10 股派息数(元) 0 经审议批准宣告发放的每 10 股分红股(股) 0 经审议批准宣告发放的每 10 股转增数,0.94
600027.SH,华电国际,2025,Q_G_REVENUE_GROWTH,-10.9465631638,pending,https://www.sse.com.cn/disclosure/listedinfo/announcement/c/new/2026-03-27/600027_20260327_VSUM.pdf,data/raw/600027.SH/2025/annual_report.pdf,8,"营业收入 126,012,591 141,502,221 112,993,979",0.91
600027.SH,华电国际,2025,Q_G_REVENUE_GROWTH,27.9078394115,pending,https://www.sse.com.cn/disclosure/listedinfo/announcement/c/new/2026-03-27/600027_20260327_VSUM.pdf,data/raw/600027.SH/2025/annual_report.pdf,10,"营业收入 33,646,986 26,305,648 35,919,631 30,140,326",0.91
600028.SH,中国石化,2025,Q_G_DEBT_ASSET_RATE,54.08,pending,https://www.sse.com.cn/disclosure/listedinfo/announcement/c/new/2026-03-23/600028_20260323_J1IG.pdf,data/raw/600028.SH/2025/annual_report.pdf,85,资产负债率 54.08% 53.17% 0.91 个百分点 本期公司发行中期 票据和科技创新债 券等低成本融资债,0.9
600028.SH,中国石化,2025,Q_G_DEBT_ASSET_RATE,22.1,pending,https://www.sse.com.cn/disclosure/listedinfo/announcement/c/new/2026-03-23/600028_20260323_J1IG.pdf,data/raw/600028.SH/2025/annual_report.pdf,141,的债务资本率和资产负债率维持在合理的范围内。于2025年12月31日，本集团的债务资本率和资产负债率分别为22.1%(2024年12月 31 日：20.4%)和54.1%(2024年12月31日：53.2%,0.9
600028.SH,中国石化,2025,Q_G_DEBT_ASSET_RATE,22.1,pending,https://www.sse.com.cn/disclosure/listedinfo/announcement/c/new/2026-03-23/600028_20260323_J1IG.pdf,data/raw/600028.SH/2025/annual_report.pdf,211,债务资本率和资产负债率维持在合理的范围内。于2025年12月31日，本集团的债务资本率和 资产负债率分别为22.1%(2024年：20.5%)和54.2%(2024年：53.3%)。 合同项下的借款及承诺事,0.9
600089.SH,特变电工,2025,Q_E_WATER_INTENSITY,2813.5,pending,https://www.sse.com.cn/disclosure/listedinfo/announcement/c/new/2026-04-16/600089_20260416_4PXZ.pdf,data/raw/600089.SH/2025/esg_report.pdf,64,Chinese current-first environmental table row: 取水强度 立方米/百万元 281.35 285.52 /,0.9
600089.SH,特变电工,2025,Q_E_WATER_INTENSITY,1892.1,pending,https://www.sse.com.cn/disclosure/listedinfo/announcement/c/new/2026-04-16/600089_20260416_4PXZ.pdf,data/raw/600089.SH/2025/esg_report.pdf,64,Chinese current-first environmental table row: 耗水强度 吨/百万元 189.21 / /,0.9
600101.SH,明星电力,2025,Q_G_REVENUE_GROWTH,6.29321069215,pending,https://www.sse.com.cn/disclosure/listedinfo/announcement/c/new/2026-03-27/600101_20260327_7MA5.pdf,data/raw/600101.SH/2025/annual_report.pdf,7,"营业收入 3,021,200,133.31 2,842,326,535.85 6.29 2,666,271,867.00",0.91
600101.SH,明星电力,2025,Q_G_REVENUE_GROWTH,4.03027566853,pending,https://www.sse.com.cn/disclosure/listedinfo/announcement/c/new/2026-03-27/600101_20260327_7MA5.pdf,data/raw/600101.SH/2025/annual_report.pdf,9,"营业收入 776,971,780.58 746,870,827.35 806,915,345.82 690,442,179.56",0.91
600116.SH,三峡水利,2025,Q_G_REVENUE_GROWTH,-1.44077950749,pending,https://www.sse.com.cn/disclosure/listedinfo/announcement/c/new/2026-04-23/600116_20260423_UG1L.pdf,data/raw/600116.SH/2025/annual_report.pdf,9,"营业收入 10,172,907,704.50 10,321,619,482.85 -1.44 11,176,830,262.42",0.91
600116.SH,三峡水利,2025,Q_G_REVENUE_GROWTH,-13.4698161799,pending,https://www.sse.com.cn/disclosure/listedinfo/announcement/c/new/2026-04-23/600116_20260423_UG1L.pdf,data/raw/600116.SH/2025/annual_report.pdf,10,"营业收入 2,271,372,253.80 2,624,947,912.42 2,714,420,135.50 2,562,167,402.78",0.91
600151.SH,航天机电,2025,Q_G_REVENUE_GROWTH,-32.5992731327,pending,https://www.sse.com.cn/disclosure/listedinfo/announcement/c/new/2026-03-27/600151_20260327_3XSB.pdf,data/raw/600151.SH/2025/annual_report.pdf,5,"营业收入 3,605,017,439.05 5,348,632,880.69 -32.60 9,225,617,228.94 扣除与主营业务无关的业务 收入和不具备商业实质的收 入后的营业收入 3,460,492,913.99 5,183,510,622.29 -33.24 9,075,439,129.27",0.91
600151.SH,航天机电,2025,Q_G_REVENUE_GROWTH,1.42796132038,pending,https://www.sse.com.cn/disclosure/listedinfo/announcement/c/new/2026-03-27/600151_20260327_3XSB.pdf,data/raw/600151.SH/2025/annual_report.pdf,6,"营业收入 915,770,168.28 902,877,427.84 833,628,764.89 952,741,078.04",0.91
600167.SH,联美控股,2025,Q_G_REVENUE_GROWTH,-7.70159758308,pending,https://www.sse.com.cn/disclosure/listedinfo/announcement/c/new/2026-04-29/600167_20260429_S3TO.pdf,data/raw/600167.SH/2025/annual_report.pdf,6,"营业收入 3,239,141,159.70 3,509,422,779.68 -7.70 3,411,556,338.33",0.91
600167.SH,联美控股,2025,Q_G_REVENUE_GROWTH,750.610167167,pending,https://www.sse.com.cn/disclosure/listedinfo/announcement/c/new/2026-04-29/600167_20260429_S3TO.pdf,data/raw/600167.SH/2025/annual_report.pdf,7,"营业收入 1,698,416,238.80 199,670,343.05 257,479,313.42 1,083,575,264.43",0.91
600188.SH,兖矿能源,2025,Q_G_REVENUE_GROWTH,-7.49290103561,pending,https://www.sse.com.cn/disclosure/listedinfo/announcement/c/new/2026-03-28/600188_20260328_R5TM.pdf,data/raw/600188.SH/2025/annual_report.pdf,9,"营业收入 144,932,859 156,672,148 139,124,434 -7.49 165,998,036 150,067,937",0.91
600188.SH,兖矿能源,2025,Q_G_REVENUE_GROWTH,3.01010909903,pending,https://www.sse.com.cn/disclosure/listedinfo/announcement/c/new/2026-03-28/600188_20260328_R5TM.pdf,data/raw/600188.SH/2025/annual_report.pdf,11,"营业收入 33,966,917 32,974,353 38,603,818 39,387,771",0.91
600207.SH,安彩高科,2025,Q_E_WASTEWATER_INTENSITY,2400.8,pending,https://www.sse.com.cn/disclosure/listedinfo/announcement/c/new/2026-04-18/600207_20260418_OEBF.pdf,data/raw/600207.SH/2025/esg_report.pdf,22,Chinese single-year environmental table row: 废水排放强度 吨 / 百万元 240.08,0.9
600207.SH,安彩高科,2025,Q_G_REVENUE_GROWTH,-32.7284073232,pending,https://www.sse.com.cn/disclosure/listedinfo/announcement/c/new/2026-04-18/600207_20260418_1X75.pdf,data/raw/600207.SH/2025/annual_report.pdf,5,"营业收入 291,917.69 433,939.02 433,939.02 -32.73 519,815.36 519,626.11 扣除与主营业务无关的业 务收入和不具备商业实质 的收入后的营业收入 288,973.15 431,580.56 431,580.56 515,710.16 515,520.91",0.91
600207.SH,安彩高科,2025,Q_G_REVENUE_GROWTH,38.6968733094,pending,https://www.sse.com.cn/disclosure/listedinfo/announcement/c/new/2026-04-18/600207_20260418_1X75.pdf,data/raw/600207.SH/2025/annual_report.pdf,6,"营业收入 101,214.82 72,975.56 71,401.36 46,325.95",0.91
600236.SH,桂冠电力,2025,Q_G_REVENUE_GROWTH,8.2780514347,pending,https://www.sse.com.cn/disclosure/listedinfo/announcement/c/new/2026-03-31/600236_20260331_HG2A.pdf,data/raw/600236.SH/2025/annual_report.pdf,6,"营业收入 10,392,934,752.84 9,598,376,231.50 8.28 8,091,005,363.59",0.91
600236.SH,桂冠电力,2025,Q_G_REVENUE_GROWTH,-11.9741355996,pending,https://www.sse.com.cn/disclosure/listedinfo/announcement/c/new/2026-03-31/600236_20260331_HG2A.pdf,data/raw/600236.SH/2025/annual_report.pdf,8,"营业收入 1,945,010,441.48 2,209,589,709.49 3,180,879,183.67 3,057,455,418.20",0.91
600236.SH,桂冠电力,2025,Q_S_ENV_INVEST_RATE,0.26,pending,https://www.sse.com.cn/disclosure/listedinfo/announcement/c/new/2026-03-31/600236_20260331_TYBB.pdf,data/raw/600236.SH/2025/esg_report.pdf,62,Chinese current-first environmental table row: 环保总投入占营业收入比例 % 0.26 0.39,0.9
600241.SH,时代万恒,2025,Q_G_REVENUE_GROWTH,-4.3944084592,pending,https://www.sse.com.cn/disclosure/listedinfo/announcement/c/new/2026-04-09/600241_20260409_OLEA.pdf,data/raw/600241.SH/2025/annual_report.pdf,6,"营业收入 383,265,877.27 400,882,282.19 -4.39 653,883,738.82 扣除与主营业务无关的业务收 入和不具备商业实质的收入后 的营业收入 377,523,209.20 397,166,842.20 -4.95 646,895,366.08",0.91
600241.SH,时代万恒,2025,Q_G_REVENUE_GROWTH,-8.31296268117,pending,https://www.sse.com.cn/disclosure/listedinfo/announcement/c/new/2026-04-09/600241_20260409_OLEA.pdf,data/raw/600241.SH/2025/annual_report.pdf,7,"营业收入 85,538,450.29 93,293,940.77 100,825,191.52 103,608,294.69",0.91
600312.SH,平高电气,2025,Q_G_REVENUE_GROWTH,0.929882884996,pending,https://www.sse.com.cn/disclosure/listedinfo/announcement/c/new/2026-04-11/600312_20260411_0SNQ.pdf,data/raw/600312.SH/2025/annual_report.pdf,6,"营业收入 12,516,931,784.56 12,401,611,323.40 0.93 11,077,000,052.98",0.91
600312.SH,平高电气,2025,Q_G_REVENUE_GROWTH,-21.1886953587,pending,https://www.sse.com.cn/disclosure/listedinfo/announcement/c/new/2026-04-11/600312_20260411_0SNQ.pdf,data/raw/600312.SH/2025/annual_report.pdf,7,"营业收入 2,510,326,371.56 3,185,236,411.18 2,739,996,668.61 4,081,372,333.21",0.91
600379.SH,宝光股份,2025,Q_G_REVENUE_GROWTH,-13.8756523536,pending,https://www.sse.com.cn/disclosure/listedinfo/announcement/c/new/2026-04-11/600379_20260411_H9EB.pdf,data/raw/600379.SH/2025/annual_report.pdf,6,"营业收入 1,261,031,562.50 1,464,198,681.28 -13.88 1,349,419,062.39",0.91
600379.SH,宝光股份,2025,Q_G_REVENUE_GROWTH,-0.446103284783,pending,https://www.sse.com.cn/disclosure/listedinfo/announcement/c/new/2026-04-11/600379_20260411_H9EB.pdf,data/raw/600379.SH/2025/annual_report.pdf,7,"营业收入 318,834,978.46 320,263,685.28 313,462,830.51 308,470,068.25",0.91
600379.SH,宝光股份,2025,Q_G_ROE,6.7057,pending,https://www.sse.com.cn/disclosure/listedinfo/announcement/c/new/2026-04-11/600379_20260411_H9EB.pdf,data/raw/600379.SH/2025/annual_report.pdf,7,陕西宝光真空电器股份有限公司2025 年年度报告 收益(元／股) 加权平均净资产收益率(%) 6.7057 12.3971 减少 5.6914 个百分点 10.4467 扣除非经常性损益后的加权平,0.92
600379.SH,宝光股份,2025,Q_G_ROE,6.7,pending,https://www.sse.com.cn/disclosure/listedinfo/announcement/c/new/2026-04-11/600379_20260411_H9EB.pdf,data/raw/600379.SH/2025/annual_report.pdf,14,于上市公司股 东的净资产 7.78 亿元，同比增长 3.37%；资产负债率 60.92%；加权平均净资产收益率 6.7%，减少 5.69 个百分点。 (一) 主营业务分析 1、 利润表及现金流量表相关科目变动,0.92
600416.SH,湘电股份,2025,Q_G_REVENUE_GROWTH,3.97199158346,pending,https://www.sse.com.cn/disclosure/listedinfo/announcement/c/new/2026-04-10/600416_20260410_6NBL.pdf,data/raw/600416.SH/2025/annual_report.pdf,6,"营业收入 4,887,945,945.58 4,701,214,116.55 3.97 4,563,356,433.95",0.91
600416.SH,湘电股份,2025,Q_G_REVENUE_GROWTH,-9.39495855228,pending,https://www.sse.com.cn/disclosure/listedinfo/announcement/c/new/2026-04-10/600416_20260410_6NBL.pdf,data/raw/600416.SH/2025/annual_report.pdf,7,"营业收入 1,209,341,778.24 1,334,740,053.00 1,146,801,616.89 1,197,062,497.45",0.91
600458.SH,时代新材,2025,Q_G_REVENUE_GROWTH,7.05827263868,pending,https://www.sse.com.cn/disclosure/listedinfo/announcement/c/new/2026-03-28/600458_20260328_QCOJ.pdf,data/raw/600458.SH/2025/annual_report.pdf,6,"营业收入 2,147,054.45 2,005,500.74 7.06 1,753,786.71",0.91
600458.SH,时代新材,2025,Q_G_REVENUE_GROWTH,-18.4250751703,pending,https://www.sse.com.cn/disclosure/listedinfo/announcement/c/new/2026-03-28/600458_20260328_QCOJ.pdf,data/raw/600458.SH/2025/annual_report.pdf,7,"营业收入 415,841.06 509,765.79 569,333.12 652,114.48",0.91
600468.SH,百利电气,2025,Q_G_REVENUE_GROWTH,12.9734655395,pending,https://www.sse.com.cn/disclosure/listedinfo/announcement/c/new/2026-04-22/600468_20260422_YTDU.pdf,data/raw/600468.SH/2025/annual_report.pdf,5,"营业收入 2,216,620,805.06 1,962,072,062.21 12.97 2,035,246,720.15",0.91
600468.SH,百利电气,2025,Q_G_REVENUE_GROWTH,-7.32396067032,pending,https://www.sse.com.cn/disclosure/listedinfo/announcement/c/new/2026-04-22/600468_20260422_YTDU.pdf,data/raw/600468.SH/2025/annual_report.pdf,6,"营业收入 495,374,881.56 534,523,146.59 596,185,910.50 590,536,866.41",0.91
600505.SH,西昌电力,2025,Q_G_REVENUE_GROWTH,3.94378748089,pending,https://www.sse.com.cn/disclosure/listedinfo/announcement/c/new/2026-04-23/600505_20260423_O56I.pdf,data/raw/600505.SH/2025/annual_report.pdf,6,"营业收入 1,511,498,037.09 1,454,149,472.25 3.94 1,404,637,745.37 扣除与主营业务无关 的业务收入和不具备 商业实质的收入后的 营业收入 1,499,155,605.03 1,446,692,754.29 3.63 1,396,385,998.31",0.91
600505.SH,西昌电力,2025,Q_G_REVENUE_GROWTH,13.6193253706,pending,https://www.sse.com.cn/disclosure/listedinfo/announcement/c/new/2026-04-23/600505_20260423_O56I.pdf,data/raw/600505.SH/2025/annual_report.pdf,7,"营业收入 386,735,441.84 340,378,224.02 420,014,573.58 364,369,797.65",0.91
600508.SH,上海能源,2025,Q_S_RD_RATE,4.12,pending,https://www.sse.com.cn/disclosure/listedinfo/announcement/c/new/2026-03-28/600508_20260328_BPQ5.pdf,data/raw/600508.SH/2025/annual_report.pdf,9,核 A 级、环保考核第一梯队。科技创新工作取得丰硕成果。完成科技研发投入 3.18 亿元，研发投入强度 4.12%。获省部级、行业级科技奖 24 项，1 项成果获得江苏省科学技术奖二 等奖，8 项成果达到,0.82
600577.SH,精达股份,2025,Q_G_REVENUE_GROWTH,10.5323414473,pending,https://www.sse.com.cn/disclosure/listedinfo/announcement/c/new/2026-03-31/600577_20260331_23PP.pdf,data/raw/600577.SH/2025/annual_report.pdf,7,"营业收入 24,673,670,269.16 22,322,579,930.98 10.53 17,905,865,235.94",0.91
600577.SH,精达股份,2025,Q_G_REVENUE_GROWTH,-12.6601420471,pending,https://www.sse.com.cn/disclosure/listedinfo/announcement/c/new/2026-03-31/600577_20260331_23PP.pdf,data/raw/600577.SH/2025/annual_report.pdf,8,"营业收入 5,527,240,329.76 6,328,428,347.96 5,920,668,855.25 6,897,332,736.19",0.91
600642.SH,申能股份,2025,Q_G_REVENUE_GROWTH,-5.36801213262,pending,https://www.sse.com.cn/disclosure/listedinfo/announcement/c/new/2026-04-27/600642_20260427_ICB0.pdf,data/raw/600642.SH/2025/annual_report.pdf,6,"营业收入 28,029,356,985.68 29,619,325,998.90 -5.37 29,141,612,184.37",0.91
600642.SH,申能股份,2025,Q_G_REVENUE_GROWTH,30.5488739643,pending,https://www.sse.com.cn/disclosure/listedinfo/announcement/c/new/2026-04-27/600642_20260427_ICB0.pdf,data/raw/600642.SH/2025/annual_report.pdf,7,"营业收入 7,337,459,968.16 5,620,469,748.49 7,973,983,837.08 7,097,443,431.95",0.91
600644.SH,乐山电力,2025,Q_G_REVENUE_GROWTH,6.24241048601,pending,https://www.sse.com.cn/disclosure/listedinfo/announcement/c/new/2026-04-18/600644_20260418_TGU7.pdf,data/raw/600644.SH/2025/annual_report.pdf,7,"营业收入 3,395,072,255.93 3,195,590,386.55 6.24 2,985,589,147.61",0.91
600644.SH,乐山电力,2025,Q_G_REVENUE_GROWTH,7.40619449437,pending,https://www.sse.com.cn/disclosure/listedinfo/announcement/c/new/2026-04-18/600644_20260418_TGU7.pdf,data/raw/600644.SH/2025/annual_report.pdf,8,"营业收入 840,680,254.18 782,711,144.49 776,018,651.19 995,662,206.07",0.91
600674.SH,川投能源,2025,Q_G_REVENUE_GROWTH,3.64655681604,pending,https://www.sse.com.cn/disclosure/listedinfo/announcement/c/new/2026-04-18/600674_20260418_SNNY.pdf,data/raw/600674.SH/2025/annual_report.pdf,7,"营业收入 1,667,654,821.96 1,608,982,365.83 3.65 1,482,358,644.40",0.91
600674.SH,川投能源,2025,Q_G_REVENUE_GROWTH,4.64746120207,pending,https://www.sse.com.cn/disclosure/listedinfo/announcement/c/new/2026-04-18/600674_20260418_SNNY.pdf,data/raw/600674.SH/2025/annual_report.pdf,8,"营业收入 363,978,685.86 347,814,157.82 428,502,665.99 527,359,312.29",0.91
600681.SH,百川能源,2025,Q_G_REVENUE_GROWTH,2.25227090965,pending,https://www.sse.com.cn/disclosure/listedinfo/announcement/c/new/2026-04-29/600681_20260429_350L.pdf,data/raw/600681.SH/2025/annual_report.pdf,5,"营业收入 5,205,361,285.72 5,090,704,821.92 2.25 5,223,303,178.65",0.91
600681.SH,百川能源,2025,Q_G_REVENUE_GROWTH,144.573490338,pending,https://www.sse.com.cn/disclosure/listedinfo/announcement/c/new/2026-04-29/600681_20260429_350L.pdf,data/raw/600681.SH/2025/annual_report.pdf,6,"营业收入 2,064,343,869.88 844,058,719.13 780,084,967.62 1,516,873,729.09",0.91
600688.SH,上海石化,2025,Q_G_DEBT_ASSET_RATE,41.67,pending,https://www.sse.com.cn/disclosure/listedinfo/announcement/c/new/2026-03-19/600688_20260319_YDIX.pdf,data/raw/600688.SH/2025/annual_report.pdf,18,发股利的能力并无限制。 (2) 资产负债率 于 2025 年 12 月 31 日，本集团的资产负债率为 41.67%(2024 年：39.71%)。资产负债率的 计算方法为：总负债/总资产*100%。 3.,0.9
600688.SH,上海石化,2025,Q_G_DEBT_ASSET_RATE,100,pending,https://www.sse.com.cn/disclosure/listedinfo/announcement/c/new/2026-03-19/600688_20260319_YDIX.pdf,data/raw/600688.SH/2025/annual_report.pdf,18,年 12 月 31 日，本集团的资产负债率为 41.67%(2024 年：39.71%)。资产负债率的 计算方法为：总负债/总资产*100%。 3.2.C 研究与开发、专利及许可 研究开发费指公司研究开发或委托开发新产品、新技术、,0.9
600725.SH,云维股份,2025,Q_G_REVENUE_GROWTH,-27.6514846828,pending,https://www.sse.com.cn/disclosure/listedinfo/announcement/c/new/2026-04-29/600725_20260429_FVLQ.pdf,data/raw/600725.SH/2025/annual_report.pdf,6,"营业收入 548,792,540.77 758,540,155.75 -27.65 882,401,011.96 898,476,440.44",0.91
600725.SH,云维股份,2025,Q_G_REVENUE_GROWTH,-15.8267394573,pending,https://www.sse.com.cn/disclosure/listedinfo/announcement/c/new/2026-04-29/600725_20260429_FVLQ.pdf,data/raw/600725.SH/2025/annual_report.pdf,7,"营业收入 149,271,957.16 177,338,927.11 116,125,411.48 106,056,245.02",0.91
600726.SH,华电能源,2025,Q_G_REVENUE_GROWTH,-8.22278956441,pending,https://www.sse.com.cn/disclosure/listedinfo/announcement/c/new/2026-04-23/600726_20260423_UOPF.pdf,data/raw/600726.SH/2025/annual_report.pdf,14,"营业收入 16,658,322,009.29 18,150,826,256.57 -8.22 18,844,346,919.34",0.91
600726.SH,华电能源,2025,Q_G_REVENUE_GROWTH,64.8521784817,pending,https://www.sse.com.cn/disclosure/listedinfo/announcement/c/new/2026-04-23/600726_20260423_UOPF.pdf,data/raw/600726.SH/2025/annual_report.pdf,15,"营业收入 5,156,522,446.07 3,127,967,427.28 3,490,288,067.47 4,883,544,068.47",0.91
600758.SH,辽宁能源,2025,Q_G_REVENUE_GROWTH,-15.1284810727,pending,https://www.sse.com.cn/disclosure/listedinfo/announcement/c/new/2026-04-23/600758_20260423_OTCO.pdf,data/raw/600758.SH/2025/annual_report.pdf,5,"营业收入 4,690,132,386.73 5,526,155,824.72 -15.13 5,596,133,535.46 扣除与主营业务无关的业务收入 和不具备商业实质的收入后的营 业收入 4,681,001,746.52 5,515,428,882.26 -15.13 5,588,908,300.45",0.91
600758.SH,辽宁能源,2025,Q_G_REVENUE_GROWTH,60.9292509014,pending,https://www.sse.com.cn/disclosure/listedinfo/announcement/c/new/2026-04-23/600758_20260423_OTCO.pdf,data/raw/600758.SH/2025/annual_report.pdf,6,"营业收入 1,486,266,464.69 923,552,714.23 1,012,852,815.70 1,267,460,392.11",0.91
600780.SH,通宝能源,2025,Q_G_REVENUE_GROWTH,4.02306115706,pending,https://www.sse.com.cn/disclosure/listedinfo/announcement/c/new/2026-04-25/600780_20260425_2QGG.pdf,data/raw/600780.SH/2025/annual_report.pdf,6,"营业收入 11,264,300,694.30 10,828,657,192.94 4.02 10,886,732,011.41",0.91
600780.SH,通宝能源,2025,Q_G_REVENUE_GROWTH,27.5196375756,pending,https://www.sse.com.cn/disclosure/listedinfo/announcement/c/new/2026-04-25/600780_20260425_2QGG.pdf,data/raw/600780.SH/2025/annual_report.pdf,7,"营业收入 3,116,595,717.28 2,444,012,370.59 2,624,199,909.48 3,079,492,696.95",0.91
600795.SH,国电电力,2025,Q_G_ROE,12.283,pending,https://www.sse.com.cn/disclosure/listedinfo/announcement/c/new/2026-04-15/600795_20260415_9PNY.pdf,data/raw/600795.SH/2025/annual_report.pdf,7,除非经常性损益后的基本每股收益(元／股) 0.380 0.262 45.04 0.273 加权平均净资产收益率(%) 12.283 18.598 减少6.315个百分点 11.834 扣除非经常性损益后的加权平均净资产收,0.92
600795.SH,国电电力,2025,Q_G_ROE,10,pending,https://www.sse.com.cn/disclosure/listedinfo/announcement/c/new/2026-04-15/600795_20260415_9PNY.pdf,data/raw/600795.SH/2025/annual_report.pdf,39,资产、业务及权益)注入国电电力。拟注入资产原则上以省(或区域)为单位，其最近 三个会计年度加权平均净资产收益率的平均值不低于 10%。中国国电承诺将在发电业务资产满足 资产注入条件后三年内，完成向国电电力注资的工作。 上,0.92
600803.SH,新奥股份,2025,Q_G_REVENUE_GROWTH,-3.22425881293,pending,https://www.sse.com.cn/disclosure/listedinfo/announcement/c/new/2026-03-28/600803_20260328_HKOX.pdf,data/raw/600803.SH/2025/annual_report.pdf,8,"营业收入 13,145,677 13,583,649 -3.22 14,375,398",0.91
600803.SH,新奥股份,2025,Q_G_REVENUE_GROWTH,4.54889515983,pending,https://www.sse.com.cn/disclosure/listedinfo/announcement/c/new/2026-03-28/600803_20260328_HKOX.pdf,data/raw/600803.SH/2025/annual_report.pdf,9,"营业收入 3,372,923 3,226,168 2,986,530 3,560,056",0.91
600847.SH,万里股份,2025,Q_G_REVENUE_GROWTH,-12.3866085388,pending,https://www.sse.com.cn/disclosure/listedinfo/announcement/c/new/2026-04-30/600847_20260430_0GJO.pdf,data/raw/600847.SH/2025/annual_report.pdf,5,"营业收入 506,284,516.01 577,862,022.65 -12.39 532,366,191.19 扣除与主营业务无关的业 务收入和不具备商业实质 的收入后的营业收入 500,246,608.21 566,526,637.84 -11.70 524,055,124.11",0.91
600847.SH,万里股份,2025,Q_G_REVENUE_GROWTH,3.8866202202,pending,https://www.sse.com.cn/disclosure/listedinfo/announcement/c/new/2026-04-30/600847_20260430_0GJO.pdf,data/raw/600847.SH/2025/annual_report.pdf,6,"营业收入 123,804,706.09 119,172,907.76 115,769,505.96 147,537,396.20",0.91
600868.SH,梅雁吉祥,2025,Q_G_REVENUE_GROWTH,3.39954303214,pending,https://www.sse.com.cn/disclosure/listedinfo/announcement/c/new/2026-04-03/600868_20260403_9HUR.pdf,data/raw/600868.SH/2025/annual_report.pdf,6,"营业收入 369,433,081.72 357,286,957.84 3.40 313,674,689.16 扣除与主营业务无关的业务收 入和不具备商业实质的收入后 的营业收入 345,180,975.41 312,289,312.14 10.53 296,963,048.59",0.91
600868.SH,梅雁吉祥,2025,Q_G_REVENUE_GROWTH,-19.3262509337,pending,https://www.sse.com.cn/disclosure/listedinfo/announcement/c/new/2026-04-03/600868_20260403_9HUR.pdf,data/raw/600868.SH/2025/annual_report.pdf,7,"营业收入 36,783,307.87 45,595,138.81 125,119,924.17 161,934,710.87",0.91
600871.SH,石化油服,2025,Q_G_REVENUE_GROWTH,-0.473511834306,pending,https://www.sse.com.cn/disclosure/listedinfo/announcement/c/new/2026-03-31/600871_20260331_OJP3.pdf,data/raw/600871.SH/2025/annual_report.pdf,9,"营业收入 80,712,178 81,096,178 -0.5 79,980,939 营业利润 1,228,560 1,036,512 18.5 899,969",0.91
600871.SH,石化油服,2025,Q_G_REVENUE_GROWTH,-7.03175068028,pending,https://www.sse.com.cn/disclosure/listedinfo/announcement/c/new/2026-03-31/600871_20260331_OJP3.pdf,data/raw/600871.SH/2025/annual_report.pdf,11,"营业收入 17,850,312 19,200,439 18,112,089 25,549,338",0.91
600875.SH,东方电气,2025,Q_G_REVENUE_GROWTH,13.1061820542,pending,https://www.sse.com.cn/disclosure/listedinfo/announcement/c/new/2026-04-01/600875_20260401_APQ8.pdf,data/raw/600875.SH/2025/annual_report.pdf,5,"营业收入 77,582,624,563.59 68,592,735,741.35 13.11 59,566,526,583.78",0.91
600875.SH,东方电气,2025,Q_G_REVENUE_GROWTH,-23.6337834748,pending,https://www.sse.com.cn/disclosure/listedinfo/announcement/c/new/2026-04-01/600875_20260401_APQ8.pdf,data/raw/600875.SH/2025/annual_report.pdf,6,"营业收入 16,290,954,843.58 21,332,672,462.83 17,120,255,858.06 22,838,741,399.12",0.91
600886.SH,国投电力,2025,Q_G_ROE,11.35,pending,https://www.sse.com.cn/disclosure/listedinfo/announcement/c/new/2026-04-30/600886_20260430_T8HI.pdf,data/raw/600886.SH/2025/annual_report.pdf,9,损益后的基本每股收益 ( 元／股 ) 0.9118 0.8464 7.73 0.8599 加权平均净资产收益率 (%) 11.35 11.80 减少 0.45 个百分点 12.78 扣除非经常性损益后的加权平均净资产收益,0.92
600886.SH,国投电力,2025,Q_G_ROE,5,pending,https://www.sse.com.cn/disclosure/listedinfo/announcement/c/new/2026-04-30/600886_20260430_T8HI.pdf,data/raw/600886.SH/2025/annual_report.pdf,10,除非经常性损益的净利润 3. 归母净资产指归属于上市公司股东的净资产 4. 净资产收益率指加权平均净资产收益率 5. 公司 2025 年度利润分配预案需经股东大会审议 6. 装机容量指公司已投产控股装机容,0.92
600886.SH,国投电力,2025,Q_G_ROE,10,pending,https://www.sse.com.cn/disclosure/listedinfo/announcement/c/new/2026-04-30/600886_20260430_T8HI.pdf,data/raw/600886.SH/2025/annual_report.pdf,65,"量、改 善财务状况和增强持续盈利能力，原则上 , 运行满三年的拟注 入资产最近三个会计年度加权平均净资产收益率平均值不低于 10%，运行不满三年的拟注入资产连续两个完整会计年度加权平 均净资产收益率平均值不低于 10%",0.92
600968.SH,海油发展,2025,Q_G_REVENUE_GROWTH,-4.10129389381,pending,https://www.sse.com.cn/disclosure/listedinfo/announcement/c/new/2026-03-25/600968_20260325_PO84.pdf,data/raw/600968.SH/2025/annual_report.pdf,6,"营业收入 50,363,061,030.51 52,516,934,873.70 -4.10 49,307,957,578.16",0.91
600968.SH,海油发展,2025,Q_G_REVENUE_GROWTH,-19.5480390637,pending,https://www.sse.com.cn/disclosure/listedinfo/announcement/c/new/2026-03-25/600968_20260325_PO84.pdf,data/raw/600968.SH/2025/annual_report.pdf,7,"营业收入 10,074,340,632.16 12,522,181,578.82 11,350,051,987.82 16,416,486,831.71",0.91
600979.SH,广安爱众,2025,Q_G_REVENUE_GROWTH,-5.73975247312,pending,https://www.sse.com.cn/disclosure/listedinfo/announcement/c/new/2026-04-28/600979_20260428_LACM.pdf,data/raw/600979.SH/2025/annual_report.pdf,7,"营业收入 3,030,128,700.18 3,214,641,144.79 -5.74 2,827,845,131.92 扣除与主营业务无关的业务收入 和不具备商业实质的收入后的营 业收入 2,983,897,008.31 3,174,215,039.56 -6.00 2,791,512,631.75",0.91
600979.SH,广安爱众,2025,Q_G_REVENUE_GROWTH,7.17446618713,pending,https://www.sse.com.cn/disclosure/listedinfo/announcement/c/new/2026-04-28/600979_20260428_LACM.pdf,data/raw/600979.SH/2025/annual_report.pdf,9,"营业收入 744,337,640.17 694,510,237.98 730,411,367.17 860,869,454.86",0.91
600982.SH,宁波能源,2025,Q_G_REVENUE_GROWTH,-10.7168462622,pending,https://www.sse.com.cn/disclosure/listedinfo/announcement/c/new/2026-04-21/600982_20260421_IEK4.pdf,data/raw/600982.SH/2025/annual_report.pdf,7,"营业收入 3,787,498,271.24 4,242,119,719.88 -10.72 5,385,915,377.26",0.91
600982.SH,宁波能源,2025,Q_G_REVENUE_GROWTH,8.44302355694,pending,https://www.sse.com.cn/disclosure/listedinfo/announcement/c/new/2026-04-21/600982_20260421_IEK4.pdf,data/raw/600982.SH/2025/annual_report.pdf,8,"营业收入 974,752,410.95 898,861,336.56 822,006,247.66 1,091,878,276.07",0.91
601001.SH,晋控煤业,2025,Q_G_REVENUE_GROWTH,-12.795871936,pending,https://www.sse.com.cn/disclosure/listedinfo/announcement/c/new/2026-04-28/601001_20260428_3BYK.pdf,data/raw/601001.SH/2025/annual_report.pdf,6,"营业收入 13,108,999,092.14 15,032,544,196.21 -12.80 15,341,619,531.62",0.91
601001.SH,晋控煤业,2025,Q_G_REVENUE_GROWTH,-31.5407893351,pending,https://www.sse.com.cn/disclosure/listedinfo/announcement/c/new/2026-04-28/601001_20260428_3BYK.pdf,data/raw/601001.SH/2025/annual_report.pdf,7,"营业收入 2,424,191,669.74 3,541,074,526.27 3,359,596,018.14 3,784,136,877.99",0.91
601218.SH,吉鑫科技,2025,Q_G_REVENUE_GROWTH,15.6056767019,pending,https://www.sse.com.cn/disclosure/listedinfo/announcement/c/new/2026-03-31/601218_20260331_VMHO.pdf,data/raw/601218.SH/2025/annual_report.pdf,6,"营业收入 1,406,076,959.77 1,216,269,823.32 15.61 1,389,746,735.52",0.91
601218.SH,吉鑫科技,2025,Q_G_REVENUE_GROWTH,204.05643739,pending,https://www.sse.com.cn/disclosure/listedinfo/announcement/c/new/2026-03-31/601218_20260331_VMHO.pdf,data/raw/601218.SH/2025/annual_report.pdf,7,营业收入增加 17.24%， 风电业务营业收入 增加 5.67%，成本优化及固定成本摊薄，促使毛利率上涨，其中铸造业务上涨 4.85 个百分点，风 电业务上涨 0.29 个百分点；同时报告期内期间费用下降、实时享受增值税优惠政策金额增加、权 益法下对联营企业确认的投资收益增加等导致净利润同比上升所致。 报告期基本每股收益、稀释每股收益、扣除非经常性损益后的基本每股收益上涨原因：主要 系净利润增加导致。 八、 境内外会计准则下会计数据差异 (一) 同时按照国际会计准则与按中国会计准则披露的财务报告中净利润和,0.91
601233.SH,桐昆股份,2025,Q_G_REVENUE_GROWTH,-7.319689558,pending,https://www.sse.com.cn/disclosure/listedinfo/announcement/c/new/2026-04-29/601233_20260429_240P.pdf,data/raw/601233.SH/2025/annual_report.pdf,7,"营业收入 93,891,484,857.60 101,306,830,339.50 101,306,83 0,339.50 -7.32 82,639,848,536.91",0.91
601233.SH,桐昆股份,2025,Q_G_REVENUE_GROWTH,-21.4974525197,pending,https://www.sse.com.cn/disclosure/listedinfo/announcement/c/new/2026-04-29/601233_20260429_240P.pdf,data/raw/601233.SH/2025/annual_report.pdf,9,"营业收入 19,419,946,618.44 24,737,982,704.73 23,239,353,425.59 26,494,202,108.84",0.91
601619.SH,嘉泽新能,2025,Q_S_RD_RATE,0,pending,https://www.sse.com.cn/disclosure/listedinfo/announcement/c/new/2026-03-28/601619_20260328_RJA2.pdf,data/raw/601619.SH/2025/esg_report.pdf,42,Chinese single-year environmental table row: 研发投入占营业收入比例 % 0,0.9
601666.SH,平煤股份,2025,Q_G_REVENUE_GROWTH,-32.1962167597,pending,https://www.sse.com.cn/disclosure/listedinfo/announcement/c/new/2026-04-30/601666_20260430_3LTR.pdf,data/raw/601666.SH/2025/annual_report.pdf,6,"营业收入 20,531,863,000.82 30,281,294,080.68 30,281,294,080.68 -32.20 31,625,957,495.19 31,625,957,495.19",0.91
601666.SH,平煤股份,2025,Q_G_REVENUE_GROWTH,14.4121692988,pending,https://www.sse.com.cn/disclosure/listedinfo/announcement/c/new/2026-04-30/601666_20260430_3LTR.pdf,data/raw/601666.SH/2025/annual_report.pdf,8,"营业收入 5,400,175,246.55 4,719,930,825.23 4,695,784,556.21 5,715,972,372.83",0.91
601666.SH,平煤股份,2025,Q_S_SAFETY_INVEST_RATE,9.23,pending,https://www.sse.com.cn/disclosure/listedinfo/announcement/c/new/2026-04-30/601666_20260430_JAIZ.pdf,data/raw/601666.SH/2025/esg_report.pdf,31,Chinese single-year environmental table row: 安全生产投入占营业收入比例 % 9.23,0.9
601778.SH,晶科科技,2025,Q_G_REVENUE_GROWTH,-18.316277257,pending,https://www.sse.com.cn/disclosure/listedinfo/announcement/c/new/2026-04-29/601778_20260429_021B.pdf,data/raw/601778.SH/2025/annual_report.pdf,6,"营业收入 3,900,143,090.08 4,774,688,223.20 -18.32 4,370,360,804.01",0.91
601778.SH,晶科科技,2025,Q_G_REVENUE_GROWTH,9.89883683336,pending,https://www.sse.com.cn/disclosure/listedinfo/announcement/c/new/2026-04-29/601778_20260429_021B.pdf,data/raw/601778.SH/2025/annual_report.pdf,8,"营业收入 1,112,184,199.98 1,012,007,253.24 997,885,211.43 778,066,425.43",0.91
601808.SH,中海油服,2025,Q_G_REVENUE_GROWTH,4.10110638157,pending,https://www.sse.com.cn/disclosure/listedinfo/announcement/c/new/2026-03-25/601808_20260325_9TQK.pdf,data/raw/601808.SH/2025/annual_report.pdf,7,"营业收入 50,282.5 48,301.6 4.1 44,108.6",0.91
601808.SH,中海油服,2025,Q_G_REVENUE_GROWTH,-13.777270259,pending,https://www.sse.com.cn/disclosure/listedinfo/announcement/c/new/2026-03-25/601808_20260325_9TQK.pdf,data/raw/601808.SH/2025/annual_report.pdf,8,"营业收入 10,797.5 12,522.8 11,533.4 15,428.8",0.91
601865.SH,福莱特,2025,Q_G_REVENUE_GROWTH,-16.6776224491,pending,https://www.sse.com.cn/disclosure/listedinfo/announcement/c/new/2026-03-27/601865_20260327_VLO0.pdf,data/raw/601865.SH/2025/annual_report.pdf,7,"营业收入 15,566,788,573.36 18,682,602,478.36 -16.68 21,523,708,522.42",0.91
601865.SH,福莱特,2025,Q_G_REVENUE_GROWTH,11.5248685106,pending,https://www.sse.com.cn/disclosure/listedinfo/announcement/c/new/2026-03-27/601865_20260327_VLO0.pdf,data/raw/601865.SH/2025/annual_report.pdf,8,"营业收入 4,079,288,887.46 3,657,739,248.60 4,726,567,520.04 3,103,192,917.26",0.91
601868.SH,中国能建,2025,Q_G_REVENUE_GROWTH,3.71339072195,pending,https://www.sse.com.cn/disclosure/listedinfo/announcement/c/new/2026-03-28/601868_20260328_S4N1.pdf,data/raw/601868.SH/2025/annual_report.pdf,13,"营业收入 452,929,608 436,712,757 3.71 406,031,848",0.91
601868.SH,中国能建,2025,Q_G_REVENUE_GROWTH,-10.1593470658,pending,https://www.sse.com.cn/disclosure/listedinfo/announcement/c/new/2026-03-28/601868_20260328_S4N1.pdf,data/raw/601868.SH/2025/annual_report.pdf,15,"营业收入 100,370,574 111,720,664 111,453,239 129,385,131",0.91
601908.SH,京运通,2025,Q_G_REVENUE_GROWTH,-32.1980333086,pending,https://www.sse.com.cn/disclosure/listedinfo/announcement/c/new/2026-04-29/601908_20260429_K04T.pdf,data/raw/601908.SH/2025/annual_report.pdf,6,"营业收入 3,112,632,855.06 4,590,770,750.39 -32.20 10,501,516,889.67 扣除与主营业务无关的业务收 入和不具备商业实质的收入后 的营业收入 2,776,634,438.38 4,117,483,319.99 -32.56 9,774,853,388.26",0.91
601908.SH,京运通,2025,Q_G_REVENUE_GROWTH,-18.8769165126,pending,https://www.sse.com.cn/disclosure/listedinfo/announcement/c/new/2026-04-29/601908_20260429_K04T.pdf,data/raw/601908.SH/2025/annual_report.pdf,7,"营业收入 683,089,128.18 842,040,389.51 932,224,183.53 655,279,153.84",0.91
601918.SH,新集能源,2025,Q_G_REVENUE_GROWTH,-3.5115372965,pending,https://www.sse.com.cn/disclosure/listedinfo/announcement/c/new/2026-03-28/601918_20260328_FXJF.pdf,data/raw/601918.SH/2025/annual_report.pdf,5,"营业收入 12,280,256,580.88 12,727,176,117.02 -3.51 12,844,786,669.41",0.91
601918.SH,新集能源,2025,Q_G_REVENUE_GROWTH,0.286659701748,pending,https://www.sse.com.cn/disclosure/listedinfo/announcement/c/new/2026-03-28/601918_20260328_FXJF.pdf,data/raw/601918.SH/2025/annual_report.pdf,6,"营业收入 2,909,615,284.74 2,901,298,431.31 3,198,798,178.58 3,270,544,686.25",0.91
601991.SH,大唐发电,2025,Q_G_REVENUE_GROWTH,-1.79650506587,pending,https://www.sse.com.cn/disclosure/listedinfo/announcement/c/new/2026-03-28/601991_20260328_YKIX.pdf,data/raw/601991.SH/2025/annual_report.pdf,6,"营业收入 121,255,419 123,473,629 -1.80 122,426,600",0.91
601991.SH,大唐发电,2025,Q_G_REVENUE_GROWTH,11.929522541,pending,https://www.sse.com.cn/disclosure/listedinfo/announcement/c/new/2026-03-28/601991_20260328_YKIX.pdf,data/raw/601991.SH/2025/annual_report.pdf,8,"营业收入 30,206,052 26,986,671 32,152,080 31,910,616",0.91
603031.SH,安孚科技,2025,Q_G_REVENUE_GROWTH,2.93865804865,pending,https://www.sse.com.cn/disclosure/listedinfo/announcement/c/new/2026-03-10/603031_20260310_BSPT.pdf,data/raw/603031.SH/2025/annual_report.pdf,8,"营业收入 4,774,638,075.73 4,638,333,320.29 2.94 4,317,622,120.45",0.91
603031.SH,安孚科技,2025,Q_G_REVENUE_GROWTH,31.2051308327,pending,https://www.sse.com.cn/disclosure/listedinfo/announcement/c/new/2026-03-10/603031_20260310_BSPT.pdf,data/raw/603031.SH/2025/annual_report.pdf,9,"营业收入 1,377,665,386.81 1,050,008,774.86 1,180,696,726.26 1,166,267,187.80",0.91
603032.SH,德新科技,2025,Q_G_REVENUE_GROWTH,53.2923783593,pending,https://www.sse.com.cn/disclosure/listedinfo/announcement/c/new/2026-04-14/603032_20260414_TP3F.pdf,data/raw/603032.SH/2025/annual_report.pdf,7,"营业收入 558,266,310.13 364,183,996.69 53.29 562,215,686.66",0.91
603032.SH,德新科技,2025,Q_G_REVENUE_GROWTH,-36.4677879587,pending,https://www.sse.com.cn/disclosure/listedinfo/announcement/c/new/2026-04-14/603032_20260414_TP3F.pdf,data/raw/603032.SH/2025/annual_report.pdf,8,"营业收入 97,683,603.54 153,754,450.54 160,790,969.16 146,037,286.89",0.91
603312.SH,西典新能,2025,Q_G_REVENUE_GROWTH,28.5161671778,pending,https://www.sse.com.cn/disclosure/listedinfo/announcement/c/new/2026-03-28/603312_20260328_Y2ZH.pdf,data/raw/603312.SH/2025/annual_report.pdf,7,"营业收入 2,781,776,536.47 2,164,534,313.12 28.52 1,835,336,968.23",0.91
603312.SH,西典新能,2025,Q_G_REVENUE_GROWTH,3.3064718009,pending,https://www.sse.com.cn/disclosure/listedinfo/announcement/c/new/2026-03-28/603312_20260328_Y2ZH.pdf,data/raw/603312.SH/2025/annual_report.pdf,8,"营业收入 707,352,750.34 684,712,911.02 701,558,035.35 688,152,839.76",0.91
603318.SH,水发燃气,2025,Q_G_REVENUE_GROWTH,-1.52974551864,pending,https://www.sse.com.cn/disclosure/listedinfo/announcement/c/new/2026-04-24/603318_20260424_893T.pdf,data/raw/603318.SH/2025/annual_report.pdf,7,"营业收入 2,550,379,703.54 2,590,000,114.22 -1.53 3,263,052,994.23 3,201,145,476.87 扣除与主营业务无关的业务 收入和不具备商业实质的收 入后的营业收入 2,534,976,323.37 2,478,357,207.62 2.28 3,152,768,972.48 3,152,768,972.48",0.91
603318.SH,水发燃气,2025,Q_G_REVENUE_GROWTH,12.1213365547,pending,https://www.sse.com.cn/disclosure/listedinfo/announcement/c/new/2026-04-24/603318_20260424_893T.pdf,data/raw/603318.SH/2025/annual_report.pdf,9,"营业收入 628,668,847.63 560,704,025.61",0.91
603344.SH,星德胜,2025,Q_G_REVENUE_GROWTH,4.83524731113,pending,https://www.sse.com.cn/disclosure/listedinfo/announcement/c/new/2026-04-25/603344_20260425_87C1.pdf,data/raw/603344.SH/2025/annual_report.pdf,8,"营业收入 2,573,157,410.30 2,454,477,359.76 4.84 2,054,288,579.17",0.91
603344.SH,星德胜,2025,Q_G_REVENUE_GROWTH,-18.412772398,pending,https://www.sse.com.cn/disclosure/listedinfo/announcement/c/new/2026-04-25/603344_20260425_87C1.pdf,data/raw/603344.SH/2025/annual_report.pdf,9,"营业收入 549,655,544.99 673,702,932.61 687,376,956.33 662,421,976.37",0.91
603393.SH,新天然气,2025,Q_G_REVENUE_GROWTH,3.89076630021,pending,https://www.sse.com.cn/disclosure/listedinfo/announcement/c/new/2026-03-28/603393_20260328_TGM1.pdf,data/raw/603393.SH/2025/annual_report.pdf,6,"营业收入 3,923,698,588.46 3,776,753,919.71 3.89 3,516,652,466.29",0.91
603393.SH,新天然气,2025,Q_G_REVENUE_GROWTH,9.14613362543,pending,https://www.sse.com.cn/disclosure/listedinfo/announcement/c/new/2026-03-28/603393_20260328_TGM1.pdf,data/raw/603393.SH/2025/annual_report.pdf,8,"营业收入 1,063,814,130.77 974,669,551.21 931,805,813.21 953,409,093.27",0.91
603489.SH,八方股份,2025,Q_G_REVENUE_GROWTH,-1.47067289525,pending,https://www.sse.com.cn/disclosure/listedinfo/announcement/c/new/2026-04-29/603489_20260429_GNBR.pdf,data/raw/603489.SH/2025/annual_report.pdf,5,"营业收入 1,336,862,464.04 1,356,816,800.97 -1.47 1,647,722,871.51",0.91
603489.SH,八方股份,2025,Q_G_REVENUE_GROWTH,-12.2183936698,pending,https://www.sse.com.cn/disclosure/listedinfo/announcement/c/new/2026-04-29/603489_20260429_GNBR.pdf,data/raw/603489.SH/2025/annual_report.pdf,6,"营业收入 300,764,124.17 342,627,728.91 390,962,898.51 302,507,712.45",0.91
603606.SH,东方电缆,2025,Q_G_REVENUE_GROWTH,19.2571553723,pending,https://www.sse.com.cn/disclosure/listedinfo/announcement/c/new/2026-03-28/603606_20260328_DUN0.pdf,data/raw/603606.SH/2025/annual_report.pdf,6,"营业收入 10,843,482,833.21 9,092,521,785.68 19.26 7,310,044,018.46",0.91
603606.SH,东方电缆,2025,Q_G_REVENUE_GROWTH,462.98026999,pending,https://www.sse.com.cn/disclosure/listedinfo/announcement/c/new/2026-03-28/603606_20260328_DUN0.pdf,data/raw/603606.SH/2025/annual_report.pdf,7,营业收入 108.43 亿元，同比增长 19.26%。2025 年实现电力工程与装备线缆的 营业收入 47.29 亿元， 同比增长 7.29%， 增加 3.21 亿元， 占公司营业收入比重 43.61%； 海底电缆 与高压电缆营业收入 53.63 亿元， 同比增长 65.60%， 增加 21.24 亿元， 占公司营业收入比重 49.46%。 主要系公司深化战略、科技与市场融合，坚持海陆并进，海缆及海洋工程项目稳步交付，核心竞 争力持续增强，积极推进国际化战略，海外市场开拓成效显著，海外收入大幅增长。 2.报告期内实现,0.91
603706.SH,东方环宇,2025,Q_G_REVENUE_GROWTH,-7.77422362901,pending,https://www.sse.com.cn/disclosure/listedinfo/announcement/c/new/2026-04-20/603706_20260420_9FNC.pdf,data/raw/603706.SH/2025/annual_report.pdf,6,"营业收入 1,331,415,536.73 1,443,647,957.35 -7.77% 1,203,080,972.46",0.91
603706.SH,东方环宇,2025,Q_G_REVENUE_GROWTH,97.1675119235,pending,https://www.sse.com.cn/disclosure/listedinfo/announcement/c/new/2026-04-20/603706_20260420_9FNC.pdf,data/raw/603706.SH/2025/annual_report.pdf,7,"营业收入 466,259,941.62 236,479,091.85 146,094,283.10 482,582,220.16",0.91
603798.SH,康普顿,2025,Q_G_REVENUE_GROWTH,-10.8411993064,pending,https://www.sse.com.cn/disclosure/listedinfo/announcement/c/new/2026-04-24/603798_20260424_T3JY.pdf,data/raw/603798.SH/2025/annual_report.pdf,6,"营业收入 951,150,060.98 1,066,804,458.54 -10.84 1,199,129,560.37",0.91
603798.SH,康普顿,2025,Q_G_REVENUE_GROWTH,69.713929163,pending,https://www.sse.com.cn/disclosure/listedinfo/announcement/c/new/2026-04-24/603798_20260424_T3JY.pdf,data/raw/603798.SH/2025/annual_report.pdf,7,"营业收入 362,003,516.15 213,302,183.23 177,572,144.62 198,272,216.98",0.91
603897.SH,长城科技,2025,Q_G_REVENUE_GROWTH,-3.07202899446,pending,https://www.sse.com.cn/disclosure/listedinfo/announcement/c/new/2026-04-22/603897_20260422_V8T6.pdf,data/raw/603897.SH/2025/annual_report.pdf,5,"营业收入 12,586,520,785.83 12,985,437,181.09 -3.07 11,079,205,104.70",0.91
603897.SH,长城科技,2025,Q_G_REVENUE_GROWTH,-3.13778488392,pending,https://www.sse.com.cn/disclosure/listedinfo/announcement/c/new/2026-04-22/603897_20260422_V8T6.pdf,data/raw/603897.SH/2025/annual_report.pdf,6,"营业收入 3,091,172,370.62 3,191,308,774.96 3,160,022,717.73 3,144,016,922.52",0.91
603906.SH,龙蟠科技,2025,Q_G_REVENUE_GROWTH,0.842115851588,pending,https://www.sse.com.cn/disclosure/listedinfo/announcement/c/new/2026-04-25/603906_20260425_SRVT.pdf,data/raw/603906.SH/2025/annual_report.pdf,8,"营业收入 8,937,777,001.78 扣除与主营业务无关的 业务收入和不具备商业 实质的收入后的营业收 入 8,863,139,102.45",0.91
603906.SH,龙蟠科技,2025,Q_G_REVENUE_GROWTH,-21.5471466015,pending,https://www.sse.com.cn/disclosure/listedinfo/announcement/c/new/2026-04-25/603906_20260425_SRVT.pdf,data/raw/603906.SH/2025/annual_report.pdf,10,"营业收入 1,592,279,566.99 2,029,600,579.22 2,203,501,935.31 3,112,394,920.26",0.91
605028.SH,世茂能源,2025,Q_G_REVENUE_GROWTH,-10.1228570629,pending,https://www.sse.com.cn/disclosure/listedinfo/announcement/c/new/2026-03-18/605028_20260318_EEK9.pdf,data/raw/605028.SH/2025/annual_report.pdf,5,"营业收入 322,823,424.05 359,183,006.38 -10.12 361,491,133.59",0.91
605028.SH,世茂能源,2025,Q_G_REVENUE_GROWTH,-3.15227276368,pending,https://www.sse.com.cn/disclosure/listedinfo/announcement/c/new/2026-03-18/605028_20260318_EEK9.pdf,data/raw/605028.SH/2025/annual_report.pdf,6,"营业收入 77,272,501.07 79,787,624.63 77,931,487.27 87,831,811.08",0.91
605117.SH,德业股份,2025,Q_S_SAFETY_INVEST_RATE,0.12,pending,https://www.sse.com.cn/disclosure/listedinfo/announcement/c/new/2026-04-10/605117_20260410_VVEU.pdf,data/raw/605117.SH/2025/esg_report.pdf,64,Chinese single-year environmental table row: 安全生产投入占营业收入比例 % 0.12,0.9
605162.SH,新中港,2025,Q_G_REVENUE_GROWTH,-18.8228863445,pending,https://www.sse.com.cn/disclosure/listedinfo/announcement/c/new/2026-04-25/605162_20260425_T7P9.pdf,data/raw/605162.SH/2025/annual_report.pdf,6,"营业收入 707,502,239.00 871,553,824.89 -18.82 955,730,077.70",0.91
605162.SH,新中港,2025,Q_G_REVENUE_GROWTH,-8.57739544827,pending,https://www.sse.com.cn/disclosure/listedinfo/announcement/c/new/2026-04-25/605162_20260425_T7P9.pdf,data/raw/605162.SH/2025/annual_report.pdf,7,"营业收入 174,028,280.64 190,355,855.09 164,368,503.39 178,749,599.88",0.91
688005.SH,容百科技,2025,Q_G_REVENUE_GROWTH,-18.6916947424,pending,https://www.sse.com.cn/disclosure/listedinfo/announcement/c/new/2026-04-11/688005_20260411_ZKFV.pdf,data/raw/688005.SH/2025/annual_report.pdf,8,"营业收入 12,267,435,004.35 15,087,554,666.76 -18.69 22,657,274,651.38 扣除与主营业务无关 的业务收入和不具备 商业实质的收入后的 营业收入 11,839,813,704.60 14,463,604,954.93 -18.14 21,112,661,748.54",0.91
688005.SH,容百科技,2025,Q_G_REVENUE_GROWTH,22.4199288256,pending,https://www.sse.com.cn/disclosure/listedinfo/announcement/c/new/2026-04-11/688005_20260411_ZKFV.pdf,data/raw/688005.SH/2025/annual_report.pdf,9,营业收入的比例（%） 3.44 2.81 增加0.63个百分点 1.56 报告期末公司前三年主要会计数据和财务指标的说明 √适用 □不适用 1、报告期内，公司营业收入 122.67 亿，同比下降 18.69%，主要系公司三元材料产品处于升 级换代期，销量阶段性承压，全年出货约 10 万吨，同比有所回落，营业收入随之下降。 2、报告期内，公司实现,0.91
688032.SH,禾迈股份,2025,Q_G_REVENUE_GROWTH,-3.05601742001,pending,https://www.sse.com.cn/disclosure/listedinfo/announcement/c/new/2026-04-30/688032_20260430_6GAT.pdf,data/raw/688032.SH/2025/annual_report.pdf,8,"营业收入 1,932,048,272.68 1,992,953,271.84 -3.06 2,026,003,221.22 扣 除 与 主 营 业 务 无 关 的 业 务 收 入 和 不 具 备 商 业 实 质 的 收 入 后 的 营 业收入 1,909,059,980.31 1,978,935,309.45 -3.53 2,013,883,958.34",0.91
688032.SH,禾迈股份,2025,Q_G_REVENUE_GROWTH,35.2808988764,pending,https://www.sse.com.cn/disclosure/listedinfo/announcement/c/new/2026-04-30/688032_20260430_6GAT.pdf,data/raw/688032.SH/2025/annual_report.pdf,9,营业收入的比例（%） 18.06 13.35 增加4.71个百分点 12.23 报告期末公司前三年主要会计数据和财务指标的说明 √适用 □不适用 1、报告期内，公司实现的,0.91
688116.SH,天奈科技,2025,Q_G_REVENUE_GROWTH,-10.4118095153,pending,https://www.sse.com.cn/disclosure/listedinfo/announcement/c/new/2026-04-30/688116_20260430_6L1G.pdf,data/raw/688116.SH/2025/annual_report.pdf,7,"营业收入 1,297,376,631.60 1,448,155,861.37 -10.41 1,404,154,253.80",0.91
688116.SH,天奈科技,2025,Q_G_REVENUE_GROWTH,10.8609271523,pending,https://www.sse.com.cn/disclosure/listedinfo/announcement/c/new/2026-04-30/688116_20260430_6L1G.pdf,data/raw/688116.SH/2025/annual_report.pdf,8,"营业收入的比例（%） 8.37 7.55 增加0.82个百分点 6.75 报告期末公司前三年主要会计数据和财务指标的说明 √适用 □不适用 1、 公司营业收入1,297,376,631.60元， 较上年同期下降10.41%；",0.91
688147.SH,微导纳米,2025,Q_G_REVENUE_GROWTH,-2.46665445829,pending,https://www.sse.com.cn/disclosure/listedinfo/announcement/c/new/2026-04-29/688147_20260429_V9ZU.pdf,data/raw/688147.SH/2025/annual_report.pdf,8,"营业收入 2,633,303,190.53 2,699,900,404.22 -2.47 1,679,721,346.20",0.91
688147.SH,微导纳米,2025,Q_G_REVENUE_GROWTH,-8.11855670103,pending,https://www.sse.com.cn/disclosure/listedinfo/announcement/c/new/2026-04-29/688147_20260429_V9ZU.pdf,data/raw/688147.SH/2025/annual_report.pdf,9,"营业收入的比例 （%） 14.26 15.52 减少1.26个百分点 18.34 报告期末公司前三年主要会计数据和财务指标的说明 √适用 □不适用 2025 年，公司营业收入为 263,330.32 万元，同比下降 2.47%，主要系报告期内受光伏行业周 期性下行影响， 光伏设备收入较去年同期下降 30.52%， 同时半导体领域内的产品工艺覆盖度和技 术水平的持续提升，获得客户验收的设备数量增长，半导体设备收入较去年同期增长 169.12%。 2025 年，公司",0.91
688148.SH,芳源股份,2025,Q_G_REVENUE_GROWTH,5.3880925183,pending,https://www.sse.com.cn/disclosure/listedinfo/announcement/c/new/2026-04-17/688148_20260417_54DK.pdf,data/raw/688148.SH/2025/annual_report.pdf,7,"营业收入 2,277,883,278.33 2,161,423,766.10 5.39 2,102,432,613.49 扣除与主营业务无关 的业务收入和不具备 商业实质的收入后的 营业收入 2,212,566,498.78 1,886,347,239.36 17.29 1,933,658,204.36",0.91
688148.SH,芳源股份,2025,Q_G_REVENUE_GROWTH,-17.2803619027,pending,https://www.sse.com.cn/disclosure/listedinfo/announcement/c/new/2026-04-17/688148_20260417_54DK.pdf,data/raw/688148.SH/2025/annual_report.pdf,8,"营业收入 407,367,142.83 492,467,269.20 590,427,764.64 787,621,101.66",0.91
688191.SH,智洋创新,2025,Q_G_REVENUE_GROWTH,21.6920279462,pending,https://www.sse.com.cn/disclosure/listedinfo/announcement/c/new/2026-04-23/688191_20260423_YSVF.pdf,data/raw/688191.SH/2025/annual_report.pdf,8,"营业收入 1,181,291,040.96 970,721,797.39 21.69 798,128,339.27",0.91
688191.SH,智洋创新,2025,Q_G_REVENUE_GROWTH,-13.9616055846,pending,https://www.sse.com.cn/disclosure/listedinfo/announcement/c/new/2026-04-23/688191_20260423_YSVF.pdf,data/raw/688191.SH/2025/annual_report.pdf,9,"营业收入的比例 （%） 9.86 11.46 减少 1.60 个百 分点 12.63 报告期末公司前三年主要会计数据和财务指标的说明 √适用 □不适用 1、报告期内，公司实现营业收入 118,129.10 万元，同比增长 21.69%；",0.91
688226.SH,威腾电气,2025,Q_G_REVENUE_GROWTH,10.6501794924,pending,https://www.sse.com.cn/disclosure/listedinfo/announcement/c/new/2026-04-29/688226_20260429_85XN.pdf,data/raw/688226.SH/2025/annual_report.pdf,8,"营业收入 3,851,457,653.46 3,480,751,383.44 10.65 2,847,663,976.40",0.91
688226.SH,威腾电气,2025,Q_G_REVENUE_GROWTH,-14.7651006711,pending,https://www.sse.com.cn/disclosure/listedinfo/announcement/c/new/2026-04-29/688226_20260429_85XN.pdf,data/raw/688226.SH/2025/annual_report.pdf,9,营业收入的比例 （%） 2.54 2.98 减少0.44个百 分点 3.23 报告期末公司前三年主要会计数据和财务指标的说明 √适用 □不适用 1、 报告期内,0.91
688275.SH,万润新能,2025,Q_G_REVENUE_GROWTH,52.7636116876,pending,https://www.sse.com.cn/disclosure/listedinfo/announcement/c/new/2026-04-25/688275_20260425_M1WW.pdf,data/raw/688275.SH/2025/annual_report.pdf,10,"营业收入 11,491,783,949.71 7,522,592,470.00 52.76 12,174,195,086.96 扣 除 与 主 营 业 务 无 关 的 业 务 收 入 和 不 具 备 商 业 实 质 的 收 入后的营业收入 11,172,327,936.69 7,345,428,987.77 52.10 12,019,495,249.37",0.91
688275.SH,万润新能,2025,Q_G_REVENUE_GROWTH,-35.9649122807,pending,https://www.sse.com.cn/disclosure/listedinfo/announcement/c/new/2026-04-25/688275_20260425_M1WW.pdf,data/raw/688275.SH/2025/annual_report.pdf,11,营业收入的比例（%） 2.19 3.42 减少1.23个百分点 3.46 报告期末公司前三年主要会计数据和财务指标的说明 √适用 □不适用 1、报告期内，公司营业收入较上年同比增加 52.76%、扣除与主营业务无关的业务收入和不具备 商业实质的收入后的营业收入较上年同比增加 52.10%， 主要系： 报告期内磷酸铁锂销量同比增加 64.33%，推动收入增长。 2、 报告期公司,0.91
688303.SH,大全能源,2025,Q_G_REVENUE_GROWTH,-34.7073195311,pending,https://www.sse.com.cn/disclosure/listedinfo/announcement/c/new/2026-04-21/688303_20260421_0NTF.pdf,data/raw/688303.SH/2025/annual_report.pdf,8,"营业收入 483,852.61 741,051.84 -34.71 1,632,908.15 扣除与主营业务无关的业务收入 和不具备商业实质的收入后的营 业收入 477,780.55 737,804.46 -35.24 1,622,514.70",0.91
688303.SH,大全能源,2025,Q_G_REVENUE_GROWTH,1.27088890496,pending,https://www.sse.com.cn/disclosure/listedinfo/announcement/c/new/2026-04-21/688303_20260421_0NTF.pdf,data/raw/688303.SH/2025/annual_report.pdf,9,"营业收入 483,852.61 万元，扣除与主营业务无关的业务收入和不具备商业实质 的收入后的营业收入 477,780.55 万元，分别较上年同期下降 34.71%和 35.24%，是价格和销量下降所 致。",0.91
688330.SH,宏力达,2025,Q_G_REVENUE_GROWTH,-33.5479211204,pending,https://www.sse.com.cn/disclosure/listedinfo/announcement/c/new/2026-04-23/688330_20260423_NFH2.pdf,data/raw/688330.SH/2025/annual_report.pdf,9,"营业收入 650,372,948.83 978,709,710.51 -33.55 985,455,189.59",0.91
688330.SH,宏力达,2025,Q_G_REVENUE_GROWTH,-98.3432098765,pending,https://www.sse.com.cn/disclosure/listedinfo/announcement/c/new/2026-04-23/688330_20260423_NFH2.pdf,data/raw/688330.SH/2025/annual_report.pdf,10,营业收入较上年同期下降 33.55%，主要为 2025 年受市场竞争加剧影响，公 司主营产品的销量和销售单价均有所下滑。 报告期内，公司加大了对应收账款回款的管理，加快业务回款进度，应收账款规模下降幅度 较大，前期计提的坏账准备在本期冲回，同时，公司对外股权投资产生的公允价值变动收益较上 年同期大幅增长，使,0.91
688339.SH,亿华通,2025,Q_G_REVENUE_GROWTH,-29.4907374832,pending,https://www.sse.com.cn/disclosure/listedinfo/announcement/c/new/2026-04-30/688339_20260430_N47R.pdf,data/raw/688339.SH/2025/annual_report.pdf,8,"营业收入 25,853.73 36,667.14 36,667.14 -29.49 80,070.19 80,070.19 扣除与主营业务 无关的业务收入 和不具备商业实 质的收入后的营 业收入 14,939.29 34,762.73 34,762.73 -57.02 78,074.44 78,074.44",0.91
688339.SH,亿华通,2025,Q_G_REVENUE_GROWTH,-37.0623848381,pending,https://www.sse.com.cn/disclosure/listedinfo/announcement/c/new/2026-04-30/688339_20260430_N47R.pdf,data/raw/688339.SH/2025/annual_report.pdf,9,"营业收入的比例 （%） 23.91 37.99 37.99 -14.08 21.31 21.31 报告期末公司前三年主要会计数据和财务指标的说明 √适用 □不适用 报告期内归属于母公司所有者净利润较上年同期亏损增加 21,476.68 万元；基本每股收益较 上年同期减少 1.09 元/股，主要系： 一是公司受资金周转压力的影响，采取审慎的市场策略，燃 料电池系统销量较上年同期下滑；二是公司基于会计谨慎性原则，本期计提的信用减值损失与资 产减值损失较上年同期进一步扩大；三是受市场环境及参股公司经营状况影响，对联营企业的投 资损失较上年同期增加；四是公司基于氢能新政审慎调整未来盈利预测，相应调增所得税费用。 七、境内外会计准则下会计数据差异 (一) 同时按照国际会计准则与按中国会计准则披露的财务报告中净利润和",0.91
688345.SH,博力威,2025,Q_G_REVENUE_GROWTH,48.3321103559,pending,https://www.sse.com.cn/disclosure/listedinfo/announcement/c/new/2026-03-10/688345_20260310_E38H.pdf,data/raw/688345.SH/2025/annual_report.pdf,7,"营业收入 2,735,232,959.38 1,843,992,479.32 48.33 2,234,529,429.09",0.91
688345.SH,博力威,2025,Q_G_REVENUE_GROWTH,-26.4462809917,pending,https://www.sse.com.cn/disclosure/listedinfo/announcement/c/new/2026-03-10/688345_20260310_E38H.pdf,data/raw/688345.SH/2025/annual_report.pdf,8,营业收入的比例（%） 5.34 7.26 减少1.92个百分点 5.97 报告期末公司前三年主要会计数据和财务指标的说明 √适用 □不适用 1、营业收入同比增加 48.33%，主要是受益于国内两轮车换电、共享出行等领域的快速增长及新 国标等影响，公司紧抓下游细分市场的发展机遇，实现对两轮换电领域头部运营商客户的批量供 应。同时欧洲电助力车市场逐步复苏，需求持续回暖，共同推动公司两轮车锂电池出货量同比增 长；另外，得益于前期开发的储能项目成功落地并进入交付阶段，公司储能业务量同比增加。 2、,0.91
688353.SH,华盛锂电,2025,Q_G_REVENUE_GROWTH,72.2103215338,pending,https://www.sse.com.cn/disclosure/listedinfo/announcement/c/new/2026-05-28/688353_20260528_7HPP.pdf,data/raw/688353.SH/2025/annual_report.pdf,9,"营业收入 869,488,799.43 504,899,353.12 72.21 525,031,402.36 扣除与主营业务无关的业务 收入和不具备商业实质的收 入后的营业收入 869,018,984.14 504,666,631.61 72.20 524,963,160.76",0.91
688353.SH,华盛锂电,2025,Q_G_REVENUE_GROWTH,-26.6912669127,pending,https://www.sse.com.cn/disclosure/listedinfo/announcement/c/new/2026-05-28/688353_20260528_7HPP.pdf,data/raw/688353.SH/2025/annual_report.pdf,10,营业收入的比例（%） 5.96 8.13 减少2.17个百 分点 9.04 报告期末公司前三年主要会计数据和财务指标的说明 √适用 □不适用 1.报告期内营业收入和扣除与主营业务无关的业务收入和不具备商业实质的收入后的营业收 入比去年同期分别增长 72.21%、72.20%，主要系本报告期内公司主要产品销售量增加幅度较大、 第四季度起主要产品市场价格上涨所致； 2.报告期内,0.91
688388.SH,嘉元科技,2025,Q_G_REVENUE_GROWTH,47.8525875899,pending,https://www.sse.com.cn/disclosure/listedinfo/announcement/c/new/2026-04-21/688388_20260421_LIPN.pdf,data/raw/688388.SH/2025/annual_report.pdf,7,"营业收入 9,643,343,442.80 6,522,268,970.73 47.85 4,968,597,194.80",0.91
688388.SH,嘉元科技,2025,Q_G_REVENUE_GROWTH,15.2380952381,pending,https://www.sse.com.cn/disclosure/listedinfo/announcement/c/new/2026-04-21/688388_20260421_LIPN.pdf,data/raw/688388.SH/2025/annual_report.pdf,8,营业收入的比例 （%） 4.84 4.20 增加 0.64 个百 分点 4.74 报告期末公司前三年主要会计数据和财务指标的说明 √适用 □不适用 1、报告期内，公司营业收入同比增长 47.85%，主要得益于下游市场需求复苏、公司锂电铜箔产 能逐步释放，叠加产品结构优化、高附加值极薄铜箔占比提升，使平均加工费上涨带来的量价齐 升。 2、 报告期内， 公司,0.91
688408.SH,中信博,2025,Q_G_REVENUE_GROWTH,-23.7245102049,pending,https://www.sse.com.cn/disclosure/listedinfo/announcement/c/new/2026-04-17/688408_20260417_UUI3.pdf,data/raw/688408.SH/2025/annual_report.pdf,8,"营业收入 6,884,708,007.99 9,026,107,897.16 -23.72 6,390,158,827.41 扣除与主营业务无 关的业务收入和不 具备商业实质的收 入后的营业收入 6,831,203,082.82 8,969,845,976.98 -23.84 6,369,109,781.55",0.91
688408.SH,中信博,2025,Q_G_REVENUE_GROWTH,6.66666666667,pending,https://www.sse.com.cn/disclosure/listedinfo/announcement/c/new/2026-04-17/688408_20260417_UUI3.pdf,data/raw/688408.SH/2025/annual_report.pdf,9,营业收入的比例（% ） 2.40 2.25 增加0.15个百分点 2.66 报告期末公司前三年主要会计数据和财务指标的说明 √适用 □不适用 1. 报告期内，光伏产业链“反内卷”政策推动行业从“规模扩张”向“质量跃 升”转型，在此政策调整期内，受组件价格上涨影响，国内外部分光伏电站建设出现 了延期情形，导致公司部分订单交付延缓，影响报告期内收入确认规模。 2. 报告期内，国内行业调整仍在产能出清阶段，行业竞争态势依然严峻，为巩 固市场地位， 公司产品销售结构中单价及毛利率相对较低的固定支架占比提升， 拉低 整体毛利水平。 3. 报告期内，公司为推进全球化战略，在沙特、迪拜及欧洲等全球多地布局多 中心、 分支机构与海外区域总部， 推行属地化人才搭建和本地化运营， 相关投入较大， 使得期间费用维持高位，对当期利润构成压力。 4. 公司海外业务占比较高，结算货币以美元等为主。2025 年，受国际,0.91
688499.SH,利元亨,2025,Q_G_REVENUE_GROWTH,23.9798900219,pending,https://www.sse.com.cn/disclosure/listedinfo/announcement/c/new/2026-04-16/688499_20260416_D8ZN.pdf,data/raw/688499.SH/2025/annual_report.pdf,7,"营业收入 3,077,349,409.66 2,482,135,940.85 23.98 4,994,380,197.68",0.91
688499.SH,利元亨,2025,Q_G_REVENUE_GROWTH,-33.3333333333,pending,https://www.sse.com.cn/disclosure/listedinfo/announcement/c/new/2026-04-16/688499_20260416_D8ZN.pdf,data/raw/688499.SH/2025/annual_report.pdf,8,"营业收入同比增加； （2）公 司持续推动技术降本与供应链资源优化，有效提升主营业务毛利率； （3）严格执行预算管理，优 化组织架构与资源配置， 期间费用总额及期间费用率实现有效降低； （4） 公司加大对应收账款的 催收管理力度，客户回款状况整体改善，前期计提的信用减值损失实现了部分冲回； （5）公司在 2025 年实施股权激励计划， 报告期内计提股份支付费用 2,484.97 万元， 扣除股份支付费用影响后 的净利润 7,262.84 万元。 2、2025 年实现经营活动产生的现金流量净额 52,568.23 万元，同比增长 664.92%。主要系公 司加大对应收账款的催收管理力度，客户回款状况整体改善，同时与客户沟通促进新项目发货回 款；另一方面，公司进一步严控资金支出，优化调整供应商付款方式，有效减少报告期内经营性 现金流出所致。 七、境内外会计准则下会计数据差异 (一) 同时按照国际",0.91
688499.SH,利元亨,2025,Q_G_ROE,2.26,pending,https://www.sse.com.cn/disclosure/listedinfo/announcement/c/new/2026-04-16/688499_20260416_D8ZN.pdf,data/raw/688499.SH/2025/annual_report.pdf,7,0 扣除非经常性损益后的基本每股 收益(元／股) 0.21 -8.10 不适用-1.76 加权平均净资产收益率(%) 2.26 -51.89 增加54.15个 百分点-7.49 净资产收益率(%) 扣除非经常性损益后,0.92
688499.SH,利元亨,2025,Q_G_ROE,2.26,pending,https://www.sse.com.cn/disclosure/listedinfo/announcement/c/new/2026-04-16/688499_20260416_D8ZN.pdf,data/raw/688499.SH/2025/annual_report.pdf,8,8.12 元，扣除非经常性损益后的基本每股收益为 0.21 元，上年同期为-8.10 元，加权平均净资产收益率为 2.26%，较上年增加 54.15 个百分点，扣 除非经常性损益后的加权平均净资产收益率为 1.5,0.92
688499.SH,利元亨,2025,Q_G_ROE,1.54,pending,https://www.sse.com.cn/disclosure/listedinfo/announcement/c/new/2026-04-16/688499_20260416_D8ZN.pdf,data/raw/688499.SH/2025/annual_report.pdf,8,权平均净资产收益率为 2.26%，较上年增加 54.15 个百分点，扣 除非经常性损益后的加权平均净资产收益率为 1.54%，较上年增加 53.32 个百分点，变动的主要 原因是： (1)新能源行业景气度提升，公,0.92
688556.SH,高测股份,2025,Q_G_REVENUE_GROWTH,-18.4253823532,pending,https://www.sse.com.cn/disclosure/listedinfo/announcement/c/new/2026-03-31/688556_20260331_S27I.pdf,data/raw/688556.SH/2025/annual_report.pdf,8,"营业收入 3,649,841,529.46 4,474,236,759.85 -18.43 6,183,894,218. 73 扣除与主营业务无关的业 务收入和不具备商业实质 的收入后的营业收入 3,619,567,532.82 4,452,082,350.72 -18.70 6,164,384,383. 57",0.91
688556.SH,高测股份,2025,Q_G_REVENUE_GROWTH,-6.84684684685,pending,https://www.sse.com.cn/disclosure/listedinfo/announcement/c/new/2026-03-31/688556_20260331_S27I.pdf,data/raw/688556.SH/2025/annual_report.pdf,9,营业收入的比例（%） 5.17 5.55 减少0.38个百分点 6.29 报告期末公司前三年主要会计数据和财务指标的说明 √适用 □不适用 1、报告期内，公司,0.91
688560.SH,明冠新材,2025,Q_G_REVENUE_GROWTH,-16.7014185306,pending,https://www.sse.com.cn/disclosure/listedinfo/announcement/c/new/2026-04-28/688560_20260428_B4LP.pdf,data/raw/688560.SH/2025/annual_report.pdf,7,"营业收入 719,597,123.50 863,876,804.15 -16.70 1,396,281,787.16 扣除与主营业务无关的业 务收入和不具备商业实质 的收入后的营业收入 706,883,122.56 848,718,099.27 -16.71 1,354,258,668.92",0.91
688560.SH,明冠新材,2025,Q_G_REVENUE_GROWTH,-0.42194092827,pending,https://www.sse.com.cn/disclosure/listedinfo/announcement/c/new/2026-04-28/688560_20260428_B4LP.pdf,data/raw/688560.SH/2025/annual_report.pdf,8,营业收入的比例 （%） 4.72 4.74 减少0.02个百 分点 3.94 报告期末公司前三年主要会计数据和财务指标的说明 √适用 □不适用 1、,0.91
688567.SH,孚能科技,2025,Q_G_REVENUE_GROWTH,-21.94837136,pending,https://www.sse.com.cn/disclosure/listedinfo/announcement/c/new/2026-04-30/688567_20260430_T7JY.pdf,data/raw/688567.SH/2025/annual_report.pdf,7,"营业收入 9,116,796,003.76 11,680,468,636.74 -21.95 16,436,419,118.50 扣除与主营业务无关的业 务收入和不具备商业实质 的收入后的营业收入 8,690,078,212.76 11,339,264,322.87 -23.36 15,428,976,035.61",0.91
688567.SH,孚能科技,2025,Q_G_REVENUE_GROWTH,14.6617433369,pending,https://www.sse.com.cn/disclosure/listedinfo/announcement/c/new/2026-04-30/688567_20260430_T7JY.pdf,data/raw/688567.SH/2025/annual_report.pdf,8,"营业收入 2,325,244,673.15 2,027,916,727.48 2,211,022,790.88 2,552,611,812.25",0.91
688599.SH,天合光能,2025,Q_G_REVENUE_GROWTH,-16.6091954538,pending,https://www.sse.com.cn/disclosure/listedinfo/announcement/c/new/2026-04-30/688599_20260430_VKTH.pdf,data/raw/688599.SH/2025/annual_report.pdf,8,"营业收入 66,974,548,527.63 80,314,069,269.50 80,281,742,129.34 -16.61 113,473,466,708.91 113,410,686,218.03 扣 除 与 主 营 业 务 无 关 的 业 务 收 入 和 不 具 备 商 业 实 质 的 收 入 后 的 营 业 收 入 64,546,159,428.01 78,813,829,028.70 78,813,829,028.70 -18.10 111,263,179,721.25 111,263,179,721.25",0.91
688599.SH,天合光能,2025,Q_G_REVENUE_GROWTH,-11.9942196532,pending,https://www.sse.com.cn/disclosure/listedinfo/announcement/c/new/2026-04-30/688599_20260430_VKTH.pdf,data/raw/688599.SH/2025/annual_report.pdf,9,"营业收入的 比例（%） 6.09 6.92 6.92 减少0.83个 百分点 4.87 4.88 报告期末公司前三年主要会计数据和财务指标的说明 √适用 □不适用 报告期内公司实现营业总收入 669.75 亿元，同比下降 16.61%，加权平均净资产收益率为- 30.61%，同比下降 18.85 个百分点，扣除非经常性损益后的加权平均净资产收益率为-32.21%， 同比下降 14.25 个百分点。 报告期末公司总资产为 1,150.14 亿元，同比下降 7.29%，",0.91
688611.SH,杭州柯林,2025,Q_G_REVENUE_GROWTH,-61.8285038628,pending,https://www.sse.com.cn/disclosure/listedinfo/announcement/c/new/2026-04-22/688611_20260422_6XZZ.pdf,data/raw/688611.SH/2025/annual_report.pdf,9,"营业收入 206,649,138.32 541,370,287.34 -61.83 201,828,387.13 扣除与主营业务无关的业务 收入和不具备商业实质的收 入后的营业收入 206,291,633.25 540,683,104.39 -61.85 199,038,967.48",0.91
688611.SH,杭州柯林,2025,Q_G_REVENUE_GROWTH,161.076345432,pending,https://www.sse.com.cn/disclosure/listedinfo/announcement/c/new/2026-04-22/688611_20260422_6XZZ.pdf,data/raw/688611.SH/2025/annual_report.pdf,10,营业收入的比例（% ） 20.86 7.99 增加12.87个百 分点 20.07 报告期末公司前三年主要会计数据和财务指标的说明 √适用 □不适用 1、2025 年度公司营业总收入同比减少 61.83%、扣除与主营业务无关的业务收入和不具备商 业实质的收入后的营业收入同比减少 61.85%、,0.91
688616.SH,西力科技,2025,Q_G_REVENUE_GROWTH,-3.51838027796,pending,https://www.sse.com.cn/disclosure/listedinfo/announcement/c/new/2026-04-28/688616_20260428_Y7P3.pdf,data/raw/688616.SH/2025/annual_report.pdf,7,"营业收入 566,442,592.54 587,098,966.80 -3.52 565,181,951.87",0.91
688616.SH,西力科技,2025,Q_G_REVENUE_GROWTH,-32.5723167815,pending,https://www.sse.com.cn/disclosure/listedinfo/announcement/c/new/2026-04-28/688616_20260428_Y7P3.pdf,data/raw/688616.SH/2025/annual_report.pdf,8,"营业收入 100,871,693.75 149,599,821.52 152,423,118.22 163,547,959.05",0.91
688638.SH,誉辰智能,2025,Q_G_REVENUE_GROWTH,42.47473222,pending,https://www.sse.com.cn/disclosure/listedinfo/announcement/c/new/2026-04-25/688638_20260425_UKMM.pdf,data/raw/688638.SH/2025/annual_report.pdf,8,"营业收入 721,501,961.50 506,406,960.91 42.47 1,118,705,669.45 扣除与主营业务无关的业 务收入和不具备商业实质 的收入后的营业收入 698,143,436.33 496,506,087.02 40.61 1,118,284,075.06",0.91
688638.SH,誉辰智能,2025,Q_G_REVENUE_GROWTH,4.30308699719,pending,https://www.sse.com.cn/disclosure/listedinfo/announcement/c/new/2026-04-25/688638_20260425_UKMM.pdf,data/raw/688638.SH/2025/annual_report.pdf,9,营业收入的比例 （%） 11.15 10.69 增加0.46个百 分点 5.06 报告期末公司前三年主要会计数据和财务指标的说明 √适用 □不适用 1.报告期内，公司营业收入同比增加 42.47 %，主要系子公司深圳市嘉洋电池股份有限公司 并表导致； 2.报告期内，,0.91
688660.SH,电气风电,2025,Q_G_REVENUE_GROWTH,31.0707728538,pending,https://www.sse.com.cn/disclosure/listedinfo/announcement/c/new/2026-05-13/688660_20260513_J48O.pdf,data/raw/688660.SH/2025/annual_report.pdf,7,"营业收入 13,681,194,183.62 10,438,020,533.29 31.07 10,114,212,908.77 扣除与主营业务无 关的业务收入和不 具备商业实质的收 入后的营业收入 13,625,003,700.79 10,373,541,573.98 31.34 10,062,667,141.68",0.91
688660.SH,电气风电,2025,Q_G_REVENUE_GROWTH,-26.9681742044,pending,https://www.sse.com.cn/disclosure/listedinfo/announcement/c/new/2026-05-13/688660_20260513_J48O.pdf,data/raw/688660.SH/2025/annual_report.pdf,8,营业收入的比例（%） 4.36 5.97 减少1.61个百 分点 6.51 报告期末公司前三年主要会计数据和财务指标的说明 √适用 □不适用 1、 由于 2024 年度新增风机产品销售订单量同比有较大提升， 因此 2025 年度公司风机销售收 入相应有大幅增长。 2、由于 2024 年度及 2025 年度新接订单有大幅增加，公司 2025 年度销售商品收到的现金增 加，因此经营活动产生的现金流量净额较上年同期增加 5.54 亿元。 其他说明详见第三节“五、报告期内主要经营情况”中的相关内容。 七、境内外会计准则下会计数据差异 (一) 同时按照国际会计准则与按中国会计准则披露的财务报告中净利润和,0.91
688660.SH,电气风电,2025,Q_S_ENV_INVEST_RATE,0.02,pending,https://www.sse.com.cn/disclosure/listedinfo/announcement/c/new/2026-04-21/688660_20260421_KRBF.pdf,data/raw/688660.SH/2025/esg_report.pdf,54,Chinese single-year environmental table row: 环保总投入占营业收入比例 % 0.02,0.9
688681.SH,科汇股份,2025,Q_G_REVENUE_GROWTH,20.3120094216,pending,https://www.sse.com.cn/disclosure/listedinfo/announcement/c/new/2026-04-16/688681_20260416_UXOJ.pdf,data/raw/688681.SH/2025/annual_report.pdf,7,"营业收入 505,493,645.02 420,152,275.28 20.31 344,010,240.67",0.91
688681.SH,科汇股份,2025,Q_G_REVENUE_GROWTH,-2.26086956522,pending,https://www.sse.com.cn/disclosure/listedinfo/announcement/c/new/2026-04-16/688681_20260416_UXOJ.pdf,data/raw/688681.SH/2025/annual_report.pdf,8,"营业收入的比例（%） 11.24 11.50 减少0.26个百 分点 12.11 报告期末公司前三年主要会计数据和财务指标的说明 √适用 □不适用 1、报告期内，实现营业收入 50,549.36 万元，同比增长 20.31%，主要原因系受益于电力系 统设备自主可控升级和磁阻电机产品迭代和新应用场景拓展影响，公司智能电网故障监测与自动 化产品和磁阻电机驱动系统产品销售收入同比增加。 2、报告期内，实现",0.91
688719.SH,爱科赛博,2025,Q_G_REVENUE_GROWTH,-3.47830614418,pending,https://www.sse.com.cn/disclosure/listedinfo/announcement/c/new/2026-04-22/688719_20260422_4510.pdf,data/raw/688719.SH/2025/annual_report.pdf,7,"营业收入 90,282.02 93,535.47 97,227.44 -3.48 82,606.33 扣除与主营业务无关的业 务收入和不具备商业实质 的收入后的营业收入 88,652.48 90,940.81 94,632.78 -2.52 80,861.68",0.91
688719.SH,爱科赛博,2025,Q_G_REVENUE_GROWTH,28.9386947924,pending,https://www.sse.com.cn/disclosure/listedinfo/announcement/c/new/2026-04-22/688719_20260422_4510.pdf,data/raw/688719.SH/2025/annual_report.pdf,8,营业收入的比例（% ） 19.56 15.17 14.60 增加4.39个百分点 10.80 报告期末公司前三年主要会计数据和财务指标的说明 √适用 □不适用 1、报告期内，,0.91
688778.SH,厦钨新能,2025,Q_G_REVENUE_GROWTH,46.7036070545,pending,https://www.sse.com.cn/disclosure/listedinfo/announcement/c/new/2026-04-23/688778_20260423_IURT.pdf,data/raw/688778.SH/2025/annual_report.pdf,10,"营业收入 19,879,565,539.77 13,550,836,232.94 13,296,790,264.71 46.70 17,665,444,977.28 17,310,873,278.22",0.91
688778.SH,厦钨新能,2025,Q_G_REVENUE_GROWTH,-33.6799950343,pending,https://www.sse.com.cn/disclosure/listedinfo/announcement/c/new/2026-04-23/688778_20260423_IURT.pdf,data/raw/688778.SH/2025/annual_report.pdf,12,"营业收入 3,023,228,481.15 4,558,546,825.67 5,477,443,915.55 6,820,346,317.40",0.91
688779.SH,五矿新能,2025,Q_G_REVENUE_GROWTH,68.6209068915,pending,https://www.sse.com.cn/disclosure/listedinfo/announcement/c/new/2026-04-29/688779_20260429_6XCV.pdf,data/raw/688779.SH/2025/annual_report.pdf,7,"营业收入 9,340,087,286.82 5,539,103,933.79 68.62 10,729,036,201.2 3",0.91
688779.SH,五矿新能,2025,Q_G_REVENUE_GROWTH,-31.6666666667,pending,https://www.sse.com.cn/disclosure/listedinfo/announcement/c/new/2026-04-29/688779_20260429_6XCV.pdf,data/raw/688779.SH/2025/annual_report.pdf,8,营业收入的比例（%） 2.87 4.20 减少1.33个百 分点 3.51 报告期末公司前三年主要会计数据和财务指标的说明 □适用 □不适用 项目名称 变动比例 变动原因 营业收入 68.62% 主要系报告期内新能源 材 料 市 场 需 求 持 续 扩 大，公司销售订单增长， 销量增加导致营业收入 上涨。,0.91
688819.SH,天能股份,2025,Q_G_REVENUE_GROWTH,1.66637234727,pending,https://www.sse.com.cn/disclosure/listedinfo/announcement/c/new/2026-03-28/688819_20260328_AAOL.pdf,data/raw/688819.SH/2025/annual_report.pdf,10,"营业收入 45,792,356,231.30 45,041,792,260.36 1.67 47,747,570,975.02",0.91
688819.SH,天能股份,2025,Q_G_REVENUE_GROWTH,-2.64423076923,pending,https://www.sse.com.cn/disclosure/listedinfo/announcement/c/new/2026-03-28/688819_20260328_AAOL.pdf,data/raw/688819.SH/2025/annual_report.pdf,11,营业收入的比例（%） 4.05 4.16 减少0.11个 百分点 3.75 报告期末公司前三年主要会计数据和财务指标的说明 □适用 √不适用 七、境内外会计准则下会计数据差异 (一) 同时按照国际会计准则与按中国会计准则披露的财务报告中净利润和,0.91
920496.BJ,许昌智能,2025,Q_G_ROE,1.91,pending,https://www.bse.cn/disclosure/2026/2026-04-29/2c386e30eab54c8d9654436aadf1a2aa.pdf,data/raw/920496.BJ/2025/annual_report.pdf,8,主要会计数据加权平均净资产收益率行: 加权平均净资产收益率%（依据 归属于上市公司股东的净利润 计算） 1.91% 7.70% - 11.77%,0.94
920496.BJ,许昌智能,2025,Q_G_ROE,9,pending,https://www.bse.cn/disclosure/2026/2026-04-29/2c386e30eab54c8d9654436aadf1a2aa.pdf,data/raw/920496.BJ/2025/annual_report.pdf,208,"6.32 加权平均净资产 8=4+1*0.5+ 5-6+7 576,204,970.87 加权平均净资产收益率 9=1/8 1.91% 扣除非经常性损益后加权平均净资产收益率 10=3/8 1.30% [",0.92
920779.BJ,武汉蓝电,2025,Q_G_ROE,12.59,pending,https://www.bse.cn/disclosure/2026/2026-03-20/172127937d634d47bd61af171462ffbe.pdf,data/raw/920779.BJ/2025/annual_report.pdf,8,主要会计数据加权平均净资产收益率行: 加权平均净资产收益率%（依据 归属于上市公司股东的净利润 计算） 12.59% 14.23% - 25.07%,0.94
920779.BJ,武汉蓝电,2025,Q_G_ROE,158,pending,https://www.bse.cn/disclosure/2026/2026-03-20/172127937d634d47bd61af171462ffbe.pdf,data/raw/920779.BJ/2025/annual_report.pdf,158,主要会计数据加权平均净资产收益率行: 加权平均净资产 收益率（%） 158,0.94
920779.BJ,武汉蓝电,2025,Q_G_ROE,12.59,pending,https://www.bse.cn/disclosure/2026/2026-03-20/172127937d634d47bd61af171462ffbe.pdf,data/raw/920779.BJ/2025/annual_report.pdf,159,"M-G× H/M-I×J/M+K×K1/M+L× L1/M 498,693,471.45 加权平均净资产收益率 O=A/N 12.59% 扣除非经常损益加权平均净资产收益率 P=C/N 11.46% 3. 基本每股收益和稀释",0.92
920779.BJ,武汉蓝电,2025,Q_G_ROE,11.46,pending,https://www.bse.cn/disclosure/2026/2026-03-20/172127937d634d47bd61af171462ffbe.pdf,data/raw/920779.BJ/2025/annual_report.pdf,159,"98,693,471.45 加权平均净资产收益率 O=A/N 12.59% 扣除非经常损益加权平均净资产收益率 P=C/N 11.46% 3. 基本每股收益和稀释每股收益的计算过程 (1) 基本每股收益的计算过程 项 目 序",0.92
920809.BJ,安达科技,2025,Q_G_ROE,-15.24,pending,https://www.bse.cn/disclosure/2026/2026-04-28/80bd6e5011584fd6a671dd731579b789.pdf,data/raw/920809.BJ/2025/annual_report.pdf,10,主要会计数据加权平均净资产收益率行: 加权平均净资产收益率%（依据 归属于上市公司股东的净利润计 算） -15.24% -32.14% - -24.85%,0.94
920809.BJ,安达科技,2025,Q_G_ROE,-15.24,pending,https://www.bse.cn/disclosure/2026/2026-04-28/80bd6e5011584fd6a671dd731579b789.pdf,data/raw/920809.BJ/2025/annual_report.pdf,148,"= D+A/2+ E×F/K- G×H/K±I×J/K 1,684,840,061.65 加权平均净资产收益率 M=A/L -15.24% 扣除非经常损益加权平均净资产收益率 N=C/L -16.16% 3. 基本每股收益和稀",0.92
920809.BJ,安达科技,2025,Q_G_ROE,-16.16,pending,https://www.bse.cn/disclosure/2026/2026-04-28/80bd6e5011584fd6a671dd731579b789.pdf,data/raw/920809.BJ/2025/annual_report.pdf,148,"4,840,061.65 加权平均净资产收益率 M=A/L -15.24% 扣除非经常损益加权平均净资产收益率 N=C/L -16.16% 3. 基本每股收益和稀释每股收益的计算过程 (1)基本每股收益的计算过程 项 目 序号",0.92
