company_code,company_name,report_year,indicator_code,candidate_count,distinct_values,source_pages,recommended_value,review_reason
600236.SH,桂冠电力,2025,Q_G_AR_TURNOVER,1,4.85589,101,4.85589,single_or_consistent
600236.SH,桂冠电力,2025,Q_G_ASSET_TURNOVER,1,0.33822,102,0.33822,single_or_consistent
600236.SH,桂冠电力,2025,Q_G_CASH_CURRENT_LIABILITY,1,51.9976,110,51.9976,single_or_consistent
600236.SH,桂冠电力,2025,Q_G_CASH_REALIZATION,1,113.935,109,113.935,single_or_consistent
600236.SH,桂冠电力,2025,Q_G_COST_REVENUE_RATE,1,58.5211,105,58.5211,single_or_consistent
600236.SH,桂冠电力,2025,Q_G_CURRENT_ASSET_TURNOVER,1,2.16569,101,2.16569,single_or_consistent
600236.SH,桂冠电力,2025,Q_G_DEBT_ASSET_RATE,2,54.2174|54.22,11|103,,conflicting_candidates
600236.SH,桂冠电力,2025,Q_G_EBITDA_INTEREST,1,9.74144,106,9.74144,single_or_consistent
600236.SH,桂冠电力,2025,Q_G_OPERATING_MARGIN,1,42.8375,106,42.8375,single_or_consistent
600236.SH,桂冠电力,2025,Q_G_REVENUE_GROWTH,1,8.27805,6,8.27805,single_or_consistent
600236.SH,桂冠电力,2025,Q_G_ROA,1,16.0505,106,16.0505,single_or_consistent
600236.SH,桂冠电力,2025,Q_G_ROE,1,18.39,7,18.39,single_or_consistent
600236.SH,桂冠电力,2025,Q_G_TWO_FUNDS_RATE,1,45.8813,101,45.8813,single_or_consistent
600236.SH,桂冠电力,2025,Q_S_DIVIDEND_PER_SHARE,1,0.293,54,0.293,single_or_consistent
600236.SH,桂冠电力,2025,Q_S_RD_RATE,3,1.92,13|15|20,1.92,single_or_consistent
600339.SH,中油工程,2025,Q_G_AR_TURNOVER,1,6.93328,81,6.93328,single_or_consistent
600339.SH,中油工程,2025,Q_G_ASSET_TURNOVER,1,1.6162,82,1.6162,single_or_consistent
600339.SH,中油工程,2025,Q_G_CASH_REALIZATION,1,122.832,89,122.832,single_or_consistent
600339.SH,中油工程,2025,Q_G_COST_REVENUE_RATE,1,98.702,85,98.702,single_or_consistent
600339.SH,中油工程,2025,Q_G_CURRENT_ASSET_TURNOVER,1,0.928248,81,0.928248,single_or_consistent
600339.SH,中油工程,2025,Q_G_DEBT_ASSET_RATE,1,78.1716,83,78.1716,single_or_consistent
600339.SH,中油工程,2025,Q_G_EBITDA_INTEREST,1,4.04024,86,4.04024,single_or_consistent
600339.SH,中油工程,2025,Q_G_OPERATING_MARGIN,1,1.07189,86,1.07189,single_or_consistent
600339.SH,中油工程,2025,Q_G_OPERATING_PROFIT_GROWTH,1,-19.4272,86,-19.4272,single_or_consistent
600339.SH,中油工程,2025,Q_G_REVENUE_GROWTH,1,15.9844,7,15.9844,single_or_consistent
600339.SH,中油工程,2025,Q_G_ROA,1,2.32713,86,2.32713,single_or_consistent
600339.SH,中油工程,2025,Q_G_ROE,1,1.34,7,1.34,single_or_consistent
600339.SH,中油工程,2025,Q_G_TWO_FUNDS_RATE,1,30.9479,81,30.9479,single_or_consistent
600339.SH,中油工程,2025,Q_S_DIVIDEND_PER_SHARE,1,0.026,50,0.026,single_or_consistent
600339.SH,中油工程,2025,Q_S_RD_RATE,2,2.52,12|20,2.52,single_or_consistent
600406.SH,国电南瑞,2025,Q_G_AR_TURNOVER,1,3.83774,121,3.83774,single_or_consistent
600406.SH,国电南瑞,2025,Q_G_ASSET_TURNOVER,1,1.33652,122,1.33652,single_or_consistent
600406.SH,国电南瑞,2025,Q_G_CASH_CURRENT_LIABILITY,1,30.8836,134,30.8836,single_or_consistent
600406.SH,国电南瑞,2025,Q_G_CASH_REALIZATION,1,111.244,133,111.244,single_or_consistent
600406.SH,国电南瑞,2025,Q_G_COST_REVENUE_RATE,1,86.0421,128,86.0421,single_or_consistent
600406.SH,国电南瑞,2025,Q_G_CURRENT_ASSET_TURNOVER,1,1.45617,121,1.45617,single_or_consistent
600406.SH,国电南瑞,2025,Q_G_DEBT_ASSET_RATE,1,42.7306,123,42.7306,single_or_consistent
600406.SH,国电南瑞,2025,Q_G_EBITDA_INTEREST,1,491.888,129,491.888,single_or_consistent
600406.SH,国电南瑞,2025,Q_G_OPERATING_MARGIN,1,14.8112,129,14.8112,single_or_consistent
600406.SH,国电南瑞,2025,Q_G_REVENUE_GROWTH,1,14.5252,13,14.5252,single_or_consistent
600406.SH,国电南瑞,2025,Q_G_ROA,1,19.8552,129,19.8552,single_or_consistent
600406.SH,国电南瑞,2025,Q_G_ROE,1,16.26,14,16.26,single_or_consistent
600406.SH,国电南瑞,2025,Q_G_TWO_FUNDS_RATE,1,54.0805,121,54.0805,single_or_consistent
600406.SH,国电南瑞,2025,Q_S_DIVIDEND_PER_SHARE,1,0.622,71,0.622,single_or_consistent
600406.SH,国电南瑞,2025,Q_S_RD_RATE,1,7.16,31,7.16,single_or_consistent
600803.SH,新奥股份,2025,Q_G_REVENUE_GROWTH,1,-3.22426,8,-3.22426,single_or_consistent
600803.SH,新奥股份,2025,Q_G_ROE,1,19.35,9,19.35,single_or_consistent
600803.SH,新奥股份,2025,Q_S_DIVIDEND_PER_SHARE,1,1.14,68,1.14,single_or_consistent
600803.SH,新奥股份,2025,Q_S_RD_RATE,1,0.74,34,0.74,single_or_consistent
600821.SH,金开新能,2025,Q_G_AR_TURNOVER,1,0.44952,86,0.44952,single_or_consistent
600821.SH,金开新能,2025,Q_G_ASSET_TURNOVER,1,0.0869431,87,0.0869431,single_or_consistent
600821.SH,金开新能,2025,Q_G_CASH_CURRENT_LIABILITY,1,43.2437,93,43.2437,single_or_consistent
600821.SH,金开新能,2025,Q_G_CASH_REALIZATION,1,187.74,93,187.74,single_or_consistent
600821.SH,金开新能,2025,Q_G_COST_REVENUE_RATE,1,81.7461,90,81.7461,single_or_consistent
600821.SH,金开新能,2025,Q_G_CURRENT_ASSET_TURNOVER,1,0.348469,86,0.348469,single_or_consistent
600821.SH,金开新能,2025,Q_G_DEBT_ASSET_RATE,1,72.4189,87,72.4189,single_or_consistent
600821.SH,金开新能,2025,Q_G_EBITDA_INTEREST,1,1.37333,91,1.37333,single_or_consistent
600821.SH,金开新能,2025,Q_G_OPERATING_MARGIN,1,7.97675,91,7.97675,single_or_consistent
600821.SH,金开新能,2025,Q_G_OPERATING_PROFIT_GROWTH,1,-74.2123,91,-74.2123,single_or_consistent
600821.SH,金开新能,2025,Q_G_REVENUE_GROWTH,1,-4.44311,7,-4.44311,single_or_consistent
600821.SH,金开新能,2025,Q_G_ROA,1,2.78067,91,2.78067,single_or_consistent
600821.SH,金开新能,2025,Q_G_ROE,1,1.11,7,1.11,single_or_consistent
600821.SH,金开新能,2025,Q_G_TWO_FUNDS_RATE,1,77.1935,86,77.1935,single_or_consistent
600821.SH,金开新能,2025,Q_S_DIVIDEND_PER_SHARE,1,0.1,52,0.1,single_or_consistent
600821.SH,金开新能,2025,Q_S_RD_RATE,1,0.36,21,0.36,single_or_consistent
600875.SH,东方电气,2025,Q_G_REVENUE_GROWTH,1,13.1062,5,13.1062,single_or_consistent
600875.SH,东方电气,2025,Q_G_ROE,1,9,6,9,single_or_consistent
600875.SH,东方电气,2025,Q_S_DIVIDEND_PER_SHARE,1,0.53,45,0.53,single_or_consistent
600875.SH,东方电气,2025,Q_S_RD_RATE,1,4.94,19,4.94,single_or_consistent
600885.SH,宏发股份,2025,Q_G_AR_TURNOVER,1,4.63995,82,4.63995,single_or_consistent
600885.SH,宏发股份,2025,Q_G_ASSET_TURNOVER,1,1.43559,83,1.43559,single_or_consistent
600885.SH,宏发股份,2025,Q_G_CASH_CURRENT_LIABILITY,1,47.8302,91,47.8302,single_or_consistent
600885.SH,宏发股份,2025,Q_G_CASH_REALIZATION,1,102.484,91,102.484,single_or_consistent
600885.SH,宏发股份,2025,Q_G_COST_REVENUE_RATE,1,85.5233,87,85.5233,single_or_consistent
600885.SH,宏发股份,2025,Q_G_CURRENT_ASSET_TURNOVER,1,2.29233,83,2.29233,single_or_consistent
600885.SH,宏发股份,2025,Q_G_DEBT_ASSET_RATE,2,31.47|31.4741,79|84,,conflicting_candidates
600885.SH,宏发股份,2025,Q_G_EBITDA_INTEREST,1,20.6561,88,20.6561,single_or_consistent
600885.SH,宏发股份,2025,Q_G_OPERATING_MARGIN,1,15.6635,87,15.6635,single_or_consistent
600885.SH,宏发股份,2025,Q_G_OPERATING_PROFIT_GROWTH,1,10.2298,87,10.2298,single_or_consistent
600885.SH,宏发股份,2025,Q_G_REVENUE_GROWTH,1,21.9818,8,21.9818,single_or_consistent
600885.SH,宏发股份,2025,Q_G_ROA,1,23.5788,88,23.5788,single_or_consistent
600885.SH,宏发股份,2025,Q_G_ROE,1,17.23,8,17.23,single_or_consistent
600885.SH,宏发股份,2025,Q_G_TWO_FUNDS_RATE,1,56.2283,83,56.2283,single_or_consistent
600885.SH,宏发股份,2025,Q_S_DIVIDEND_PER_SHARE,1,0.347,44,0.347,single_or_consistent
600885.SH,宏发股份,2025,Q_S_RD_RATE,1,5.31,23,5.31,single_or_consistent
600900.SH,长江电力,2025,Q_E_ENERGY_INTENSITY,1,2,67,2,single_or_consistent
600900.SH,长江电力,2025,Q_E_GHG_INTENSITY,1,6.68,56,6.68,single_or_consistent
600900.SH,长江电力,2025,Q_E_WATER_INTENSITY,1,810,14,810,single_or_consistent
600900.SH,长江电力,2025,Q_G_AR_TURNOVER,1,10.4041,80,10.4041,single_or_consistent
600900.SH,长江电力,2025,Q_G_ASSET_TURNOVER,1,0.300291,81,0.300291,single_or_consistent
600900.SH,长江电力,2025,Q_G_CAPITAL_ACCUMULATION,1,5.07761,82,5.07761,single_or_consistent
600900.SH,长江电力,2025,Q_G_CASH_CURRENT_LIABILITY,1,50.919,88,50.919,single_or_consistent
600900.SH,长江电力,2025,Q_G_CASH_REALIZATION,1,116.837,88,116.837,single_or_consistent
600900.SH,长江电力,2025,Q_G_COST_REVENUE_RATE,1,56.546,84,56.546,single_or_consistent
600900.SH,长江电力,2025,Q_G_CURRENT_ASSET_TURNOVER,1,5.56476,80,5.56476,single_or_consistent
600900.SH,长江电力,2025,Q_G_DEBT_ASSET_RATE,2,58.2695|58.27,14|81,,conflicting_candidates
600900.SH,长江电力,2025,Q_G_EBITDA_INTEREST,1,5.38964,85,5.38964,single_or_consistent
600900.SH,长江电力,2025,Q_G_OPERATING_MARGIN,1,49.3952,85,49.3952,single_or_consistent
600900.SH,长江电力,2025,Q_G_REVENUE_GROWTH,1,2.07129,6,2.07129,single_or_consistent
600900.SH,长江电力,2025,Q_G_ROA,1,17.8445,85,17.8445,single_or_consistent
600900.SH,长江电力,2025,Q_G_ROE,2,15.9,7|14,15.9,single_or_consistent
600900.SH,长江电力,2025,Q_G_TWO_FUNDS_RATE,1,58.6617,80,58.6617,single_or_consistent
600900.SH,长江电力,2025,Q_S_DIVIDEND_PER_SHARE,1,1,40,1,single_or_consistent
600900.SH,长江电力,2025,Q_S_RD_RATE,1,2.85,15,2.85,single_or_consistent
600956.SH,新天绿能,2025,Q_G_AR_TURNOVER,1,2.90729,130,2.90729,single_or_consistent
600956.SH,新天绿能,2025,Q_G_ASSET_TURNOVER,1,0.223436,131,0.223436,single_or_consistent
600956.SH,新天绿能,2025,Q_G_CASH_CURRENT_LIABILITY,1,28.4249,139,28.4249,single_or_consistent
600956.SH,新天绿能,2025,Q_G_CASH_REALIZATION,1,116.892,138,116.892,single_or_consistent
600956.SH,新天绿能,2025,Q_G_COST_REVENUE_RATE,1,90.4414,135,90.4414,single_or_consistent
600956.SH,新天绿能,2025,Q_G_CURRENT_ASSET_TURNOVER,1,1.32092,131,1.32092,single_or_consistent
600956.SH,新天绿能,2025,Q_G_DEBT_ASSET_RATE,3,66.3|66.3042,25|110|132,,conflicting_candidates
600956.SH,新天绿能,2025,Q_G_EBITDA_INTEREST,1,3.38012,135,3.38012,single_or_consistent
600956.SH,新天绿能,2025,Q_G_OPERATING_MARGIN,1,12.1827,135,12.1827,single_or_consistent
600956.SH,新天绿能,2025,Q_G_OPERATING_PROFIT_GROWTH,1,3.27742,135,3.27742,single_or_consistent
600956.SH,新天绿能,2025,Q_G_REVENUE_GROWTH,1,-7.21176,14,-7.21176,single_or_consistent
600956.SH,新天绿能,2025,Q_G_ROA,1,4.06927,135,4.06927,single_or_consistent
600956.SH,新天绿能,2025,Q_G_ROE,1,8.12,14,8.12,single_or_consistent
600956.SH,新天绿能,2025,Q_G_TWO_FUNDS_RATE,1,54.46,131,54.46,single_or_consistent
600956.SH,新天绿能,2025,Q_S_DIVIDEND_PER_SHARE,1,0.2,67,0.2,single_or_consistent
600956.SH,新天绿能,2025,Q_S_RD_RATE,1,1.4,31,1.4,single_or_consistent
600968.SH,海油发展,2025,Q_G_AR_TURNOVER,1,4.89815,68,4.89815,single_or_consistent
600968.SH,海油发展,2025,Q_G_ASSET_TURNOVER,1,1.00058,69,1.00058,single_or_consistent
600968.SH,海油发展,2025,Q_G_CASH_CURRENT_LIABILITY,1,29.633,77,29.633,single_or_consistent
600968.SH,海油发展,2025,Q_G_CASH_REALIZATION,1,115.018,77,115.018,single_or_consistent
600968.SH,海油发展,2025,Q_G_COST_REVENUE_RATE,1,90.9003,73,90.9003,single_or_consistent
600968.SH,海油发展,2025,Q_G_CURRENT_ASSET_TURNOVER,1,1.81887,69,1.81887,single_or_consistent
600968.SH,海油发展,2025,Q_G_DEBT_ASSET_RATE,2,40.9785|40.98,14|70,,conflicting_candidates
600968.SH,海油发展,2025,Q_G_EBITDA_INTEREST,1,45.4968,74,45.4968,single_or_consistent
600968.SH,海油发展,2025,Q_G_OPERATING_MARGIN,1,10.0866,73,10.0866,single_or_consistent
600968.SH,海油发展,2025,Q_G_OPERATING_PROFIT_GROWTH,1,1.39771,73,1.39771,single_or_consistent
600968.SH,海油发展,2025,Q_G_REVENUE_GROWTH,1,-4.10129,6,-4.10129,single_or_consistent
600968.SH,海油发展,2025,Q_G_ROA,1,9.75643,74,9.75643,single_or_consistent
600968.SH,海油发展,2025,Q_G_ROE,1,13.69,7,13.69,single_or_consistent
600968.SH,海油发展,2025,Q_G_TWO_FUNDS_RATE,1,38.067,69,38.067,single_or_consistent
600968.SH,海油发展,2025,Q_S_DIVIDEND_PER_SHARE,1,0.147,41,0.147,single_or_consistent
600968.SH,海油发展,2025,Q_S_RD_RATE,2,2.49|3.33,19|23,,conflicting_candidates
600995.SH,南网储能,2025,Q_G_AR_TURNOVER,1,14.4836,87,14.4836,single_or_consistent
600995.SH,南网储能,2025,Q_G_ASSET_TURNOVER,1,0.134658,88,0.134658,single_or_consistent
600995.SH,南网储能,2025,Q_G_CASH_CURRENT_LIABILITY,1,74.4752,96,74.4752,single_or_consistent
600995.SH,南网储能,2025,Q_G_CASH_REALIZATION,1,115.86,96,115.86,single_or_consistent
600995.SH,南网储能,2025,Q_G_COST_REVENUE_RATE,1,65.0535,92,65.0535,single_or_consistent
600995.SH,南网储能,2025,Q_G_CURRENT_ASSET_TURNOVER,1,1.32357,87,1.32357,single_or_consistent
600995.SH,南网储能,2025,Q_G_DEBT_ASSET_RATE,2,54.61|54.6122,11|88,,conflicting_candidates
600995.SH,南网储能,2025,Q_G_EBITDA_INTEREST,1,6.50108,92,6.50108,single_or_consistent
600995.SH,南网储能,2025,Q_G_OPERATING_MARGIN,1,35.8639,92,35.8639,single_or_consistent
600995.SH,南网储能,2025,Q_G_OPERATING_PROFIT_GROWTH,1,40.8453,92,40.8453,single_or_consistent
600995.SH,南网储能,2025,Q_G_REVENUE_GROWTH,1,19.4919,6,19.4919,single_or_consistent
600995.SH,南网储能,2025,Q_G_ROA,1,5.61892,92,5.61892,single_or_consistent
600995.SH,南网储能,2025,Q_G_ROE,2,7.66,7|11,7.66,single_or_consistent
600995.SH,南网储能,2025,Q_G_TWO_FUNDS_RATE,1,13.4965,87,13.4965,single_or_consistent
600995.SH,南网储能,2025,Q_S_DIVIDEND_PER_SHARE,1,0.11707,52,0.11707,single_or_consistent
600995.SH,南网储能,2025,Q_S_RD_RATE,1,1.18,18,1.18,single_or_consistent
601126.SH,四方股份,2025,Q_G_AR_TURNOVER,1,6.20937,74,6.20937,single_or_consistent
601126.SH,四方股份,2025,Q_G_ASSET_TURNOVER,1,0.689938,75,0.689938,single_or_consistent
601126.SH,四方股份,2025,Q_G_CASH_CURRENT_LIABILITY,1,15.7241,83,15.7241,single_or_consistent
601126.SH,四方股份,2025,Q_G_CASH_REALIZATION,1,111.983,82,111.983,single_or_consistent
601126.SH,四方股份,2025,Q_G_COST_REVENUE_RATE,1,88.9672,78,88.9672,single_or_consistent
601126.SH,四方股份,2025,Q_G_CURRENT_ASSET_TURNOVER,1,0.767109,74,0.767109,single_or_consistent
601126.SH,四方股份,2025,Q_G_DEBT_ASSET_RATE,1,61.463,76,61.463,single_or_consistent
601126.SH,四方股份,2025,Q_G_EBITDA_INTEREST,1,3288.84,79,3288.84,single_or_consistent
601126.SH,四方股份,2025,Q_G_OPERATING_MARGIN,1,11.2235,79,11.2235,single_or_consistent
601126.SH,四方股份,2025,Q_G_OPERATING_PROFIT_GROWTH,1,14.459,79,14.459,single_or_consistent
601126.SH,四方股份,2025,Q_G_REVENUE_GROWTH,1,17.8735,8,17.8735,single_or_consistent
601126.SH,四方股份,2025,Q_G_ROA,1,7.8511,79,7.8511,single_or_consistent
601126.SH,四方股份,2025,Q_G_ROE,1,17.75,8,17.75,single_or_consistent
601126.SH,四方股份,2025,Q_G_TWO_FUNDS_RATE,1,32.999,74,32.999,single_or_consistent
601126.SH,四方股份,2025,Q_S_DIVIDEND_PER_SHARE,1,0.72,47,0.72,single_or_consistent
601126.SH,四方股份,2025,Q_S_RD_RATE,1,8.93,22,8.93,single_or_consistent
601179.SH,中国西电,2025,Q_G_AR_TURNOVER,1,4.57119,63,4.57119,single_or_consistent
601179.SH,中国西电,2025,Q_G_ASSET_TURNOVER,1,0.938488,64,0.938488,single_or_consistent
601179.SH,中国西电,2025,Q_G_CAPITAL_ACCUMULATION,1,0.279052,67,0.279052,single_or_consistent
601179.SH,中国西电,2025,Q_G_CASH_REALIZATION,1,126.577,73,126.577,single_or_consistent
601179.SH,中国西电,2025,Q_G_COST_REVENUE_RATE,1,92.8367,68,92.8367,single_or_consistent
601179.SH,中国西电,2025,Q_G_CURRENT_ASSET_TURNOVER,1,1.37607,63,1.37607,single_or_consistent
601179.SH,中国西电,2025,Q_G_DEBT_ASSET_RATE,1,46.9686,65,46.9686,single_or_consistent
601179.SH,中国西电,2025,Q_G_EBITDA_INTEREST,1,40.786,69,40.786,single_or_consistent
601179.SH,中国西电,2025,Q_G_OPERATING_MARGIN,1,6.96079,69,6.96079,single_or_consistent
601179.SH,中国西电,2025,Q_G_REVENUE_GROWTH,1,7.13262,7,7.13262,single_or_consistent
601179.SH,中国西电,2025,Q_G_ROA,1,6.79515,69,6.79515,single_or_consistent
601179.SH,中国西电,2025,Q_G_ROE,1,5.64,7,5.64,single_or_consistent
601179.SH,中国西电,2025,Q_G_TWO_FUNDS_RATE,1,43.5068,63,43.5068,single_or_consistent
601179.SH,中国西电,2025,Q_S_DIVIDEND_PER_SHARE,1,0.101,40,0.101,single_or_consistent
601179.SH,中国西电,2025,Q_S_RD_RATE,1,5.27,18,5.27,single_or_consistent
601567.SH,三星电气,2025,Q_G_AR_TURNOVER,1,4.71963,90,4.71963,single_or_consistent
601567.SH,三星电气,2025,Q_G_ASSET_TURNOVER,1,0.571424,91,0.571424,single_or_consistent
601567.SH,三星电气,2025,Q_G_CASH_CURRENT_LIABILITY,1,22.7774,98,22.7774,single_or_consistent
601567.SH,三星电气,2025,Q_G_CASH_REALIZATION,1,114.997,98,114.997,single_or_consistent
601567.SH,三星电气,2025,Q_G_COST_REVENUE_RATE,1,90.2701,94,90.2701,single_or_consistent
601567.SH,三星电气,2025,Q_G_CURRENT_ASSET_TURNOVER,1,1.01034,90,1.01034,single_or_consistent
601567.SH,三星电气,2025,Q_G_DEBT_ASSET_RATE,1,54.3342,92,54.3342,single_or_consistent
601567.SH,三星电气,2025,Q_G_EBITDA_INTEREST,1,13.6821,95,13.6821,single_or_consistent
601567.SH,三星电气,2025,Q_G_OPERATING_MARGIN,1,11.0276,95,11.0276,single_or_consistent
601567.SH,三星电气,2025,Q_G_REVENUE_GROWTH,1,-1.64181,9,-1.64181,single_or_consistent
601567.SH,三星电气,2025,Q_G_ROA,1,6.77771,95,6.77771,single_or_consistent
601567.SH,三星电气,2025,Q_G_ROE,1,10.59,9,10.59,single_or_consistent
601567.SH,三星电气,2025,Q_G_TWO_FUNDS_RATE,1,50.0318,90,50.0318,single_or_consistent
601567.SH,三星电气,2025,Q_S_DIVIDEND_PER_SHARE,1,0.63,50,0.63,single_or_consistent
601567.SH,三星电气,2025,Q_S_RD_RATE,1,4.23,25,4.23,single_or_consistent
601616.SH,广电电气,2025,Q_G_AR_TURNOVER,1,1.92531,52,1.92531,single_or_consistent
601616.SH,广电电气,2025,Q_G_ASSET_TURNOVER,1,0.48743,53,0.48743,single_or_consistent
601616.SH,广电电气,2025,Q_G_CAPITAL_ACCUMULATION,1,-2.08836,54,-2.08836,single_or_consistent
601616.SH,广电电气,2025,Q_G_CASH_CURRENT_LIABILITY,1,11.096,59,11.096,single_or_consistent
601616.SH,广电电气,2025,Q_G_CASH_REALIZATION,1,104.294,59,104.294,single_or_consistent
601616.SH,广电电气,2025,Q_G_COST_REVENUE_RATE,1,104.228,56,104.228,single_or_consistent
601616.SH,广电电气,2025,Q_G_CURRENT_ASSET_TURNOVER,1,0.431278,52,0.431278,single_or_consistent
601616.SH,广电电气,2025,Q_G_DEBT_ASSET_RATE,1,15.3749,53,15.3749,single_or_consistent
601616.SH,广电电气,2025,Q_G_EBITDA_INTEREST,1,-18.9631,57,-18.9631,single_or_consistent
601616.SH,广电电气,2025,Q_G_OPERATING_MARGIN,1,-2.93403,57,-2.93403,single_or_consistent
601616.SH,广电电气,2025,Q_G_OPERATING_PROFIT_GROWTH,1,-121.245,57,-121.245,single_or_consistent
601616.SH,广电电气,2025,Q_G_REVENUE_GROWTH,1,-26.0888,6,-26.0888,single_or_consistent
601616.SH,广电电气,2025,Q_G_ROA,1,-1.32655,57,-1.32655,single_or_consistent
601616.SH,广电电气,2025,Q_G_ROE,1,1.42,6,1.42,single_or_consistent
601616.SH,广电电气,2025,Q_G_TWO_FUNDS_RATE,1,27.4136,52,27.4136,single_or_consistent
601616.SH,广电电气,2025,Q_S_RD_RATE,1,6.82,17,6.82,single_or_consistent
601666.SH,平煤股份,2025,Q_G_AR_TURNOVER,1,10.4179,100,10.4179,single_or_consistent
601666.SH,平煤股份,2025,Q_G_ASSET_TURNOVER,1,0.44174,101,0.44174,single_or_consistent
601666.SH,平煤股份,2025,Q_G_COST_REVENUE_RATE,1,97.9941,105,97.9941,single_or_consistent
601666.SH,平煤股份,2025,Q_G_CURRENT_ASSET_TURNOVER,1,1.39522,100,1.39522,single_or_consistent
601666.SH,平煤股份,2025,Q_G_DEBT_ASSET_RATE,1,65.1476,102,65.1476,single_or_consistent
601666.SH,平煤股份,2025,Q_G_EBITDA_INTEREST,1,1.40603,106,1.40603,single_or_consistent
601666.SH,平煤股份,2025,Q_G_OPERATING_MARGIN,1,2.80823,106,2.80823,single_or_consistent
601666.SH,平煤股份,2025,Q_G_REVENUE_GROWTH,1,-32.1962,6,-32.1962,single_or_consistent
601666.SH,平煤股份,2025,Q_G_ROA,1,3.26902,106,3.26902,single_or_consistent
601666.SH,平煤股份,2025,Q_G_ROE,1,1.04,7,1.04,single_or_consistent
601666.SH,平煤股份,2025,Q_G_TWO_FUNDS_RATE,1,17.1326,100,17.1326,single_or_consistent
601666.SH,平煤股份,2025,Q_S_RD_RATE,1,3.29,16,3.29,single_or_consistent
601877.SH,正泰电器,2025,Q_G_AR_TURNOVER,1,4.39948,101,4.39948,single_or_consistent
601877.SH,正泰电器,2025,Q_G_ASSET_TURNOVER,1,0.398652,102,0.398652,single_or_consistent
601877.SH,正泰电器,2025,Q_G_CASH_CURRENT_LIABILITY,1,37.4052,108,37.4052,single_or_consistent
601877.SH,正泰电器,2025,Q_G_CASH_REALIZATION,1,129.921,108,129.921,single_or_consistent
601877.SH,正泰电器,2025,Q_G_COST_REVENUE_RATE,1,88.7281,105,88.7281,single_or_consistent
601877.SH,正泰电器,2025,Q_G_CURRENT_ASSET_TURNOVER,1,0.68131,101,0.68131,single_or_consistent
601877.SH,正泰电器,2025,Q_G_DEBT_ASSET_RATE,1,66.132,102,66.132,single_or_consistent
601877.SH,正泰电器,2025,Q_G_EBITDA_INTEREST,1,4.85037,106,4.85037,single_or_consistent
601877.SH,正泰电器,2025,Q_G_OPERATING_MARGIN,1,12.9852,106,12.9852,single_or_consistent
601877.SH,正泰电器,2025,Q_G_OPERATING_PROFIT_GROWTH,1,12.6798,106,12.6798,single_or_consistent
601877.SH,正泰电器,2025,Q_G_REVENUE_GROWTH,1,-8.33011,10,-8.33011,single_or_consistent
601877.SH,正泰电器,2025,Q_G_ROA,1,6.46351,106,6.46351,single_or_consistent
601877.SH,正泰电器,2025,Q_G_ROE,1,10.35,10,10.35,single_or_consistent
601877.SH,正泰电器,2025,Q_G_TWO_FUNDS_RATE,1,75.301,101,75.301,single_or_consistent
601877.SH,正泰电器,2025,Q_S_DIVIDEND_PER_SHARE,1,0.6,65,0.6,single_or_consistent
601877.SH,正泰电器,2025,Q_S_RD_RATE,1,2.24,31,2.24,single_or_consistent
603031.SH,安孚科技,2025,Q_G_AR_TURNOVER,1,12.2799,93,12.2799,single_or_consistent
603031.SH,安孚科技,2025,Q_G_ASSET_TURNOVER,1,0.662308,94,0.662308,single_or_consistent
603031.SH,安孚科技,2025,Q_G_CASH_CURRENT_LIABILITY,1,35.8832,101,35.8832,single_or_consistent
603031.SH,安孚科技,2025,Q_G_CASH_REALIZATION,1,105.274,101,105.274,single_or_consistent
603031.SH,安孚科技,2025,Q_G_COST_REVENUE_RATE,1,78.3683,97,78.3683,single_or_consistent
603031.SH,安孚科技,2025,Q_G_CURRENT_ASSET_TURNOVER,1,1.57299,93,1.57299,single_or_consistent
603031.SH,安孚科技,2025,Q_G_DEBT_ASSET_RATE,1,53.266,95,53.266,single_or_consistent
603031.SH,安孚科技,2025,Q_G_EBITDA_INTEREST,1,21.4187,98,21.4187,single_or_consistent
603031.SH,安孚科技,2025,Q_G_OPERATING_MARGIN,1,21.8918,98,21.8918,single_or_consistent
603031.SH,安孚科技,2025,Q_G_OPERATING_PROFIT_GROWTH,1,8.53252,98,8.53252,single_or_consistent
603031.SH,安孚科技,2025,Q_G_REVENUE_GROWTH,1,2.93866,8,2.93866,single_or_consistent
603031.SH,安孚科技,2025,Q_G_ROA,1,15.2252,98,15.2252,single_or_consistent
603031.SH,安孚科技,2025,Q_G_ROE,1,10.18,8,10.18,single_or_consistent
603031.SH,安孚科技,2025,Q_G_TWO_FUNDS_RATE,1,28.5046,93,28.5046,single_or_consistent
603031.SH,安孚科技,2025,Q_S_DIVIDEND_PER_SHARE,1,0.12,60,0.12,single_or_consistent
603031.SH,安孚科技,2025,Q_S_RD_RATE,1,2.55,34,2.55,single_or_consistent
603050.SH,科林电气,2025,Q_G_AR_TURNOVER,1,1.7809,66,1.7809,single_or_consistent
603050.SH,科林电气,2025,Q_G_ASSET_TURNOVER,1,0.864352,67,0.864352,single_or_consistent
603050.SH,科林电气,2025,Q_G_CASH_CURRENT_LIABILITY,1,21.0005,74,21.0005,single_or_consistent
603050.SH,科林电气,2025,Q_G_CASH_REALIZATION,1,93.5459,74,93.5459,single_or_consistent
603050.SH,科林电气,2025,Q_G_COST_REVENUE_RATE,1,95.6381,70,95.6381,single_or_consistent
603050.SH,科林电气,2025,Q_G_CURRENT_ASSET_TURNOVER,1,1.0872,66,1.0872,single_or_consistent
603050.SH,科林电气,2025,Q_G_DEBT_ASSET_RATE,3,62.03|62.0326|67.36,56|67,,conflicting_candidates
603050.SH,科林电气,2025,Q_G_EBITDA_INTEREST,1,17.289,71,17.289,single_or_consistent
603050.SH,科林电气,2025,Q_G_OPERATING_MARGIN,1,6.26716,71,6.26716,single_or_consistent
603050.SH,科林电气,2025,Q_G_OPERATING_PROFIT_GROWTH,1,53.9256,71,53.9256,single_or_consistent
603050.SH,科林电气,2025,Q_G_REVENUE_GROWTH,1,7.05248,7,7.05248,single_or_consistent
603050.SH,科林电气,2025,Q_G_ROA,1,5.78247,71,5.78247,single_or_consistent
603050.SH,科林电气,2025,Q_G_ROE,1,14.49,7,14.49,single_or_consistent
603050.SH,科林电气,2025,Q_G_TWO_FUNDS_RATE,1,75.5761,66,75.5761,single_or_consistent
603050.SH,科林电气,2025,Q_S_DIVIDEND_PER_SHARE,1,0.19835,35,0.19835,single_or_consistent
603050.SH,科林电气,2025,Q_S_RD_RATE,1,4.62,17,4.62,single_or_consistent
603606.SH,东方电缆,2025,Q_G_AR_TURNOVER,1,5.95451,92,5.95451,single_or_consistent
603606.SH,东方电缆,2025,Q_G_ASSET_TURNOVER,1,1.39573,93,1.39573,single_or_consistent
603606.SH,东方电缆,2025,Q_G_CASH_CURRENT_LIABILITY,1,29.4193,100,29.4193,single_or_consistent
603606.SH,东方电缆,2025,Q_G_CASH_REALIZATION,1,133.81,100,133.81,single_or_consistent
603606.SH,东方电缆,2025,Q_G_COST_REVENUE_RATE,1,85.1882,96,85.1882,single_or_consistent
603606.SH,东方电缆,2025,Q_G_CURRENT_ASSET_TURNOVER,1,1.89049,92,1.89049,single_or_consistent
603606.SH,东方电缆,2025,Q_G_DEBT_ASSET_RATE,1,46.6867,94,46.6867,single_or_consistent
603606.SH,东方电缆,2025,Q_G_EBITDA_INTEREST,1,140.446,97,140.446,single_or_consistent
603606.SH,东方电缆,2025,Q_G_OPERATING_MARGIN,1,14.2548,97,14.2548,single_or_consistent
603606.SH,东方电缆,2025,Q_G_REVENUE_GROWTH,1,19.2572,6,19.2572,single_or_consistent
603606.SH,东方电缆,2025,Q_G_ROA,1,19.7988,97,19.7988,single_or_consistent
603606.SH,东方电缆,2025,Q_G_ROE,1,16.83,7,16.83,single_or_consistent
603606.SH,东方电缆,2025,Q_G_TWO_FUNDS_RATE,1,64.2805,92,64.2805,single_or_consistent
603606.SH,东方电缆,2025,Q_S_DIVIDEND_PER_SHARE,1,0.56,64,0.56,single_or_consistent
603606.SH,东方电缆,2025,Q_S_RD_RATE,1,3.51,24,3.51,single_or_consistent
605117.SH,德业股份,2025,Q_G_AR_TURNOVER,1,7.18521,109,7.18521,single_or_consistent
605117.SH,德业股份,2025,Q_G_ASSET_TURNOVER,1,0.698077,110,0.698077,single_or_consistent
605117.SH,德业股份,2025,Q_G_CASH_CURRENT_LIABILITY,1,43.095,117,43.095,single_or_consistent
605117.SH,德业股份,2025,Q_G_CASH_REALIZATION,1,99.4456,117,99.4456,single_or_consistent
605117.SH,德业股份,2025,Q_G_COST_REVENUE_RATE,1,71.8134,113,71.8134,single_or_consistent
605117.SH,德业股份,2025,Q_G_CURRENT_ASSET_TURNOVER,1,0.956329,109,0.956329,single_or_consistent
605117.SH,德业股份,2025,Q_G_DEBT_ASSET_RATE,1,48.1115,110,48.1115,single_or_consistent
605117.SH,德业股份,2025,Q_G_EBITDA_INTEREST,1,64.0133,114,64.0133,single_or_consistent
605117.SH,德业股份,2025,Q_G_OPERATING_MARGIN,1,29.8486,114,29.8486,single_or_consistent
605117.SH,德业股份,2025,Q_G_OPERATING_PROFIT_GROWTH,1,7.17544,114,7.17544,single_or_consistent
605117.SH,德业股份,2025,Q_G_REVENUE_GROWTH,1,9.07758,7,9.07758,single_or_consistent
605117.SH,德业股份,2025,Q_G_ROA,1,21.0917,114,21.0917,single_or_consistent
605117.SH,德业股份,2025,Q_G_ROE,1,32.66,8,32.66,single_or_consistent
605117.SH,德业股份,2025,Q_G_TWO_FUNDS_RATE,1,23.6313,109,23.6313,single_or_consistent
605117.SH,德业股份,2025,Q_S_DIVIDEND_PER_SHARE,1,1.8,54,1.8,single_or_consistent
605117.SH,德业股份,2025,Q_S_RD_RATE,1,4.6,25,4.6,single_or_consistent
688155.SH,先惠技术,2025,Q_G_AR_TURNOVER,1,3.38004,143,3.38004,single_or_consistent
688155.SH,先惠技术,2025,Q_G_ASSET_TURNOVER,1,0.538451,144,0.538451,single_or_consistent
688155.SH,先惠技术,2025,Q_G_CASH_CURRENT_LIABILITY,1,16.1278,151,16.1278,single_or_consistent
688155.SH,先惠技术,2025,Q_G_CASH_REALIZATION,1,95.334,151,95.334,single_or_consistent
688155.SH,先惠技术,2025,Q_G_COST_REVENUE_RATE,1,82.2212,147,82.2212,single_or_consistent
688155.SH,先惠技术,2025,Q_G_CURRENT_ASSET_TURNOVER,1,0.78519,143,0.78519,single_or_consistent
688155.SH,先惠技术,2025,Q_G_DEBT_ASSET_RATE,1,57.6691,144,57.6691,single_or_consistent
688155.SH,先惠技术,2025,Q_G_EBITDA_INTEREST,1,27.6099,148,27.6099,single_or_consistent
688155.SH,先惠技术,2025,Q_G_OPERATING_MARGIN,1,17.8033,148,17.8033,single_or_consistent
688155.SH,先惠技术,2025,Q_G_REVENUE_GROWTH,1,23.3903,8,23.3903,single_or_consistent
688155.SH,先惠技术,2025,Q_G_ROA,1,9.95068,148,9.95068,single_or_consistent
688155.SH,先惠技术,2025,Q_G_ROE,1,16.53,8,16.53,single_or_consistent
688155.SH,先惠技术,2025,Q_G_TWO_FUNDS_RATE,1,65.3949,143,65.3949,single_or_consistent
688155.SH,先惠技术,2025,Q_S_DIVIDEND_PER_SHARE,1,0.7,99,0.7,single_or_consistent
688155.SH,先惠技术,2025,Q_S_RD_RATE,2,4.41,8|33,4.41,single_or_consistent
688248.SH,南网科技,2025,Q_G_AR_TURNOVER,1,6.31671,130,6.31671,single_or_consistent
688248.SH,南网科技,2025,Q_G_ASSET_TURNOVER,1,0.74923,131,0.74923,single_or_consistent
688248.SH,南网科技,2025,Q_G_CASH_CURRENT_LIABILITY,1,28.95,139,28.95,single_or_consistent
688248.SH,南网科技,2025,Q_G_CASH_REALIZATION,1,112.414,139,112.414,single_or_consistent
688248.SH,南网科技,2025,Q_G_COST_REVENUE_RATE,1,87.8319,135,87.8319,single_or_consistent
688248.SH,南网科技,2025,Q_G_CURRENT_ASSET_TURNOVER,1,0.908002,131,0.908002,single_or_consistent
688248.SH,南网科技,2025,Q_G_DEBT_ASSET_RATE,1,35.5291,132,35.5291,single_or_consistent
688248.SH,南网科技,2025,Q_G_EBITDA_INTEREST,1,149.893,136,149.893,single_or_consistent
688248.SH,南网科技,2025,Q_G_OPERATING_MARGIN,1,12.7585,135,12.7585,single_or_consistent
688248.SH,南网科技,2025,Q_G_OPERATING_PROFIT_GROWTH,1,14.4193,135,14.4193,single_or_consistent
688248.SH,南网科技,2025,Q_G_REVENUE_GROWTH,1,22.2729,9,22.2729,single_or_consistent
688248.SH,南网科技,2025,Q_G_ROA,1,9.59972,136,9.59972,single_or_consistent
688248.SH,南网科技,2025,Q_G_ROE,1,13.31,9,13.31,single_or_consistent
688248.SH,南网科技,2025,Q_G_TWO_FUNDS_RATE,1,34.3771,131,34.3771,single_or_consistent
688248.SH,南网科技,2025,Q_S_DIVIDEND_PER_SHARE,1,0.182,86,0.182,single_or_consistent
688248.SH,南网科技,2025,Q_S_RD_RATE,2,7.57,9|43,7.57,single_or_consistent
688408.SH,中信博,2025,Q_G_AR_TURNOVER,1,3.98464,117,3.98464,single_or_consistent
688408.SH,中信博,2025,Q_G_ASSET_TURNOVER,1,0.681299,118,0.681299,single_or_consistent
688408.SH,中信博,2025,Q_G_CASH_REALIZATION,1,92.9854,127,92.9854,single_or_consistent
688408.SH,中信博,2025,Q_G_COST_REVENUE_RATE,1,96.5284,123,96.5284,single_or_consistent
688408.SH,中信博,2025,Q_G_CURRENT_ASSET_TURNOVER,1,0.829798,118,0.829798,single_or_consistent
688408.SH,中信博,2025,Q_G_DEBT_ASSET_RATE,1,59.91,119,59.91,single_or_consistent
688408.SH,中信博,2025,Q_G_EBITDA_INTEREST,1,1.67573,123,1.67573,single_or_consistent
688408.SH,中信博,2025,Q_G_OPERATING_MARGIN,1,0.623175,123,0.623175,single_or_consistent
688408.SH,中信博,2025,Q_G_REVENUE_GROWTH,1,-23.7245,8,-23.7245,single_or_consistent
688408.SH,中信博,2025,Q_G_ROA,1,0.947181,123,0.947181,single_or_consistent
688408.SH,中信博,2025,Q_G_ROE,1,0.24,9,0.24,single_or_consistent
688408.SH,中信博,2025,Q_G_TWO_FUNDS_RATE,1,47.5821,118,47.5821,single_or_consistent
688408.SH,中信博,2025,Q_S_RD_RATE,1,2.4,9,2.4,single_or_consistent
688676.SH,金盘科技,2025,Q_E_ENERGY_INTENSITY,2,8.4,8|49,8.4,single_or_consistent
688676.SH,金盘科技,2025,Q_E_GHG_INTENSITY,1,2.6,8,2.6,single_or_consistent
688676.SH,金盘科技,2025,Q_G_AR_TURNOVER,1,2.8926,171,2.8926,single_or_consistent
688676.SH,金盘科技,2025,Q_G_ASSET_TURNOVER,1,0.662983,172,0.662983,single_or_consistent
688676.SH,金盘科技,2025,Q_G_CASH_CURRENT_LIABILITY,1,13.3018,180,13.3018,single_or_consistent
688676.SH,金盘科技,2025,Q_G_CASH_REALIZATION,1,95.3761,179,95.3761,single_or_consistent
688676.SH,金盘科技,2025,Q_G_COST_REVENUE_RATE,1,90.0469,175,90.0469,single_or_consistent
688676.SH,金盘科技,2025,Q_G_CURRENT_ASSET_TURNOVER,1,0.881902,172,0.881902,single_or_consistent
688676.SH,金盘科技,2025,Q_G_DEBT_ASSET_RATE,3,53.76|57.86|57.8641,161|173|299,,conflicting_candidates
688676.SH,金盘科技,2025,Q_G_EBITDA_INTEREST,1,17.6962,176,17.6962,single_or_consistent
688676.SH,金盘科技,2025,Q_G_OPERATING_MARGIN,1,9.84869,176,9.84869,single_or_consistent
688676.SH,金盘科技,2025,Q_G_OPERATING_PROFIT_GROWTH,1,16.2979,176,16.2979,single_or_consistent
688676.SH,金盘科技,2025,Q_G_REVENUE_GROWTH,1,5.71128,11,5.71128,single_or_consistent
688676.SH,金盘科技,2025,Q_G_ROA,1,6.96239,176,6.96239,single_or_consistent
688676.SH,金盘科技,2025,Q_G_ROE,2,14.05,11|12,14.05,single_or_consistent
688676.SH,金盘科技,2025,Q_G_TWO_FUNDS_RATE,1,52.1047,172,52.1047,single_or_consistent
688676.SH,金盘科技,2025,Q_S_DIVIDEND_PER_SHARE,1,0.68,105,0.68,single_or_consistent
688676.SH,金盘科技,2025,Q_S_RD_RATE,2,4.9,11|50,4.9,single_or_consistent
