stock_code,company_name,exchange,industry,entity_id,st_status,listing_status,energy_eligible,source_url,as_of_date
688001.SH,华兴源创,SSE,制造业,688001.SH,,上市,,https://www.sse.com.cn/assortment/stock/home/,2026-07-28
688002.SH,睿创微纳,SSE,制造业,688002.SH,,上市,,https://www.sse.com.cn/assortment/stock/home/,2026-07-28
688003.SH,天准科技,SSE,制造业,688003.SH,,上市,,https://www.sse.com.cn/assortment/stock/home/,2026-07-28
688004.SH,博汇科技,SSE,信息传输、软件和信息技术服务业,688004.SH,,上市,,https://www.sse.com.cn/assortment/stock/home/,2026-07-28
688005.SH,容百科技,SSE,制造业,688005.SH,,上市,,https://www.sse.com.cn/assortment/stock/home/,2026-07-28
688006.SH,杭可科技,SSE,制造业,688006.SH,,上市,,https://www.sse.com.cn/assortment/stock/home/,2026-07-28
688007.SH,光峰科技,SSE,制造业,688007.SH,,上市,,https://www.sse.com.cn/assortment/stock/home/,2026-07-28
688008.SH,澜起科技,SSE,制造业,688008.SH,,上市,,https://www.sse.com.cn/assortment/stock/home/,2026-07-28
688009.SH,中国通号,SSE,制造业,688009.SH,,上市,,https://www.sse.com.cn/assortment/stock/home/,2026-07-28
688010.SH,福光股份,SSE,制造业,688010.SH,,上市,,https://www.sse.com.cn/assortment/stock/home/,2026-07-28
688011.SH,新光光电,SSE,制造业,688011.SH,,上市,,https://www.sse.com.cn/assortment/stock/home/,2026-07-28
688012.SH,中微公司,SSE,制造业,688012.SH,,上市,,https://www.sse.com.cn/assortment/stock/home/,2026-07-28
688013.SH,天臣医疗,SSE,制造业,688013.SH,,上市,,https://www.sse.com.cn/assortment/stock/home/,2026-07-28
688015.SH,交控科技,SSE,制造业,688015.SH,,上市,,https://www.sse.com.cn/assortment/stock/home/,2026-07-28
688016.SH,心脉医疗,SSE,制造业,688016.SH,,上市,,https://www.sse.com.cn/assortment/stock/home/,2026-07-28
688017.SH,绿的谐波,SSE,制造业,688017.SH,,上市,,https://www.sse.com.cn/assortment/stock/home/,2026-07-28
688018.SH,乐鑫科技,SSE,信息传输、软件和信息技术服务业,688018.SH,,上市,,https://www.sse.com.cn/assortment/stock/home/,2026-07-28
688019.SH,安集科技,SSE,制造业,688019.SH,,上市,,https://www.sse.com.cn/assortment/stock/home/,2026-07-28
688020.SH,方邦股份,SSE,制造业,688020.SH,,上市,,https://www.sse.com.cn/assortment/stock/home/,2026-07-28
688021.SH,奥福科技,SSE,制造业,688021.SH,,上市,,https://www.sse.com.cn/assortment/stock/home/,2026-07-28
688022.SH,ST瀚川,SSE,制造业,688022.SH,,上市,,https://www.sse.com.cn/assortment/stock/home/,2026-07-28
688023.SH,安恒信息,SSE,信息传输、软件和信息技术服务业,688023.SH,,上市,,https://www.sse.com.cn/assortment/stock/home/,2026-07-28
688025.SH,杰普特,SSE,制造业,688025.SH,,上市,,https://www.sse.com.cn/assortment/stock/home/,2026-07-28
688026.SH,洁特生物,SSE,制造业,688026.SH,,上市,,https://www.sse.com.cn/assortment/stock/home/,2026-07-28
688027.SH,国盾量子,SSE,制造业,688027.SH,,上市,,https://www.sse.com.cn/assortment/stock/home/,2026-07-28
688028.SH,沃尔德,SSE,制造业,688028.SH,,上市,,https://www.sse.com.cn/assortment/stock/home/,2026-07-28
688029.SH,南微医学,SSE,制造业,688029.SH,,上市,,https://www.sse.com.cn/assortment/stock/home/,2026-07-28
688030.SH,山石网科,SSE,信息传输、软件和信息技术服务业,688030.SH,,上市,,https://www.sse.com.cn/assortment/stock/home/,2026-07-28
688031.SH,星环科技,SSE,信息传输、软件和信息技术服务业,688031.SH,,上市,,https://www.sse.com.cn/assortment/stock/home/,2026-07-28
688032.SH,禾迈股份,SSE,制造业,688032.SH,,上市,,https://www.sse.com.cn/assortment/stock/home/,2026-07-28
688033.SH,*ST天宜,SSE,制造业,688033.SH,,上市,,https://www.sse.com.cn/assortment/stock/home/,2026-07-28
688035.SH,德邦科技,SSE,制造业,688035.SH,,上市,,https://www.sse.com.cn/assortment/stock/home/,2026-07-28
688036.SH,传音控股,SSE,制造业,688036.SH,,上市,,https://www.sse.com.cn/assortment/stock/home/,2026-07-28
688037.SH,芯源微,SSE,制造业,688037.SH,,上市,,https://www.sse.com.cn/assortment/stock/home/,2026-07-28
688038.SH,中科通达,SSE,信息传输、软件和信息技术服务业,688038.SH,,上市,,https://www.sse.com.cn/assortment/stock/home/,2026-07-28
688039.SH,当虹科技,SSE,信息传输、软件和信息技术服务业,688039.SH,,上市,,https://www.sse.com.cn/assortment/stock/home/,2026-07-28
688041.SH,海光信息,SSE,制造业,688041.SH,,上市,,https://www.sse.com.cn/assortment/stock/home/,2026-07-28
688045.SH,必易微,SSE,信息传输、软件和信息技术服务业,688045.SH,,上市,,https://www.sse.com.cn/assortment/stock/home/,2026-07-28
688046.SH,药康生物,SSE,科学研究和技术服务业,688046.SH,,上市,,https://www.sse.com.cn/assortment/stock/home/,2026-07-28
688047.SH,龙芯中科,SSE,制造业,688047.SH,,上市,,https://www.sse.com.cn/assortment/stock/home/,2026-07-28
688048.SH,长光华芯,SSE,制造业,688048.SH,,上市,,https://www.sse.com.cn/assortment/stock/home/,2026-07-28
688049.SH,炬芯科技,SSE,制造业,688049.SH,,上市,,https://www.sse.com.cn/assortment/stock/home/,2026-07-28
688050.SH,爱博医疗,SSE,制造业,688050.SH,,上市,,https://www.sse.com.cn/assortment/stock/home/,2026-07-28
688051.SH,佳华科技,SSE,信息传输、软件和信息技术服务业,688051.SH,,上市,,https://www.sse.com.cn/assortment/stock/home/,2026-07-28
688052.SH,纳芯微,SSE,信息传输、软件和信息技术服务业,688052.SH,,上市,,https://www.sse.com.cn/assortment/stock/home/,2026-07-28
688053.SH,ST思科瑞,SSE,科学研究和技术服务业,688053.SH,,上市,,https://www.sse.com.cn/assortment/stock/home/,2026-07-28
688055.SH,龙腾光电,SSE,制造业,688055.SH,,上市,,https://www.sse.com.cn/assortment/stock/home/,2026-07-28
688056.SH,莱伯泰科,SSE,制造业,688056.SH,,上市,,https://www.sse.com.cn/assortment/stock/home/,2026-07-28
688057.SH,金达莱,SSE,水利、环境和公共设施管理业,688057.SH,,上市,,https://www.sse.com.cn/assortment/stock/home/,2026-07-28
688058.SH,宝兰德,SSE,信息传输、软件和信息技术服务业,688058.SH,,上市,,https://www.sse.com.cn/assortment/stock/home/,2026-07-28
688059.SH,华锐精密,SSE,制造业,688059.SH,,上市,,https://www.sse.com.cn/assortment/stock/home/,2026-07-28
688060.SH,云涌科技,SSE,信息传输、软件和信息技术服务业,688060.SH,,上市,,https://www.sse.com.cn/assortment/stock/home/,2026-07-28
688061.SH,灿瑞科技,SSE,信息传输、软件和信息技术服务业,688061.SH,,上市,,https://www.sse.com.cn/assortment/stock/home/,2026-07-28
688062.SH,迈威生物,SSE,制造业,688062.SH,,上市,,https://www.sse.com.cn/assortment/stock/home/,2026-07-28
688063.SH,派能科技,SSE,制造业,688063.SH,,上市,,https://www.sse.com.cn/assortment/stock/home/,2026-07-28
688065.SH,凯赛生物,SSE,制造业,688065.SH,,上市,,https://www.sse.com.cn/assortment/stock/home/,2026-07-28
688066.SH,*ST航图,SSE,信息传输、软件和信息技术服务业,688066.SH,,上市,,https://www.sse.com.cn/assortment/stock/home/,2026-07-28
688067.SH,爱威科技,SSE,制造业,688067.SH,,上市,,https://www.sse.com.cn/assortment/stock/home/,2026-07-28
688068.SH,热景生物,SSE,制造业,688068.SH,,上市,,https://www.sse.com.cn/assortment/stock/home/,2026-07-28
688069.SH,德林海,SSE,水利、环境和公共设施管理业,688069.SH,,上市,,https://www.sse.com.cn/assortment/stock/home/,2026-07-28
688070.SH,纵横股份,SSE,制造业,688070.SH,,上市,,https://www.sse.com.cn/assortment/stock/home/,2026-07-28
688071.SH,华依科技,SSE,制造业,688071.SH,,上市,,https://www.sse.com.cn/assortment/stock/home/,2026-07-28
688072.SH,拓荆科技,SSE,制造业,688072.SH,,上市,,https://www.sse.com.cn/assortment/stock/home/,2026-07-28
688073.SH,毕得医药,SSE,科学研究和技术服务业,688073.SH,,上市,,https://www.sse.com.cn/assortment/stock/home/,2026-07-28
688075.SH,安旭生物,SSE,制造业,688075.SH,,上市,,https://www.sse.com.cn/assortment/stock/home/,2026-07-28
688076.SH,ST诺泰,SSE,制造业,688076.SH,,上市,,https://www.sse.com.cn/assortment/stock/home/,2026-07-28
688077.SH,大地熊,SSE,制造业,688077.SH,,上市,,https://www.sse.com.cn/assortment/stock/home/,2026-07-28
688078.SH,龙软科技,SSE,信息传输、软件和信息技术服务业,688078.SH,,上市,,https://www.sse.com.cn/assortment/stock/home/,2026-07-28
688079.SH,美迪凯,SSE,制造业,688079.SH,,上市,,https://www.sse.com.cn/assortment/stock/home/,2026-07-28
688080.SH,映翰通,SSE,制造业,688080.SH,,上市,,https://www.sse.com.cn/assortment/stock/home/,2026-07-28
688081.SH,兴图新科,SSE,制造业,688081.SH,,上市,,https://www.sse.com.cn/assortment/stock/home/,2026-07-28
688082.SH,盛美上海,SSE,制造业,688082.SH,,上市,,https://www.sse.com.cn/assortment/stock/home/,2026-07-28
688083.SH,中望软件,SSE,信息传输、软件和信息技术服务业,688083.SH,,上市,,https://www.sse.com.cn/assortment/stock/home/,2026-07-28
688084.SH,晶品特装,SSE,制造业,688084.SH,,上市,,https://www.sse.com.cn/assortment/stock/home/,2026-07-28
688085.SH,三友医疗,SSE,制造业,688085.SH,,上市,,https://www.sse.com.cn/assortment/stock/home/,2026-07-28
688087.SH,英科再生,SSE,制造业,688087.SH,,上市,,https://www.sse.com.cn/assortment/stock/home/,2026-07-28
688088.SH,虹软科技,SSE,信息传输、软件和信息技术服务业,688088.SH,,上市,,https://www.sse.com.cn/assortment/stock/home/,2026-07-28
688089.SH,嘉必优,SSE,制造业,688089.SH,,上市,,https://www.sse.com.cn/assortment/stock/home/,2026-07-28
688090.SH,瑞松科技,SSE,制造业,688090.SH,,上市,,https://www.sse.com.cn/assortment/stock/home/,2026-07-28
688091.SH,上海谊众,SSE,制造业,688091.SH,,上市,,https://www.sse.com.cn/assortment/stock/home/,2026-07-28
688092.SH,爱科科技,SSE,制造业,688092.SH,,上市,,https://www.sse.com.cn/assortment/stock/home/,2026-07-28
688093.SH,世华科技,SSE,制造业,688093.SH,,上市,,https://www.sse.com.cn/assortment/stock/home/,2026-07-28
688095.SH,福昕软件,SSE,信息传输、软件和信息技术服务业,688095.SH,,上市,,https://www.sse.com.cn/assortment/stock/home/,2026-07-28
688096.SH,京源环保,SSE,制造业,688096.SH,,上市,,https://www.sse.com.cn/assortment/stock/home/,2026-07-28
688097.SH,博众精工,SSE,制造业,688097.SH,,上市,,https://www.sse.com.cn/assortment/stock/home/,2026-07-28
688098.SH,申联生物,SSE,制造业,688098.SH,,上市,,https://www.sse.com.cn/assortment/stock/home/,2026-07-28
688099.SH,晶晨股份,SSE,信息传输、软件和信息技术服务业,688099.SH,,上市,,https://www.sse.com.cn/assortment/stock/home/,2026-07-28
688100.SH,威胜信息,SSE,制造业,688100.SH,,上市,,https://www.sse.com.cn/assortment/stock/home/,2026-07-28
688101.SH,三达膜,SSE,制造业,688101.SH,,上市,,https://www.sse.com.cn/assortment/stock/home/,2026-07-28
688102.SH,斯瑞新材,SSE,制造业,688102.SH,,上市,,https://www.sse.com.cn/assortment/stock/home/,2026-07-28
688103.SH,国力电子,SSE,制造业,688103.SH,,上市,,https://www.sse.com.cn/assortment/stock/home/,2026-07-28
688105.SH,诺唯赞,SSE,科学研究和技术服务业,688105.SH,,上市,,https://www.sse.com.cn/assortment/stock/home/,2026-07-28
688106.SH,金宏气体,SSE,制造业,688106.SH,,上市,,https://www.sse.com.cn/assortment/stock/home/,2026-07-28
688107.SH,安路科技,SSE,制造业,688107.SH,,上市,,https://www.sse.com.cn/assortment/stock/home/,2026-07-28
688108.SH,赛诺医疗,SSE,制造业,688108.SH,,上市,,https://www.sse.com.cn/assortment/stock/home/,2026-07-28
688109.SH,品茗科技,SSE,信息传输、软件和信息技术服务业,688109.SH,,上市,,https://www.sse.com.cn/assortment/stock/home/,2026-07-28
688110.SH,东芯股份,SSE,制造业,688110.SH,,上市,,https://www.sse.com.cn/assortment/stock/home/,2026-07-28
688111.SH,金山办公,SSE,信息传输、软件和信息技术服务业,688111.SH,,上市,,https://www.sse.com.cn/assortment/stock/home/,2026-07-28
688112.SH,鼎阳科技,SSE,制造业,688112.SH,,上市,,https://www.sse.com.cn/assortment/stock/home/,2026-07-28
688113.SH,联测科技,SSE,制造业,688113.SH,,上市,,https://www.sse.com.cn/assortment/stock/home/,2026-07-28
688114.SH,华大智造,SSE,制造业,688114.SH,,上市,,https://www.sse.com.cn/assortment/stock/home/,2026-07-28
688115.SH,思林杰,SSE,制造业,688115.SH,,上市,,https://www.sse.com.cn/assortment/stock/home/,2026-07-28
688116.SH,天奈科技,SSE,制造业,688116.SH,,上市,,https://www.sse.com.cn/assortment/stock/home/,2026-07-28
688117.SH,圣诺生物,SSE,制造业,688117.SH,,上市,,https://www.sse.com.cn/assortment/stock/home/,2026-07-28
688118.SH,普元信息,SSE,信息传输、软件和信息技术服务业,688118.SH,,上市,,https://www.sse.com.cn/assortment/stock/home/,2026-07-28
688119.SH,中钢洛耐,SSE,制造业,688119.SH,,上市,,https://www.sse.com.cn/assortment/stock/home/,2026-07-28
688120.SH,华海清科,SSE,制造业,688120.SH,,上市,,https://www.sse.com.cn/assortment/stock/home/,2026-07-28
688121.SH,*ST卓然,SSE,制造业,688121.SH,,上市,,https://www.sse.com.cn/assortment/stock/home/,2026-07-28
688122.SH,西部超导,SSE,制造业,688122.SH,,上市,,https://www.sse.com.cn/assortment/stock/home/,2026-07-28
688123.SH,聚辰股份,SSE,制造业,688123.SH,,上市,,https://www.sse.com.cn/assortment/stock/home/,2026-07-28
688125.SH,安达智能,SSE,制造业,688125.SH,,上市,,https://www.sse.com.cn/assortment/stock/home/,2026-07-28
688126.SH,沪硅产业,SSE,制造业,688126.SH,,上市,,https://www.sse.com.cn/assortment/stock/home/,2026-07-28
688127.SH,蓝特光学,SSE,制造业,688127.SH,,上市,,https://www.sse.com.cn/assortment/stock/home/,2026-07-28
688128.SH,中国电研,SSE,制造业,688128.SH,,上市,,https://www.sse.com.cn/assortment/stock/home/,2026-07-28
688129.SH,东来技术,SSE,制造业,688129.SH,,上市,,https://www.sse.com.cn/assortment/stock/home/,2026-07-28
688130.SH,晶华微,SSE,信息传输、软件和信息技术服务业,688130.SH,,上市,,https://www.sse.com.cn/assortment/stock/home/,2026-07-28
688131.SH,皓元医药,SSE,科学研究和技术服务业,688131.SH,,上市,,https://www.sse.com.cn/assortment/stock/home/,2026-07-28
688132.SH,邦彦技术,SSE,制造业,688132.SH,,上市,,https://www.sse.com.cn/assortment/stock/home/,2026-07-28
688133.SH,泰坦科技,SSE,科学研究和技术服务业,688133.SH,,上市,,https://www.sse.com.cn/assortment/stock/home/,2026-07-28
688135.SH,利扬芯片,SSE,制造业,688135.SH,,上市,,https://www.sse.com.cn/assortment/stock/home/,2026-07-28
688136.SH,科兴制药,SSE,制造业,688136.SH,,上市,,https://www.sse.com.cn/assortment/stock/home/,2026-07-28
688137.SH,近岸蛋白,SSE,科学研究和技术服务业,688137.SH,,上市,,https://www.sse.com.cn/assortment/stock/home/,2026-07-28
688138.SH,清溢光电,SSE,制造业,688138.SH,,上市,,https://www.sse.com.cn/assortment/stock/home/,2026-07-28
688139.SH,海尔生物,SSE,制造业,688139.SH,,上市,,https://www.sse.com.cn/assortment/stock/home/,2026-07-28
688141.SH,杰华特,SSE,信息传输、软件和信息技术服务业,688141.SH,,上市,,https://www.sse.com.cn/assortment/stock/home/,2026-07-28
688143.SH,长盈通,SSE,制造业,688143.SH,,上市,,https://www.sse.com.cn/assortment/stock/home/,2026-07-28
688146.SH,中船特气,SSE,制造业,688146.SH,,上市,,https://www.sse.com.cn/assortment/stock/home/,2026-07-28
688147.SH,微导纳米,SSE,制造业,688147.SH,,上市,,https://www.sse.com.cn/assortment/stock/home/,2026-07-28
688148.SH,芳源股份,SSE,制造业,688148.SH,,上市,,https://www.sse.com.cn/assortment/stock/home/,2026-07-28
688150.SH,莱特光电,SSE,制造业,688150.SH,,上市,,https://www.sse.com.cn/assortment/stock/home/,2026-07-28
688151.SH,华强科技,SSE,制造业,688151.SH,,上市,,https://www.sse.com.cn/assortment/stock/home/,2026-07-28
688152.SH,麒麟信安,SSE,信息传输、软件和信息技术服务业,688152.SH,,上市,,https://www.sse.com.cn/assortment/stock/home/,2026-07-28
688153.SH,唯捷创芯,SSE,制造业,688153.SH,,上市,,https://www.sse.com.cn/assortment/stock/home/,2026-07-28
688155.SH,先惠技术,SSE,制造业,688155.SH,,上市,,https://www.sse.com.cn/assortment/stock/home/,2026-07-28
688156.SH,路德科技,SSE,水利、环境和公共设施管理业,688156.SH,,上市,,https://www.sse.com.cn/assortment/stock/home/,2026-07-28
688157.SH,松井股份,SSE,制造业,688157.SH,,上市,,https://www.sse.com.cn/assortment/stock/home/,2026-07-28
688158.SH,优刻得,SSE,信息传输、软件和信息技术服务业,688158.SH,,上市,,https://www.sse.com.cn/assortment/stock/home/,2026-07-28
688159.SH,有方科技,SSE,制造业,688159.SH,,上市,,https://www.sse.com.cn/assortment/stock/home/,2026-07-28
688160.SH,步科股份,SSE,制造业,688160.SH,,上市,,https://www.sse.com.cn/assortment/stock/home/,2026-07-28
688161.SH,威高骨科,SSE,制造业,688161.SH,,上市,,https://www.sse.com.cn/assortment/stock/home/,2026-07-28
688162.SH,巨一科技,SSE,制造业,688162.SH,,上市,,https://www.sse.com.cn/assortment/stock/home/,2026-07-28
688163.SH,赛伦生物,SSE,制造业,688163.SH,,上市,,https://www.sse.com.cn/assortment/stock/home/,2026-07-28
688165.SH,埃夫特,SSE,制造业,688165.SH,,上市,,https://www.sse.com.cn/assortment/stock/home/,2026-07-28
688166.SH,博瑞医药,SSE,制造业,688166.SH,,上市,,https://www.sse.com.cn/assortment/stock/home/,2026-07-28
688167.SH,炬光科技,SSE,制造业,688167.SH,,上市,,https://www.sse.com.cn/assortment/stock/home/,2026-07-28
688168.SH,安博通,SSE,信息传输、软件和信息技术服务业,688168.SH,,上市,,https://www.sse.com.cn/assortment/stock/home/,2026-07-28
688169.SH,石头科技,SSE,制造业,688169.SH,,上市,,https://www.sse.com.cn/assortment/stock/home/,2026-07-28
688170.SH,德龙激光,SSE,制造业,688170.SH,,上市,,https://www.sse.com.cn/assortment/stock/home/,2026-07-28
688171.SH,纬德信息,SSE,信息传输、软件和信息技术服务业,688171.SH,,上市,,https://www.sse.com.cn/assortment/stock/home/,2026-07-28
688172.SH,燕东微,SSE,制造业,688172.SH,,上市,,https://www.sse.com.cn/assortment/stock/home/,2026-07-28
688173.SH,希荻微,SSE,信息传输、软件和信息技术服务业,688173.SH,,上市,,https://www.sse.com.cn/assortment/stock/home/,2026-07-28
688175.SH,高凌信息,SSE,制造业,688175.SH,,上市,,https://www.sse.com.cn/assortment/stock/home/,2026-07-28
688176.SH,亚虹医药,SSE,制造业,688176.SH,,上市,,https://www.sse.com.cn/assortment/stock/home/,2026-07-28
688177.SH,百奥泰,SSE,制造业,688177.SH,,上市,,https://www.sse.com.cn/assortment/stock/home/,2026-07-28
688178.SH,万德斯,SSE,水利、环境和公共设施管理业,688178.SH,,上市,,https://www.sse.com.cn/assortment/stock/home/,2026-07-28
688179.SH,阿拉丁,SSE,科学研究和技术服务业,688179.SH,,上市,,https://www.sse.com.cn/assortment/stock/home/,2026-07-28
688180.SH,君实生物,SSE,制造业,688180.SH,,上市,,https://www.sse.com.cn/assortment/stock/home/,2026-07-28
688181.SH,八亿时空,SSE,制造业,688181.SH,,上市,,https://www.sse.com.cn/assortment/stock/home/,2026-07-28
688182.SH,灿勤科技,SSE,制造业,688182.SH,,上市,,https://www.sse.com.cn/assortment/stock/home/,2026-07-28
688183.SH,生益电子,SSE,制造业,688183.SH,,上市,,https://www.sse.com.cn/assortment/stock/home/,2026-07-28
688184.SH,ST帕瓦,SSE,制造业,688184.SH,,上市,,https://www.sse.com.cn/assortment/stock/home/,2026-07-28
688185.SH,康希诺,SSE,制造业,688185.SH,,上市,,https://www.sse.com.cn/assortment/stock/home/,2026-07-28
688186.SH,广大特材,SSE,制造业,688186.SH,,上市,,https://www.sse.com.cn/assortment/stock/home/,2026-07-28
688187.SH,时代电气,SSE,制造业,688187.SH,,上市,,https://www.sse.com.cn/assortment/stock/home/,2026-07-28
688188.SH,柏楚电子,SSE,信息传输、软件和信息技术服务业,688188.SH,,上市,,https://www.sse.com.cn/assortment/stock/home/,2026-07-28
688189.SH,ST南新,SSE,制造业,688189.SH,,上市,,https://www.sse.com.cn/assortment/stock/home/,2026-07-28
688190.SH,云路股份,SSE,制造业,688190.SH,,上市,,https://www.sse.com.cn/assortment/stock/home/,2026-07-28
688191.SH,智洋创新,SSE,信息传输、软件和信息技术服务业,688191.SH,,上市,,https://www.sse.com.cn/assortment/stock/home/,2026-07-28
688192.SH,迪哲医药,SSE,制造业,688192.SH,,上市,,https://www.sse.com.cn/assortment/stock/home/,2026-07-28
688193.SH,仁度生物,SSE,制造业,688193.SH,,上市,,https://www.sse.com.cn/assortment/stock/home/,2026-07-28
688195.SH,腾景科技,SSE,制造业,688195.SH,,上市,,https://www.sse.com.cn/assortment/stock/home/,2026-07-28
688196.SH,卓越新能,SSE,制造业,688196.SH,,上市,,https://www.sse.com.cn/assortment/stock/home/,2026-07-28
688197.SH,首药控股,SSE,制造业,688197.SH,,上市,,https://www.sse.com.cn/assortment/stock/home/,2026-07-28
688198.SH,佰仁医疗,SSE,制造业,688198.SH,,上市,,https://www.sse.com.cn/assortment/stock/home/,2026-07-28
688199.SH,久日新材,SSE,制造业,688199.SH,,上市,,https://www.sse.com.cn/assortment/stock/home/,2026-07-28
688200.SH,华峰测控,SSE,制造业,688200.SH,,上市,,https://www.sse.com.cn/assortment/stock/home/,2026-07-28
688201.SH,ST信安,SSE,信息传输、软件和信息技术服务业,688201.SH,,上市,,https://www.sse.com.cn/assortment/stock/home/,2026-07-28
688202.SH,美迪西,SSE,科学研究和技术服务业,688202.SH,,上市,,https://www.sse.com.cn/assortment/stock/home/,2026-07-28
688203.SH,海正生材,SSE,制造业,688203.SH,,上市,,https://www.sse.com.cn/assortment/stock/home/,2026-07-28
688205.SH,德科立,SSE,制造业,688205.SH,,上市,,https://www.sse.com.cn/assortment/stock/home/,2026-07-28
688206.SH,概伦电子,SSE,信息传输、软件和信息技术服务业,688206.SH,,上市,,https://www.sse.com.cn/assortment/stock/home/,2026-07-28
688207.SH,格灵深瞳,SSE,信息传输、软件和信息技术服务业,688207.SH,,上市,,https://www.sse.com.cn/assortment/stock/home/,2026-07-28
688208.SH,道通科技,SSE,制造业,688208.SH,,上市,,https://www.sse.com.cn/assortment/stock/home/,2026-07-28
688209.SH,英集芯,SSE,制造业,688209.SH,,上市,,https://www.sse.com.cn/assortment/stock/home/,2026-07-28
688210.SH,统联精密,SSE,制造业,688210.SH,,上市,,https://www.sse.com.cn/assortment/stock/home/,2026-07-28
688211.SH,中科微至,SSE,制造业,688211.SH,,上市,,https://www.sse.com.cn/assortment/stock/home/,2026-07-28
688212.SH,澳华内镜,SSE,制造业,688212.SH,,上市,,https://www.sse.com.cn/assortment/stock/home/,2026-07-28
688213.SH,思特威,SSE,信息传输、软件和信息技术服务业,688213.SH,,上市,,https://www.sse.com.cn/assortment/stock/home/,2026-07-28
688215.SH,瑞晟智能,SSE,制造业,688215.SH,,上市,,https://www.sse.com.cn/assortment/stock/home/,2026-07-28
688216.SH,气派科技,SSE,制造业,688216.SH,,上市,,https://www.sse.com.cn/assortment/stock/home/,2026-07-28
688217.SH,睿昂基因,SSE,制造业,688217.SH,,上市,,https://www.sse.com.cn/assortment/stock/home/,2026-07-28
688218.SH,江苏北人,SSE,制造业,688218.SH,,上市,,https://www.sse.com.cn/assortment/stock/home/,2026-07-28
688219.SH,会通股份,SSE,制造业,688219.SH,,上市,,https://www.sse.com.cn/assortment/stock/home/,2026-07-28
688220.SH,翱捷科技,SSE,制造业,688220.SH,,上市,,https://www.sse.com.cn/assortment/stock/home/,2026-07-28
688221.SH,前沿生物,SSE,制造业,688221.SH,,上市,,https://www.sse.com.cn/assortment/stock/home/,2026-07-28
688222.SH,成都先导,SSE,科学研究和技术服务业,688222.SH,,上市,,https://www.sse.com.cn/assortment/stock/home/,2026-07-28
688223.SH,晶科能源,SSE,制造业,688223.SH,,上市,,https://www.sse.com.cn/assortment/stock/home/,2026-07-28
688225.SH,亚信安全,SSE,信息传输、软件和信息技术服务业,688225.SH,,上市,,https://www.sse.com.cn/assortment/stock/home/,2026-07-28
688226.SH,威腾电气,SSE,制造业,688226.SH,,上市,,https://www.sse.com.cn/assortment/stock/home/,2026-07-28
688227.SH,品高股份,SSE,信息传输、软件和信息技术服务业,688227.SH,,上市,,https://www.sse.com.cn/assortment/stock/home/,2026-07-28
688228.SH,开普云,SSE,信息传输、软件和信息技术服务业,688228.SH,,上市,,https://www.sse.com.cn/assortment/stock/home/,2026-07-28
688229.SH,博睿数据,SSE,信息传输、软件和信息技术服务业,688229.SH,,上市,,https://www.sse.com.cn/assortment/stock/home/,2026-07-28
688230.SH,芯导科技,SSE,制造业,688230.SH,,上市,,https://www.sse.com.cn/assortment/stock/home/,2026-07-28
688231.SH,隆达股份,SSE,制造业,688231.SH,,上市,,https://www.sse.com.cn/assortment/stock/home/,2026-07-28
688232.SH,新点软件,SSE,信息传输、软件和信息技术服务业,688232.SH,,上市,,https://www.sse.com.cn/assortment/stock/home/,2026-07-28
688233.SH,神工股份,SSE,制造业,688233.SH,,上市,,https://www.sse.com.cn/assortment/stock/home/,2026-07-28
688234.SH,天岳先进,SSE,制造业,688234.SH,,上市,,https://www.sse.com.cn/assortment/stock/home/,2026-07-28
688235.SH,百济神州,SSE,制造业,688235.SH,,上市,,https://www.sse.com.cn/assortment/stock/home/,2026-07-28
688236.SH,春立医疗,SSE,制造业,688236.SH,,上市,,https://www.sse.com.cn/assortment/stock/home/,2026-07-28
688237.SH,超卓航科,SSE,制造业,688237.SH,,上市,,https://www.sse.com.cn/assortment/stock/home/,2026-07-28
688238.SH,和元生物,SSE,科学研究和技术服务业,688238.SH,,上市,,https://www.sse.com.cn/assortment/stock/home/,2026-07-28
688239.SH,航宇科技,SSE,制造业,688239.SH,,上市,,https://www.sse.com.cn/assortment/stock/home/,2026-07-28
688244.SH,永信至诚,SSE,信息传输、软件和信息技术服务业,688244.SH,,上市,,https://www.sse.com.cn/assortment/stock/home/,2026-07-28
688246.SH,嘉和美康,SSE,信息传输、软件和信息技术服务业,688246.SH,,上市,,https://www.sse.com.cn/assortment/stock/home/,2026-07-28
688247.SH,宣泰医药,SSE,制造业,688247.SH,,上市,,https://www.sse.com.cn/assortment/stock/home/,2026-07-28
688248.SH,南网科技,SSE,科学研究和技术服务业,688248.SH,,上市,,https://www.sse.com.cn/assortment/stock/home/,2026-07-28
688249.SH,晶合集成,SSE,制造业,688249.SH,,上市,,https://www.sse.com.cn/assortment/stock/home/,2026-07-28
688251.SH,井松智能,SSE,制造业,688251.SH,,上市,,https://www.sse.com.cn/assortment/stock/home/,2026-07-28
688252.SH,天德钰,SSE,信息传输、软件和信息技术服务业,688252.SH,,上市,,https://www.sse.com.cn/assortment/stock/home/,2026-07-28
688253.SH,英诺特,SSE,制造业,688253.SH,,上市,,https://www.sse.com.cn/assortment/stock/home/,2026-07-28
688255.SH,凯尔达,SSE,制造业,688255.SH,,上市,,https://www.sse.com.cn/assortment/stock/home/,2026-07-28
688256.SH,寒武纪,SSE,信息传输、软件和信息技术服务业,688256.SH,,上市,,https://www.sse.com.cn/assortment/stock/home/,2026-07-28
688257.SH,新锐股份,SSE,制造业,688257.SH,,上市,,https://www.sse.com.cn/assortment/stock/home/,2026-07-28
688258.SH,卓易信息,SSE,信息传输、软件和信息技术服务业,688258.SH,,上市,,https://www.sse.com.cn/assortment/stock/home/,2026-07-28
688259.SH,创耀科技,SSE,信息传输、软件和信息技术服务业,688259.SH,,上市,,https://www.sse.com.cn/assortment/stock/home/,2026-07-28
688260.SH,昀冢科技,SSE,制造业,688260.SH,,上市,,https://www.sse.com.cn/assortment/stock/home/,2026-07-28
688261.SH,东微半导,SSE,制造业,688261.SH,,上市,,https://www.sse.com.cn/assortment/stock/home/,2026-07-28
688262.SH,国芯科技,SSE,信息传输、软件和信息技术服务业,688262.SH,,上市,,https://www.sse.com.cn/assortment/stock/home/,2026-07-28
688265.SH,南模生物,SSE,科学研究和技术服务业,688265.SH,,上市,,https://www.sse.com.cn/assortment/stock/home/,2026-07-28
688266.SH,泽璟制药,SSE,制造业,688266.SH,,上市,,https://www.sse.com.cn/assortment/stock/home/,2026-07-28
688267.SH,中触媒,SSE,制造业,688267.SH,,上市,,https://www.sse.com.cn/assortment/stock/home/,2026-07-28
688268.SH,华特气体,SSE,制造业,688268.SH,,上市,,https://www.sse.com.cn/assortment/stock/home/,2026-07-28
688269.SH,凯立新材,SSE,制造业,688269.SH,,上市,,https://www.sse.com.cn/assortment/stock/home/,2026-07-28
688270.SH,ST臻镭,SSE,制造业,688270.SH,,上市,,https://www.sse.com.cn/assortment/stock/home/,2026-07-28
688271.SH,联影医疗,SSE,制造业,688271.SH,,上市,,https://www.sse.com.cn/assortment/stock/home/,2026-07-28
688272.SH,富吉瑞,SSE,制造业,688272.SH,,上市,,https://www.sse.com.cn/assortment/stock/home/,2026-07-28
688273.SH,麦澜德,SSE,制造业,688273.SH,,上市,,https://www.sse.com.cn/assortment/stock/home/,2026-07-28
688275.SH,万润新能,SSE,制造业,688275.SH,,上市,,https://www.sse.com.cn/assortment/stock/home/,2026-07-28
688276.SH,百克生物,SSE,制造业,688276.SH,,上市,,https://www.sse.com.cn/assortment/stock/home/,2026-07-28
688277.SH,天智航,SSE,制造业,688277.SH,,上市,,https://www.sse.com.cn/assortment/stock/home/,2026-07-28
688278.SH,特宝生物,SSE,制造业,688278.SH,,上市,,https://www.sse.com.cn/assortment/stock/home/,2026-07-28
688279.SH,峰岹科技,SSE,信息传输、软件和信息技术服务业,688279.SH,,上市,,https://www.sse.com.cn/assortment/stock/home/,2026-07-28
688280.SH,精进电动,SSE,制造业,688280.SH,,上市,,https://www.sse.com.cn/assortment/stock/home/,2026-07-28
688281.SH,华秦科技,SSE,制造业,688281.SH,,上市,,https://www.sse.com.cn/assortment/stock/home/,2026-07-28
688282.SH,理工导航,SSE,制造业,688282.SH,,上市,,https://www.sse.com.cn/assortment/stock/home/,2026-07-28
688283.SH,坤恒顺维,SSE,制造业,688283.SH,,上市,,https://www.sse.com.cn/assortment/stock/home/,2026-07-28
688285.SH,高铁电气,SSE,制造业,688285.SH,,上市,,https://www.sse.com.cn/assortment/stock/home/,2026-07-28
688286.SH,敏芯股份,SSE,制造业,688286.SH,,上市,,https://www.sse.com.cn/assortment/stock/home/,2026-07-28
688288.SH,鸿泉技术,SSE,制造业,688288.SH,,上市,,https://www.sse.com.cn/assortment/stock/home/,2026-07-28
688289.SH,圣湘生物,SSE,制造业,688289.SH,,上市,,https://www.sse.com.cn/assortment/stock/home/,2026-07-28
688290.SH,景业智能,SSE,制造业,688290.SH,,上市,,https://www.sse.com.cn/assortment/stock/home/,2026-07-28
688291.SH,金橙子,SSE,信息传输、软件和信息技术服务业,688291.SH,,上市,,https://www.sse.com.cn/assortment/stock/home/,2026-07-28
688292.SH,浩瀚深度,SSE,信息传输、软件和信息技术服务业,688292.SH,,上市,,https://www.sse.com.cn/assortment/stock/home/,2026-07-28
688293.SH,奥浦迈,SSE,科学研究和技术服务业,688293.SH,,上市,,https://www.sse.com.cn/assortment/stock/home/,2026-07-28
688295.SH,中复神鹰,SSE,制造业,688295.SH,,上市,,https://www.sse.com.cn/assortment/stock/home/,2026-07-28
688296.SH,和达科技,SSE,信息传输、软件和信息技术服务业,688296.SH,,上市,,https://www.sse.com.cn/assortment/stock/home/,2026-07-28
688297.SH,中无人机,SSE,制造业,688297.SH,,上市,,https://www.sse.com.cn/assortment/stock/home/,2026-07-28
688298.SH,东方生物,SSE,制造业,688298.SH,,上市,,https://www.sse.com.cn/assortment/stock/home/,2026-07-28
688299.SH,长阳科技,SSE,制造业,688299.SH,,上市,,https://www.sse.com.cn/assortment/stock/home/,2026-07-28
688300.SH,联瑞新材,SSE,制造业,688300.SH,,上市,,https://www.sse.com.cn/assortment/stock/home/,2026-07-28
688301.SH,奕瑞科技,SSE,制造业,688301.SH,,上市,,https://www.sse.com.cn/assortment/stock/home/,2026-07-28
688302.SH,海创药业,SSE,制造业,688302.SH,,上市,,https://www.sse.com.cn/assortment/stock/home/,2026-07-28
688303.SH,大全能源,SSE,制造业,688303.SH,,上市,,https://www.sse.com.cn/assortment/stock/home/,2026-07-28
688305.SH,科德数控,SSE,制造业,688305.SH,,上市,,https://www.sse.com.cn/assortment/stock/home/,2026-07-28
688306.SH,均普智能,SSE,制造业,688306.SH,,上市,,https://www.sse.com.cn/assortment/stock/home/,2026-07-28
688307.SH,中润光学,SSE,制造业,688307.SH,,上市,,https://www.sse.com.cn/assortment/stock/home/,2026-07-28
688308.SH,欧科亿,SSE,制造业,688308.SH,,上市,,https://www.sse.com.cn/assortment/stock/home/,2026-07-28
688309.SH,恒誉环保,SSE,制造业,688309.SH,,上市,,https://www.sse.com.cn/assortment/stock/home/,2026-07-28
688310.SH,迈得医疗,SSE,制造业,688310.SH,,上市,,https://www.sse.com.cn/assortment/stock/home/,2026-07-28
688311.SH,盟升电子,SSE,制造业,688311.SH,,上市,,https://www.sse.com.cn/assortment/stock/home/,2026-07-28
688312.SH,燕麦科技,SSE,制造业,688312.SH,,上市,,https://www.sse.com.cn/assortment/stock/home/,2026-07-28
688313.SH,仕佳光子,SSE,制造业,688313.SH,,上市,,https://www.sse.com.cn/assortment/stock/home/,2026-07-28
688314.SH,康拓医疗,SSE,制造业,688314.SH,,上市,,https://www.sse.com.cn/assortment/stock/home/,2026-07-28
688315.SH,诺禾致源,SSE,科学研究和技术服务业,688315.SH,,上市,,https://www.sse.com.cn/assortment/stock/home/,2026-07-28
688316.SH,青云科技,SSE,信息传输、软件和信息技术服务业,688316.SH,,上市,,https://www.sse.com.cn/assortment/stock/home/,2026-07-28
688317.SH,之江生物,SSE,制造业,688317.SH,,上市,,https://www.sse.com.cn/assortment/stock/home/,2026-07-28
688318.SH,财富趋势,SSE,信息传输、软件和信息技术服务业,688318.SH,,上市,,https://www.sse.com.cn/assortment/stock/home/,2026-07-28
688319.SH,欧林生物,SSE,制造业,688319.SH,,上市,,https://www.sse.com.cn/assortment/stock/home/,2026-07-28
688320.SH,禾川科技,SSE,制造业,688320.SH,,上市,,https://www.sse.com.cn/assortment/stock/home/,2026-07-28
688321.SH,微芯生物,SSE,制造业,688321.SH,,上市,,https://www.sse.com.cn/assortment/stock/home/,2026-07-28
688322.SH,奥比中光,SSE,制造业,688322.SH,,上市,,https://www.sse.com.cn/assortment/stock/home/,2026-07-28
688323.SH,瑞华泰,SSE,制造业,688323.SH,,上市,,https://www.sse.com.cn/assortment/stock/home/,2026-07-28
688325.SH,赛微微电,SSE,信息传输、软件和信息技术服务业,688325.SH,,上市,,https://www.sse.com.cn/assortment/stock/home/,2026-07-28
688326.SH,经纬恒润,SSE,制造业,688326.SH,,上市,,https://www.sse.com.cn/assortment/stock/home/,2026-07-28
688327.SH,云从科技,SSE,信息传输、软件和信息技术服务业,688327.SH,,上市,,https://www.sse.com.cn/assortment/stock/home/,2026-07-28
688328.SH,深科达,SSE,制造业,688328.SH,,上市,,https://www.sse.com.cn/assortment/stock/home/,2026-07-28
688329.SH,艾隆科技,SSE,制造业,688329.SH,,上市,,https://www.sse.com.cn/assortment/stock/home/,2026-07-28
688330.SH,宏力达,SSE,制造业,688330.SH,,上市,,https://www.sse.com.cn/assortment/stock/home/,2026-07-28
688331.SH,荣昌生物,SSE,制造业,688331.SH,,上市,,https://www.sse.com.cn/assortment/stock/home/,2026-07-28
688332.SH,中科蓝讯,SSE,制造业,688332.SH,,上市,,https://www.sse.com.cn/assortment/stock/home/,2026-07-28
688333.SH,铂力特,SSE,制造业,688333.SH,,上市,,https://www.sse.com.cn/assortment/stock/home/,2026-07-28
688334.SH,西高院,SSE,科学研究和技术服务业,688334.SH,,上市,,https://www.sse.com.cn/assortment/stock/home/,2026-07-28
688335.SH,复洁科技,SSE,制造业,688335.SH,,上市,,https://www.sse.com.cn/assortment/stock/home/,2026-07-28
688336.SH,三生国健,SSE,制造业,688336.SH,,上市,,https://www.sse.com.cn/assortment/stock/home/,2026-07-28
688337.SH,普源精电,SSE,制造业,688337.SH,,上市,,https://www.sse.com.cn/assortment/stock/home/,2026-07-28
688338.SH,赛科希德,SSE,制造业,688338.SH,,上市,,https://www.sse.com.cn/assortment/stock/home/,2026-07-28
688339.SH,亿华通,SSE,制造业,688339.SH,,上市,,https://www.sse.com.cn/assortment/stock/home/,2026-07-28
688343.SH,云天励飞,SSE,信息传输、软件和信息技术服务业,688343.SH,,上市,,https://www.sse.com.cn/assortment/stock/home/,2026-07-28
688345.SH,博力威,SSE,制造业,688345.SH,,上市,,https://www.sse.com.cn/assortment/stock/home/,2026-07-28
688347.SH,华虹宏力,SSE,制造业,688347.SH,,上市,,https://www.sse.com.cn/assortment/stock/home/,2026-07-28
688348.SH,昱能科技,SSE,制造业,688348.SH,,上市,,https://www.sse.com.cn/assortment/stock/home/,2026-07-28
688349.SH,三一重能,SSE,制造业,688349.SH,,上市,,https://www.sse.com.cn/assortment/stock/home/,2026-07-28
688350.SH,富淼科技,SSE,制造业,688350.SH,,上市,,https://www.sse.com.cn/assortment/stock/home/,2026-07-28
688351.SH,微电生理,SSE,制造业,688351.SH,,上市,,https://www.sse.com.cn/assortment/stock/home/,2026-07-28
688352.SH,颀中科技,SSE,制造业,688352.SH,,上市,,https://www.sse.com.cn/assortment/stock/home/,2026-07-28
688353.SH,华盛锂电,SSE,制造业,688353.SH,,上市,,https://www.sse.com.cn/assortment/stock/home/,2026-07-28
688355.SH,明志科技,SSE,制造业,688355.SH,,上市,,https://www.sse.com.cn/assortment/stock/home/,2026-07-28
688356.SH,键凯科技,SSE,制造业,688356.SH,,上市,,https://www.sse.com.cn/assortment/stock/home/,2026-07-28
688357.SH,建龙微纳,SSE,制造业,688357.SH,,上市,,https://www.sse.com.cn/assortment/stock/home/,2026-07-28
688358.SH,祥生医疗,SSE,制造业,688358.SH,,上市,,https://www.sse.com.cn/assortment/stock/home/,2026-07-28
688359.SH,三孚新科,SSE,制造业,688359.SH,,上市,,https://www.sse.com.cn/assortment/stock/home/,2026-07-28
688360.SH,德马科技,SSE,制造业,688360.SH,,上市,,https://www.sse.com.cn/assortment/stock/home/,2026-07-28
688361.SH,中科飞测,SSE,制造业,688361.SH,,上市,,https://www.sse.com.cn/assortment/stock/home/,2026-07-28
688362.SH,甬矽电子,SSE,制造业,688362.SH,,上市,,https://www.sse.com.cn/assortment/stock/home/,2026-07-28
688363.SH,华熙生物,SSE,制造业,688363.SH,,上市,,https://www.sse.com.cn/assortment/stock/home/,2026-07-28
688365.SH,光云科技,SSE,信息传输、软件和信息技术服务业,688365.SH,,上市,,https://www.sse.com.cn/assortment/stock/home/,2026-07-28
688366.SH,昊海生科,SSE,制造业,688366.SH,,上市,,https://www.sse.com.cn/assortment/stock/home/,2026-07-28
688367.SH,工大高科,SSE,制造业,688367.SH,,上市,,https://www.sse.com.cn/assortment/stock/home/,2026-07-28
688368.SH,晶丰明源,SSE,信息传输、软件和信息技术服务业,688368.SH,,上市,,https://www.sse.com.cn/assortment/stock/home/,2026-07-28
688369.SH,致远互联,SSE,信息传输、软件和信息技术服务业,688369.SH,,上市,,https://www.sse.com.cn/assortment/stock/home/,2026-07-28
688370.SH,丛麟科技,SSE,水利、环境和公共设施管理业,688370.SH,,上市,,https://www.sse.com.cn/assortment/stock/home/,2026-07-28
688371.SH,菲沃泰,SSE,制造业,688371.SH,,上市,,https://www.sse.com.cn/assortment/stock/home/,2026-07-28
688372.SH,伟测科技,SSE,科学研究和技术服务业,688372.SH,,上市,,https://www.sse.com.cn/assortment/stock/home/,2026-07-28
688373.SH,盟科药业,SSE,制造业,688373.SH,,上市,,https://www.sse.com.cn/assortment/stock/home/,2026-07-28
688375.SH,国博电子,SSE,制造业,688375.SH,,上市,,https://www.sse.com.cn/assortment/stock/home/,2026-07-28
688376.SH,美埃科技,SSE,制造业,688376.SH,,上市,,https://www.sse.com.cn/assortment/stock/home/,2026-07-28
688377.SH,迪威尔,SSE,制造业,688377.SH,,上市,,https://www.sse.com.cn/assortment/stock/home/,2026-07-28
688378.SH,奥来德,SSE,制造业,688378.SH,,上市,,https://www.sse.com.cn/assortment/stock/home/,2026-07-28
688379.SH,华光新材,SSE,制造业,688379.SH,,上市,,https://www.sse.com.cn/assortment/stock/home/,2026-07-28
688380.SH,中微半导,SSE,制造业,688380.SH,,上市,,https://www.sse.com.cn/assortment/stock/home/,2026-07-28
688381.SH,帝奥微,SSE,制造业,688381.SH,,上市,,https://www.sse.com.cn/assortment/stock/home/,2026-07-28
688382.SH,益方生物,SSE,制造业,688382.SH,,上市,,https://www.sse.com.cn/assortment/stock/home/,2026-07-28
688383.SH,新益昌,SSE,制造业,688383.SH,,上市,,https://www.sse.com.cn/assortment/stock/home/,2026-07-28
688385.SH,复旦微电,SSE,制造业,688385.SH,,上市,,https://www.sse.com.cn/assortment/stock/home/,2026-07-28
688386.SH,泛亚微透,SSE,制造业,688386.SH,,上市,,https://www.sse.com.cn/assortment/stock/home/,2026-07-28
688387.SH,信科移动,SSE,制造业,688387.SH,,上市,,https://www.sse.com.cn/assortment/stock/home/,2026-07-28
688388.SH,嘉元科技,SSE,制造业,688388.SH,,上市,,https://www.sse.com.cn/assortment/stock/home/,2026-07-28
688389.SH,普门科技,SSE,制造业,688389.SH,,上市,,https://www.sse.com.cn/assortment/stock/home/,2026-07-28
688390.SH,固德威,SSE,制造业,688390.SH,,上市,,https://www.sse.com.cn/assortment/stock/home/,2026-07-28
688391.SH,钜泉科技,SSE,信息传输、软件和信息技术服务业,688391.SH,,上市,,https://www.sse.com.cn/assortment/stock/home/,2026-07-28
688392.SH,骄成超声,SSE,制造业,688392.SH,,上市,,https://www.sse.com.cn/assortment/stock/home/,2026-07-28
688393.SH,安必平,SSE,制造业,688393.SH,,上市,,https://www.sse.com.cn/assortment/stock/home/,2026-07-28
688395.SH,正弦电气,SSE,制造业,688395.SH,,上市,,https://www.sse.com.cn/assortment/stock/home/,2026-07-28
688396.SH,华润微,SSE,制造业,688396.SH,,上市,,https://www.sse.com.cn/assortment/stock/home/,2026-07-28
688398.SH,赛特新材,SSE,制造业,688398.SH,,上市,,https://www.sse.com.cn/assortment/stock/home/,2026-07-28
688399.SH,硕世生物,SSE,制造业,688399.SH,,上市,,https://www.sse.com.cn/assortment/stock/home/,2026-07-28
688400.SH,凌云光,SSE,制造业,688400.SH,,上市,,https://www.sse.com.cn/assortment/stock/home/,2026-07-28
688401.SH,路维光电,SSE,制造业,688401.SH,,上市,,https://www.sse.com.cn/assortment/stock/home/,2026-07-28
688403.SH,汇成股份,SSE,制造业,688403.SH,,上市,,https://www.sse.com.cn/assortment/stock/home/,2026-07-28
688408.SH,中信博,SSE,制造业,688408.SH,,上市,,https://www.sse.com.cn/assortment/stock/home/,2026-07-28
688409.SH,富创精密,SSE,制造业,688409.SH,,上市,,https://www.sse.com.cn/assortment/stock/home/,2026-07-28
688410.SH,山外山,SSE,制造业,688410.SH,,上市,,https://www.sse.com.cn/assortment/stock/home/,2026-07-28
688411.SH,海博思创,SSE,制造业,688411.SH,,上市,,https://www.sse.com.cn/assortment/stock/home/,2026-07-28
688416.SH,恒烁股份,SSE,制造业,688416.SH,,上市,,https://www.sse.com.cn/assortment/stock/home/,2026-07-28
688418.SH,震有科技,SSE,制造业,688418.SH,,上市,,https://www.sse.com.cn/assortment/stock/home/,2026-07-28
688419.SH,耐科装备,SSE,制造业,688419.SH,,上市,,https://www.sse.com.cn/assortment/stock/home/,2026-07-28
688420.SH,美腾科技,SSE,制造业,688420.SH,,上市,,https://www.sse.com.cn/assortment/stock/home/,2026-07-28
688425.SH,铁建重工,SSE,制造业,688425.SH,,上市,,https://www.sse.com.cn/assortment/stock/home/,2026-07-28
688426.SH,康为世纪,SSE,制造业,688426.SH,,上市,,https://www.sse.com.cn/assortment/stock/home/,2026-07-28
688428.SH,诺诚健华,SSE,制造业,688428.SH,,上市,,https://www.sse.com.cn/assortment/stock/home/,2026-07-28
688429.SH,时创能源,SSE,制造业,688429.SH,,上市,,https://www.sse.com.cn/assortment/stock/home/,2026-07-28
688432.SH,有研硅,SSE,制造业,688432.SH,,上市,,https://www.sse.com.cn/assortment/stock/home/,2026-07-28
688433.SH,华曙高科,SSE,制造业,688433.SH,,上市,,https://www.sse.com.cn/assortment/stock/home/,2026-07-28
688435.SH,英方软件,SSE,信息传输、软件和信息技术服务业,688435.SH,,上市,,https://www.sse.com.cn/assortment/stock/home/,2026-07-28
688439.SH,振华风光,SSE,制造业,688439.SH,,上市,,https://www.sse.com.cn/assortment/stock/home/,2026-07-28
688443.SH,智翔金泰,SSE,制造业,688443.SH,,上市,,https://www.sse.com.cn/assortment/stock/home/,2026-07-28
688448.SH,磁谷科技,SSE,制造业,688448.SH,,上市,,https://www.sse.com.cn/assortment/stock/home/,2026-07-28
688449.SH,联芸科技,SSE,信息传输、软件和信息技术服务业,688449.SH,,上市,,https://www.sse.com.cn/assortment/stock/home/,2026-07-28
688450.SH,光格科技,SSE,制造业,688450.SH,,上市,,https://www.sse.com.cn/assortment/stock/home/,2026-07-28
688455.SH,科捷智能,SSE,制造业,688455.SH,,上市,,https://www.sse.com.cn/assortment/stock/home/,2026-07-28
688456.SH,有研粉材,SSE,制造业,688456.SH,,上市,,https://www.sse.com.cn/assortment/stock/home/,2026-07-28
688458.SH,美芯晟,SSE,制造业,688458.SH,,上市,,https://www.sse.com.cn/assortment/stock/home/,2026-07-28
688459.SH,哈铁科技,SSE,制造业,688459.SH,,上市,,https://www.sse.com.cn/assortment/stock/home/,2026-07-28
688466.SH,金科环境,SSE,水利、环境和公共设施管理业,688466.SH,,上市,,https://www.sse.com.cn/assortment/stock/home/,2026-07-28
688468.SH,科美诊断,SSE,制造业,688468.SH,,上市,,https://www.sse.com.cn/assortment/stock/home/,2026-07-28
688469.SH,芯联集成,SSE,制造业,688469.SH,,上市,,https://www.sse.com.cn/assortment/stock/home/,2026-07-28
688472.SH,阿特斯,SSE,制造业,688472.SH,,上市,,https://www.sse.com.cn/assortment/stock/home/,2026-07-28
688475.SH,萤石网络,SSE,制造业,688475.SH,,上市,,https://www.sse.com.cn/assortment/stock/home/,2026-07-28
688478.SH,晶升股份,SSE,制造业,688478.SH,,上市,,https://www.sse.com.cn/assortment/stock/home/,2026-07-28
688479.SH,友车科技,SSE,信息传输、软件和信息技术服务业,688479.SH,,上市,,https://www.sse.com.cn/assortment/stock/home/,2026-07-28
688480.SH,赛恩斯,SSE,水利、环境和公共设施管理业,688480.SH,,上市,,https://www.sse.com.cn/assortment/stock/home/,2026-07-28
688484.SH,南芯科技,SSE,信息传输、软件和信息技术服务业,688484.SH,,上市,,https://www.sse.com.cn/assortment/stock/home/,2026-07-28
688485.SH,九州一轨,SSE,水利、环境和公共设施管理业,688485.SH,,上市,,https://www.sse.com.cn/assortment/stock/home/,2026-07-28
688486.SH,龙迅股份,SSE,信息传输、软件和信息技术服务业,688486.SH,,上市,,https://www.sse.com.cn/assortment/stock/home/,2026-07-28
688488.SH,艾迪药业,SSE,制造业,688488.SH,,上市,,https://www.sse.com.cn/assortment/stock/home/,2026-07-28
688489.SH,三未信安,SSE,制造业,688489.SH,,上市,,https://www.sse.com.cn/assortment/stock/home/,2026-07-28
688496.SH,*ST清越,SSE,制造业,688496.SH,,上市,,https://www.sse.com.cn/assortment/stock/home/,2026-07-28
688498.SH,源杰科技,SSE,制造业,688498.SH,,上市,,https://www.sse.com.cn/assortment/stock/home/,2026-07-28
688499.SH,利元亨,SSE,制造业,688499.SH,,上市,,https://www.sse.com.cn/assortment/stock/home/,2026-07-28
688500.SH,慧辰股份,SSE,信息传输、软件和信息技术服务业,688500.SH,,上市,,https://www.sse.com.cn/assortment/stock/home/,2026-07-28
688501.SH,青达环保,SSE,制造业,688501.SH,,上市,,https://www.sse.com.cn/assortment/stock/home/,2026-07-28
688502.SH,茂莱光学,SSE,制造业,688502.SH,,上市,,https://www.sse.com.cn/assortment/stock/home/,2026-07-28
688503.SH,聚和材料,SSE,制造业,688503.SH,,上市,,https://www.sse.com.cn/assortment/stock/home/,2026-07-28
688505.SH,复旦张江,SSE,制造业,688505.SH,,上市,,https://www.sse.com.cn/assortment/stock/home/,2026-07-28
688506.SH,百利天恒,SSE,制造业,688506.SH,,上市,,https://www.sse.com.cn/assortment/stock/home/,2026-07-28
688507.SH,索辰科技,SSE,信息传输、软件和信息技术服务业,688507.SH,,上市,,https://www.sse.com.cn/assortment/stock/home/,2026-07-28
688508.SH,芯朋微,SSE,信息传输、软件和信息技术服务业,688508.SH,,上市,,https://www.sse.com.cn/assortment/stock/home/,2026-07-28
688509.SH,正元地信,SSE,科学研究和技术服务业,688509.SH,,上市,,https://www.sse.com.cn/assortment/stock/home/,2026-07-28
688510.SH,航亚科技,SSE,制造业,688510.SH,,上市,,https://www.sse.com.cn/assortment/stock/home/,2026-07-28
688511.SH,天微电子,SSE,制造业,688511.SH,,上市,,https://www.sse.com.cn/assortment/stock/home/,2026-07-28
688512.SH,慧智微,SSE,制造业,688512.SH,,上市,,https://www.sse.com.cn/assortment/stock/home/,2026-07-28
688513.SH,苑东生物,SSE,制造业,688513.SH,,上市,,https://www.sse.com.cn/assortment/stock/home/,2026-07-28
688515.SH,裕太微,SSE,信息传输、软件和信息技术服务业,688515.SH,,上市,,https://www.sse.com.cn/assortment/stock/home/,2026-07-28
688516.SH,奥特维,SSE,制造业,688516.SH,,上市,,https://www.sse.com.cn/assortment/stock/home/,2026-07-28
688517.SH,金冠电气,SSE,制造业,688517.SH,,上市,,https://www.sse.com.cn/assortment/stock/home/,2026-07-28
688518.SH,联赢激光,SSE,制造业,688518.SH,,上市,,https://www.sse.com.cn/assortment/stock/home/,2026-07-28
688519.SH,南亚新材,SSE,制造业,688519.SH,,上市,,https://www.sse.com.cn/assortment/stock/home/,2026-07-28
688520.SH,神州细胞,SSE,制造业,688520.SH,,上市,,https://www.sse.com.cn/assortment/stock/home/,2026-07-28
688521.SH,芯原股份,SSE,信息传输、软件和信息技术服务业,688521.SH,,上市,,https://www.sse.com.cn/assortment/stock/home/,2026-07-28
688522.SH,纳睿雷达,SSE,制造业,688522.SH,,上市,,https://www.sse.com.cn/assortment/stock/home/,2026-07-28
688523.SH,航天环宇,SSE,制造业,688523.SH,,上市,,https://www.sse.com.cn/assortment/stock/home/,2026-07-28
688525.SH,佰维存储,SSE,制造业,688525.SH,,上市,,https://www.sse.com.cn/assortment/stock/home/,2026-07-28
688526.SH,科前生物,SSE,制造业,688526.SH,,上市,,https://www.sse.com.cn/assortment/stock/home/,2026-07-28
688528.SH,秦川物联,SSE,制造业,688528.SH,,上市,,https://www.sse.com.cn/assortment/stock/home/,2026-07-28
688529.SH,豪森智能,SSE,制造业,688529.SH,,上市,,https://www.sse.com.cn/assortment/stock/home/,2026-07-28
688530.SH,欧莱新材,SSE,制造业,688530.SH,,上市,,https://www.sse.com.cn/assortment/stock/home/,2026-07-28
688531.SH,日联科技,SSE,制造业,688531.SH,,上市,,https://www.sse.com.cn/assortment/stock/home/,2026-07-28
688533.SH,上声电子,SSE,制造业,688533.SH,,上市,,https://www.sse.com.cn/assortment/stock/home/,2026-07-28
688535.SH,华海诚科,SSE,制造业,688535.SH,,上市,,https://www.sse.com.cn/assortment/stock/home/,2026-07-28
688536.SH,思瑞浦,SSE,信息传输、软件和信息技术服务业,688536.SH,,上市,,https://www.sse.com.cn/assortment/stock/home/,2026-07-28
688538.SH,和辉光电,SSE,制造业,688538.SH,,上市,,https://www.sse.com.cn/assortment/stock/home/,2026-07-28
688539.SH,高华科技,SSE,制造业,688539.SH,,上市,,https://www.sse.com.cn/assortment/stock/home/,2026-07-28
688543.SH,国科军工,SSE,制造业,688543.SH,,上市,,https://www.sse.com.cn/assortment/stock/home/,2026-07-28
688545.SH,兴福电子,SSE,制造业,688545.SH,,上市,,https://www.sse.com.cn/assortment/stock/home/,2026-07-28
688548.SH,广钢气体,SSE,制造业,688548.SH,,上市,,https://www.sse.com.cn/assortment/stock/home/,2026-07-28
688549.SH,中巨芯,SSE,制造业,688549.SH,,上市,,https://www.sse.com.cn/assortment/stock/home/,2026-07-28
688550.SH,瑞联新材,SSE,制造业,688550.SH,,上市,,https://www.sse.com.cn/assortment/stock/home/,2026-07-28
688551.SH,科威尔,SSE,制造业,688551.SH,,上市,,https://www.sse.com.cn/assortment/stock/home/,2026-07-28
688552.SH,航天南湖,SSE,制造业,688552.SH,,上市,,https://www.sse.com.cn/assortment/stock/home/,2026-07-28
688553.SH,汇宇制药,SSE,制造业,688553.SH,,上市,,https://www.sse.com.cn/assortment/stock/home/,2026-07-28
688556.SH,高测股份,SSE,制造业,688556.SH,,上市,,https://www.sse.com.cn/assortment/stock/home/,2026-07-28
688557.SH,兰剑智能,SSE,制造业,688557.SH,,上市,,https://www.sse.com.cn/assortment/stock/home/,2026-07-28
688558.SH,国盛智科,SSE,制造业,688558.SH,,上市,,https://www.sse.com.cn/assortment/stock/home/,2026-07-28
688559.SH,海目星,SSE,制造业,688559.SH,,上市,,https://www.sse.com.cn/assortment/stock/home/,2026-07-28
688560.SH,明冠新材,SSE,制造业,688560.SH,,上市,,https://www.sse.com.cn/assortment/stock/home/,2026-07-28
688561.SH,奇安信,SSE,信息传输、软件和信息技术服务业,688561.SH,,上市,,https://www.sse.com.cn/assortment/stock/home/,2026-07-28
688562.SH,航天软件,SSE,信息传输、软件和信息技术服务业,688562.SH,,上市,,https://www.sse.com.cn/assortment/stock/home/,2026-07-28
688563.SH,航材股份,SSE,制造业,688563.SH,,上市,,https://www.sse.com.cn/assortment/stock/home/,2026-07-28
688565.SH,力源科技,SSE,制造业,688565.SH,,上市,,https://www.sse.com.cn/assortment/stock/home/,2026-07-28
688566.SH,吉贝尔,SSE,制造业,688566.SH,,上市,,https://www.sse.com.cn/assortment/stock/home/,2026-07-28
688567.SH,孚能科技,SSE,制造业,688567.SH,,上市,,https://www.sse.com.cn/assortment/stock/home/,2026-07-28
688568.SH,中科星图,SSE,信息传输、软件和信息技术服务业,688568.SH,,上市,,https://www.sse.com.cn/assortment/stock/home/,2026-07-28
688569.SH,铁科轨道,SSE,制造业,688569.SH,,上市,,https://www.sse.com.cn/assortment/stock/home/,2026-07-28
688570.SH,天玛智控,SSE,制造业,688570.SH,,上市,,https://www.sse.com.cn/assortment/stock/home/,2026-07-28
688571.SH,杭华股份,SSE,制造业,688571.SH,,上市,,https://www.sse.com.cn/assortment/stock/home/,2026-07-28
688573.SH,信宇人,SSE,制造业,688573.SH,,上市,,https://www.sse.com.cn/assortment/stock/home/,2026-07-28
688575.SH,亚辉龙,SSE,制造业,688575.SH,,上市,,https://www.sse.com.cn/assortment/stock/home/,2026-07-28
688576.SH,西山科技,SSE,制造业,688576.SH,,上市,,https://www.sse.com.cn/assortment/stock/home/,2026-07-28
688577.SH,浙海德曼,SSE,制造业,688577.SH,,上市,,https://www.sse.com.cn/assortment/stock/home/,2026-07-28
688578.SH,艾力斯,SSE,制造业,688578.SH,,上市,,https://www.sse.com.cn/assortment/stock/home/,2026-07-28
688579.SH,地纬智能,SSE,信息传输、软件和信息技术服务业,688579.SH,,上市,,https://www.sse.com.cn/assortment/stock/home/,2026-07-28
688580.SH,伟思医疗,SSE,制造业,688580.SH,,上市,,https://www.sse.com.cn/assortment/stock/home/,2026-07-28
688581.SH,安杰思,SSE,制造业,688581.SH,,上市,,https://www.sse.com.cn/assortment/stock/home/,2026-07-28
688582.SH,芯动联科,SSE,制造业,688582.SH,,上市,,https://www.sse.com.cn/assortment/stock/home/,2026-07-28
688583.SH,思看科技,SSE,制造业,688583.SH,,上市,,https://www.sse.com.cn/assortment/stock/home/,2026-07-28
688584.SH,上海合晶,SSE,制造业,688584.SH,,上市,,https://www.sse.com.cn/assortment/stock/home/,2026-07-28
688585.SH,上纬新材,SSE,制造业,688585.SH,,上市,,https://www.sse.com.cn/assortment/stock/home/,2026-07-28
688586.SH,江航装备,SSE,制造业,688586.SH,,上市,,https://www.sse.com.cn/assortment/stock/home/,2026-07-28
688588.SH,凌志软件,SSE,信息传输、软件和信息技术服务业,688588.SH,,上市,,https://www.sse.com.cn/assortment/stock/home/,2026-07-28
688589.SH,力合微,SSE,信息传输、软件和信息技术服务业,688589.SH,,上市,,https://www.sse.com.cn/assortment/stock/home/,2026-07-28
688590.SH,新致软件,SSE,信息传输、软件和信息技术服务业,688590.SH,,上市,,https://www.sse.com.cn/assortment/stock/home/,2026-07-28
688591.SH,泰凌微,SSE,制造业,688591.SH,,上市,,https://www.sse.com.cn/assortment/stock/home/,2026-07-28
688592.SH,司南导航,SSE,制造业,688592.SH,,上市,,https://www.sse.com.cn/assortment/stock/home/,2026-07-28
688593.SH,新相微,SSE,信息传输、软件和信息技术服务业,688593.SH,,上市,,https://www.sse.com.cn/assortment/stock/home/,2026-07-28
688595.SH,芯海科技,SSE,制造业,688595.SH,,上市,,https://www.sse.com.cn/assortment/stock/home/,2026-07-28
688596.SH,正帆科技,SSE,制造业,688596.SH,,上市,,https://www.sse.com.cn/assortment/stock/home/,2026-07-28
688597.SH,煜邦电力,SSE,制造业,688597.SH,,上市,,https://www.sse.com.cn/assortment/stock/home/,2026-07-28
688598.SH,金博股份,SSE,制造业,688598.SH,,上市,,https://www.sse.com.cn/assortment/stock/home/,2026-07-28
688599.SH,天合光能,SSE,制造业,688599.SH,,上市,,https://www.sse.com.cn/assortment/stock/home/,2026-07-28
688600.SH,皖仪科技,SSE,制造业,688600.SH,,上市,,https://www.sse.com.cn/assortment/stock/home/,2026-07-28
688601.SH,力芯微,SSE,制造业,688601.SH,,上市,,https://www.sse.com.cn/assortment/stock/home/,2026-07-28
688602.SH,康鹏科技,SSE,制造业,688602.SH,,上市,,https://www.sse.com.cn/assortment/stock/home/,2026-07-28
688603.SH,天承科技,SSE,制造业,688603.SH,,上市,,https://www.sse.com.cn/assortment/stock/home/,2026-07-28
688605.SH,先锋精科,SSE,制造业,688605.SH,,上市,,https://www.sse.com.cn/assortment/stock/home/,2026-07-28
688606.SH,奥泰生物,SSE,制造业,688606.SH,,上市,,https://www.sse.com.cn/assortment/stock/home/,2026-07-28
688607.SH,康众医疗,SSE,制造业,688607.SH,,上市,,https://www.sse.com.cn/assortment/stock/home/,2026-07-28
688608.SH,恒玄科技,SSE,制造业,688608.SH,,上市,,https://www.sse.com.cn/assortment/stock/home/,2026-07-28
688609.SH,九联科技,SSE,制造业,688609.SH,,上市,,https://www.sse.com.cn/assortment/stock/home/,2026-07-28
688610.SH,埃科光电,SSE,制造业,688610.SH,,上市,,https://www.sse.com.cn/assortment/stock/home/,2026-07-28
688611.SH,杭州柯林,SSE,制造业,688611.SH,,上市,,https://www.sse.com.cn/assortment/stock/home/,2026-07-28
688612.SH,威迈斯,SSE,制造业,688612.SH,,上市,,https://www.sse.com.cn/assortment/stock/home/,2026-07-28
688613.SH,奥精医疗,SSE,制造业,688613.SH,,上市,,https://www.sse.com.cn/assortment/stock/home/,2026-07-28
688615.SH,合合信息,SSE,信息传输、软件和信息技术服务业,688615.SH,,上市,,https://www.sse.com.cn/assortment/stock/home/,2026-07-28
688616.SH,西力科技,SSE,制造业,688616.SH,,上市,,https://www.sse.com.cn/assortment/stock/home/,2026-07-28
688617.SH,惠泰医疗,SSE,制造业,688617.SH,,上市,,https://www.sse.com.cn/assortment/stock/home/,2026-07-28
688618.SH,三旺通信,SSE,制造业,688618.SH,,上市,,https://www.sse.com.cn/assortment/stock/home/,2026-07-28
688619.SH,罗普特,SSE,信息传输、软件和信息技术服务业,688619.SH,,上市,,https://www.sse.com.cn/assortment/stock/home/,2026-07-28
688620.SH,安凯微,SSE,制造业,688620.SH,,上市,,https://www.sse.com.cn/assortment/stock/home/,2026-07-28
688621.SH,阳光诺和,SSE,科学研究和技术服务业,688621.SH,,上市,,https://www.sse.com.cn/assortment/stock/home/,2026-07-28
688622.SH,*ST禾信,SSE,制造业,688622.SH,,上市,,https://www.sse.com.cn/assortment/stock/home/,2026-07-28
688623.SH,双元科技,SSE,制造业,688623.SH,,上市,,https://www.sse.com.cn/assortment/stock/home/,2026-07-28
688625.SH,呈和科技,SSE,制造业,688625.SH,,上市,,https://www.sse.com.cn/assortment/stock/home/,2026-07-28
688626.SH,翔宇医疗,SSE,制造业,688626.SH,,上市,,https://www.sse.com.cn/assortment/stock/home/,2026-07-28
688627.SH,精智达,SSE,制造业,688627.SH,,上市,,https://www.sse.com.cn/assortment/stock/home/,2026-07-28
688628.SH,优利德,SSE,制造业,688628.SH,,上市,,https://www.sse.com.cn/assortment/stock/home/,2026-07-28
688629.SH,华丰科技,SSE,制造业,688629.SH,,上市,,https://www.sse.com.cn/assortment/stock/home/,2026-07-28
688630.SH,芯碁微装,SSE,制造业,688630.SH,,上市,,https://www.sse.com.cn/assortment/stock/home/,2026-07-28
688631.SH,莱斯信息,SSE,信息传输、软件和信息技术服务业,688631.SH,,上市,,https://www.sse.com.cn/assortment/stock/home/,2026-07-28
688633.SH,星球石墨,SSE,制造业,688633.SH,,上市,,https://www.sse.com.cn/assortment/stock/home/,2026-07-28
688635.SH,长进光子,SSE,制造业,688635.SH,,上市,,https://www.sse.com.cn/assortment/stock/home/,2026-07-28
688636.SH,智明达,SSE,制造业,688636.SH,,上市,,https://www.sse.com.cn/assortment/stock/home/,2026-07-28
688638.SH,誉辰智能,SSE,制造业,688638.SH,,上市,,https://www.sse.com.cn/assortment/stock/home/,2026-07-28
688639.SH,华恒生物,SSE,制造业,688639.SH,,上市,,https://www.sse.com.cn/assortment/stock/home/,2026-07-28
688646.SH,ST逸飞,SSE,制造业,688646.SH,,上市,,https://www.sse.com.cn/assortment/stock/home/,2026-07-28
688648.SH,中邮科技,SSE,制造业,688648.SH,,上市,,https://www.sse.com.cn/assortment/stock/home/,2026-07-28
688651.SH,盛邦安全,SSE,信息传输、软件和信息技术服务业,688651.SH,,上市,,https://www.sse.com.cn/assortment/stock/home/,2026-07-28
688652.SH,京仪装备,SSE,制造业,688652.SH,,上市,,https://www.sse.com.cn/assortment/stock/home/,2026-07-28
688653.SH,康希通信,SSE,制造业,688653.SH,,上市,,https://www.sse.com.cn/assortment/stock/home/,2026-07-28
688655.SH,迅捷兴,SSE,制造业,688655.SH,,上市,,https://www.sse.com.cn/assortment/stock/home/,2026-07-28
688656.SH,浩欧博,SSE,制造业,688656.SH,,上市,,https://www.sse.com.cn/assortment/stock/home/,2026-07-28
688657.SH,浩辰软件,SSE,信息传输、软件和信息技术服务业,688657.SH,,上市,,https://www.sse.com.cn/assortment/stock/home/,2026-07-28
688658.SH,悦康药业,SSE,制造业,688658.SH,,上市,,https://www.sse.com.cn/assortment/stock/home/,2026-07-28
688659.SH,元琛科技,SSE,制造业,688659.SH,,上市,,https://www.sse.com.cn/assortment/stock/home/,2026-07-28
688660.SH,电气风电,SSE,制造业,688660.SH,,上市,,https://www.sse.com.cn/assortment/stock/home/,2026-07-28
688661.SH,和林微纳,SSE,制造业,688661.SH,,上市,,https://www.sse.com.cn/assortment/stock/home/,2026-07-28
688662.SH,富信科技,SSE,制造业,688662.SH,,上市,,https://www.sse.com.cn/assortment/stock/home/,2026-07-28
688663.SH,DR新风光,SSE,制造业,688663.SH,,上市,,https://www.sse.com.cn/assortment/stock/home/,2026-07-28
688665.SH,四方光电,SSE,制造业,688665.SH,,上市,,https://www.sse.com.cn/assortment/stock/home/,2026-07-28
688667.SH,菱电电控,SSE,制造业,688667.SH,,上市,,https://www.sse.com.cn/assortment/stock/home/,2026-07-28
688668.SH,鼎通科技,SSE,制造业,688668.SH,,上市,,https://www.sse.com.cn/assortment/stock/home/,2026-07-28
688669.SH,聚石化学,SSE,制造业,688669.SH,,上市,,https://www.sse.com.cn/assortment/stock/home/,2026-07-28
688670.SH,金迪克,SSE,制造业,688670.SH,,上市,,https://www.sse.com.cn/assortment/stock/home/,2026-07-28
688671.SH,碧兴物联,SSE,制造业,688671.SH,,上市,,https://www.sse.com.cn/assortment/stock/home/,2026-07-28
688676.SH,金盘科技,SSE,制造业,688676.SH,,上市,,https://www.sse.com.cn/assortment/stock/home/,2026-07-28
688677.SH,海泰新光,SSE,制造业,688677.SH,,上市,,https://www.sse.com.cn/assortment/stock/home/,2026-07-28
688678.SH,福立旺,SSE,制造业,688678.SH,,上市,,https://www.sse.com.cn/assortment/stock/home/,2026-07-28
688679.SH,通源环境,SSE,水利、环境和公共设施管理业,688679.SH,,上市,,https://www.sse.com.cn/assortment/stock/home/,2026-07-28
688680.SH,海优新材,SSE,制造业,688680.SH,,上市,,https://www.sse.com.cn/assortment/stock/home/,2026-07-28
688681.SH,科汇股份,SSE,制造业,688681.SH,,上市,,https://www.sse.com.cn/assortment/stock/home/,2026-07-28
688682.SH,霍莱沃,SSE,信息传输、软件和信息技术服务业,688682.SH,,上市,,https://www.sse.com.cn/assortment/stock/home/,2026-07-28
688683.SH,莱尔科技,SSE,制造业,688683.SH,,上市,,https://www.sse.com.cn/assortment/stock/home/,2026-07-28
688685.SH,迈信林,SSE,制造业,688685.SH,,上市,,https://www.sse.com.cn/assortment/stock/home/,2026-07-28
688686.SH,奥普特,SSE,制造业,688686.SH,,上市,,https://www.sse.com.cn/assortment/stock/home/,2026-07-28
688687.SH,凯因科技,SSE,制造业,688687.SH,,上市,,https://www.sse.com.cn/assortment/stock/home/,2026-07-28
688689.SH,银河微电,SSE,制造业,688689.SH,,上市,,https://www.sse.com.cn/assortment/stock/home/,2026-07-28
688690.SH,纳微科技,SSE,制造业,688690.SH,,上市,,https://www.sse.com.cn/assortment/stock/home/,2026-07-28
688691.SH,灿芯股份,SSE,信息传输、软件和信息技术服务业,688691.SH,,上市,,https://www.sse.com.cn/assortment/stock/home/,2026-07-28
688692.SH,达梦数据,SSE,信息传输、软件和信息技术服务业,688692.SH,,上市,,https://www.sse.com.cn/assortment/stock/home/,2026-07-28
688693.SH,锴威特,SSE,制造业,688693.SH,,上市,,https://www.sse.com.cn/assortment/stock/home/,2026-07-28
688695.SH,中创股份,SSE,信息传输、软件和信息技术服务业,688695.SH,,上市,,https://www.sse.com.cn/assortment/stock/home/,2026-07-28
688696.SH,极米科技,SSE,制造业,688696.SH,,上市,,https://www.sse.com.cn/assortment/stock/home/,2026-07-28
688697.SH,纽威数控,SSE,制造业,688697.SH,,上市,,https://www.sse.com.cn/assortment/stock/home/,2026-07-28
688698.SH,伟创电气,SSE,制造业,688698.SH,,上市,,https://www.sse.com.cn/assortment/stock/home/,2026-07-28
688699.SH,明微电子,SSE,信息传输、软件和信息技术服务业,688699.SH,,上市,,https://www.sse.com.cn/assortment/stock/home/,2026-07-28
688700.SH,东威科技,SSE,制造业,688700.SH,,上市,,https://www.sse.com.cn/assortment/stock/home/,2026-07-28
688701.SH,卓锦股份,SSE,水利、环境和公共设施管理业,688701.SH,,上市,,https://www.sse.com.cn/assortment/stock/home/,2026-07-28
688702.SH,盛科通信,SSE,信息传输、软件和信息技术服务业,688702.SH,,上市,,https://www.sse.com.cn/assortment/stock/home/,2026-07-28
688707.SH,振华新材,SSE,制造业,688707.SH,,上市,,https://www.sse.com.cn/assortment/stock/home/,2026-07-28
688708.SH,佳驰科技,SSE,制造业,688708.SH,,上市,,https://www.sse.com.cn/assortment/stock/home/,2026-07-28
688709.SH,成都华微,SSE,制造业,688709.SH,,上市,,https://www.sse.com.cn/assortment/stock/home/,2026-07-28
688710.SH,益诺思,SSE,科学研究和技术服务业,688710.SH,,上市,,https://www.sse.com.cn/assortment/stock/home/,2026-07-28
688711.SH,宏微科技,SSE,制造业,688711.SH,,上市,,https://www.sse.com.cn/assortment/stock/home/,2026-07-28
688712.SH,北芯生命,SSE,制造业,688712.SH,,上市,,https://www.sse.com.cn/assortment/stock/home/,2026-07-28
688716.SH,中研股份,SSE,制造业,688716.SH,,上市,,https://www.sse.com.cn/assortment/stock/home/,2026-07-28
688717.SH,艾罗能源,SSE,制造业,688717.SH,,上市,,https://www.sse.com.cn/assortment/stock/home/,2026-07-28
688718.SH,唯赛勃,SSE,制造业,688718.SH,,上市,,https://www.sse.com.cn/assortment/stock/home/,2026-07-28
688719.SH,爱科赛博,SSE,制造业,688719.SH,,上市,,https://www.sse.com.cn/assortment/stock/home/,2026-07-28
688720.SH,艾森股份,SSE,制造业,688720.SH,,上市,,https://www.sse.com.cn/assortment/stock/home/,2026-07-28
688721.SH,龙图光罩,SSE,制造业,688721.SH,,上市,,https://www.sse.com.cn/assortment/stock/home/,2026-07-28
688722.SH,同益中,SSE,制造业,688722.SH,,上市,,https://www.sse.com.cn/assortment/stock/home/,2026-07-28
688726.SH,拉普拉斯,SSE,制造业,688726.SH,,上市,,https://www.sse.com.cn/assortment/stock/home/,2026-07-28
688727.SH,恒坤新材,SSE,制造业,688727.SH,,上市,,https://www.sse.com.cn/assortment/stock/home/,2026-07-28
688728.SH,格科微,SSE,制造业,688728.SH,,上市,,https://www.sse.com.cn/assortment/stock/home/,2026-07-28
688729.SH,屹唐股份,SSE,制造业,688729.SH,,上市,,https://www.sse.com.cn/assortment/stock/home/,2026-07-28
688733.SH,壹石通,SSE,制造业,688733.SH,,上市,,https://www.sse.com.cn/assortment/stock/home/,2026-07-28
688737.SH,中自科技,SSE,制造业,688737.SH,,上市,,https://www.sse.com.cn/assortment/stock/home/,2026-07-28
688739.SH,成大生物,SSE,制造业,688739.SH,,上市,,https://www.sse.com.cn/assortment/stock/home/,2026-07-28
688750.SH,金天钛业,SSE,制造业,688750.SH,,上市,,https://www.sse.com.cn/assortment/stock/home/,2026-07-28
688755.SH,汉邦科技,SSE,制造业,688755.SH,,上市,,https://www.sse.com.cn/assortment/stock/home/,2026-07-28
688757.SH,胜科纳米,SSE,科学研究和技术服务业,688757.SH,,上市,,https://www.sse.com.cn/assortment/stock/home/,2026-07-28
688758.SH,赛分科技,SSE,制造业,688758.SH,,上市,,https://www.sse.com.cn/assortment/stock/home/,2026-07-28
688759.SH,必贝特,SSE,制造业,688759.SH,,上市,,https://www.sse.com.cn/assortment/stock/home/,2026-07-28
688765.SH,禾元生物,SSE,制造业,688765.SH,,上市,,https://www.sse.com.cn/assortment/stock/home/,2026-07-28
688766.SH,普冉股份,SSE,制造业,688766.SH,,上市,,https://www.sse.com.cn/assortment/stock/home/,2026-07-28
688767.SH,博拓生物,SSE,制造业,688767.SH,,上市,,https://www.sse.com.cn/assortment/stock/home/,2026-07-28
688768.SH,容知日新,SSE,制造业,688768.SH,,上市,,https://www.sse.com.cn/assortment/stock/home/,2026-07-28
688772.SH,珠海冠宇,SSE,制造业,688772.SH,,上市,,https://www.sse.com.cn/assortment/stock/home/,2026-07-28
688775.SH,影石创新,SSE,制造业,688775.SH,,上市,,https://www.sse.com.cn/assortment/stock/home/,2026-07-28
688776.SH,国光电气,SSE,制造业,688776.SH,,上市,,https://www.sse.com.cn/assortment/stock/home/,2026-07-28
688777.SH,中控技术,SSE,信息传输、软件和信息技术服务业,688777.SH,,上市,,https://www.sse.com.cn/assortment/stock/home/,2026-07-28
688778.SH,厦钨新能,SSE,制造业,688778.SH,,上市,,https://www.sse.com.cn/assortment/stock/home/,2026-07-28
688779.SH,五矿新能,SSE,制造业,688779.SH,,上市,,https://www.sse.com.cn/assortment/stock/home/,2026-07-28
688781.SH,视涯科技,SSE,制造业,688781.SH,,上市,,https://www.sse.com.cn/assortment/stock/home/,2026-07-28
688783.SH,西安奕材,SSE,制造业,688783.SH,,上市,,https://www.sse.com.cn/assortment/stock/home/,2026-07-28
688785.SH,恒运昌,SSE,制造业,688785.SH,,上市,,https://www.sse.com.cn/assortment/stock/home/,2026-07-28
688786.SH,悦安新材,SSE,制造业,688786.SH,,上市,,https://www.sse.com.cn/assortment/stock/home/,2026-07-28
688787.SH,海天瑞声,SSE,信息传输、软件和信息技术服务业,688787.SH,,上市,,https://www.sse.com.cn/assortment/stock/home/,2026-07-28
688788.SH,科思科技,SSE,制造业,688788.SH,,上市,,https://www.sse.com.cn/assortment/stock/home/,2026-07-28
688789.SH,宏华数科,SSE,制造业,688789.SH,,上市,,https://www.sse.com.cn/assortment/stock/home/,2026-07-28
688790.SH,昂瑞微,SSE,制造业,688790.SH,,上市,,https://www.sse.com.cn/assortment/stock/home/,2026-07-28
688793.SH,倍轻松,SSE,制造业,688793.SH,,上市,,https://www.sse.com.cn/assortment/stock/home/,2026-07-28
688795.SH,摩尔线程,SSE,制造业,688795.SH,,上市,,https://www.sse.com.cn/assortment/stock/home/,2026-07-28
688796.SH,百奥赛图,SSE,科学研究和技术服务业,688796.SH,,上市,,https://www.sse.com.cn/assortment/stock/home/,2026-07-28
688797.SH,臻宝科技,SSE,制造业,688797.SH,,上市,,https://www.sse.com.cn/assortment/stock/home/,2026-07-28
688798.SH,艾为电子,SSE,制造业,688798.SH,,上市,,https://www.sse.com.cn/assortment/stock/home/,2026-07-28
688799.SH,华纳药厂,SSE,制造业,688799.SH,,上市,,https://www.sse.com.cn/assortment/stock/home/,2026-07-28
688800.SH,瑞可达,SSE,制造业,688800.SH,,上市,,https://www.sse.com.cn/assortment/stock/home/,2026-07-28
688802.SH,沐曦股份,SSE,制造业,688802.SH,,上市,,https://www.sse.com.cn/assortment/stock/home/,2026-07-28
688805.SH,健信超导,SSE,制造业,688805.SH,,上市,,https://www.sse.com.cn/assortment/stock/home/,2026-07-28
688806.SH,C泰诺,SSE,制造业,688806.SH,,上市,,https://www.sse.com.cn/assortment/stock/home/,2026-07-28
688807.SH,优迅股份,SSE,制造业,688807.SH,,上市,,https://www.sse.com.cn/assortment/stock/home/,2026-07-28
688808.SH,联讯仪器,SSE,制造业,688808.SH,,上市,,https://www.sse.com.cn/assortment/stock/home/,2026-07-28
688809.SH,强一股份,SSE,制造业,688809.SH,,上市,,https://www.sse.com.cn/assortment/stock/home/,2026-07-28
688811.SH,有研复材,SSE,制造业,688811.SH,,上市,,https://www.sse.com.cn/assortment/stock/home/,2026-07-28
688813.SH,泰金新能,SSE,制造业,688813.SH,,上市,,https://www.sse.com.cn/assortment/stock/home/,2026-07-28
688816.SH,易思维,SSE,制造业,688816.SH,,上市,,https://www.sse.com.cn/assortment/stock/home/,2026-07-28
688818.SH,电科蓝天,SSE,制造业,688818.SH,,上市,,https://www.sse.com.cn/assortment/stock/home/,2026-07-28
688819.SH,天能股份,SSE,制造业,688819.SH,,上市,,https://www.sse.com.cn/assortment/stock/home/,2026-07-28
688820.SH,盛合晶微,SSE,制造业,688820.SH,,上市,,https://www.sse.com.cn/assortment/stock/home/,2026-07-28
688825.SH,N长鑫,SSE,制造业,688825.SH,,上市,,https://www.sse.com.cn/assortment/stock/home/,2026-07-28
688981.SH,中芯国际,SSE,制造业,688981.SH,,上市,,https://www.sse.com.cn/assortment/stock/home/,2026-07-28
689009.SH,九号公司,SSE,制造业,689009.SH,,上市,,https://www.sse.com.cn/assortment/stock/home/,2026-07-28
