stock_code,company_name,exchange,sub_industry,included,exclusion_reason,entity_id,source_url,as_of_date
300274.SZ,阳光电源,SZSE,历史能源样本待复核,true,,300274.SZ,,
02688.HK,新奥能源控股有限公司,HKEX,历史能源样本待复核,false,HKEX官方快照尚未接入,02688.HK,,
600900.SH,长江电力,SSE,历史能源样本待复核,true,,600900.SH,,
000400.SZ,许继电气,SZSE,历史能源样本待复核,true,,000400.SZ,,
600956.SH,新天绿能,SSE,历史能源样本待复核,true,,600956.SH,,
01600.HK,天伦燃气控股有限公司,HKEX,历史能源样本待复核,false,HKEX官方快照尚未接入,01600.HK,,
00135.HK,昆仑能源有限公司,HKEX,历史能源样本待复核,false,HKEX官方快照尚未接入,00135.HK,,
00384.HK,中国燃气控股有限公司,HKEX,历史能源样本待复核,false,HKEX官方快照尚未接入,00384.HK,,
600438.SH,通威股份,SSE,历史能源样本待复核,true,,600438.SH,,
03868.HK,信义能源控股有限公司,HKEX,历史能源样本待复核,false,HKEX官方快照尚未接入,03868.HK,,
00686.HK,北京能源国际控股有限公司,HKEX,历史能源样本待复核,false,HKEX官方快照尚未接入,00686.HK,,
688599.SH,天合光能,SSE,历史能源样本待复核,true,,688599.SH,,
600406.SH,国电南瑞,SSE,历史能源样本待复核,true,,600406.SH,,
01798.HK,中国大唐集团新能源股份有限公司,HKEX,历史能源样本待复核,false,HKEX官方快照尚未接入,01798.HK,,
03633.HK,中裕能源控股有限公司,HKEX,历史能源样本待复核,false,HKEX官方快照尚未接入,03633.HK,,
002459.SZ,晶澳科技,SZSE,历史能源样本待复核,true,,002459.SZ,,
600732.SH,爱旭股份,SSE,历史能源样本待复核,true,,600732.SH,,
688390.SH,固德威,SSE,历史能源样本待复核,true,,688390.SH,,
601615.SH,明阳智能,SSE,历史能源样本待复核,true,,601615.SH,,
688676.SH,金盘科技,SSE,历史能源样本待复核,true,,688676.SH,,
002129.SZ,TCL中环,SZSE,历史能源样本待复核,true,,002129.SZ,,
601727.SH,上海电气,SSE,历史能源样本待复核,true,,601727.SH,,
00852.HK,海峡石油化工控股有限公司,HKEX,历史能源样本待复核,false,HKEX官方快照尚未接入,00852.HK,,
06828.HK,北京燃气蓝天控股有限公司,HKEX,历史能源样本待复核,false,HKEX官方快照尚未接入,06828.HK,,
600875.SH,东方电气,SSE,历史能源样本待复核,true,,600875.SH,,
03899.HK,中集安瑞科控股有限公司,HKEX,历史能源样本待复核,false,HKEX官方快照尚未接入,03899.HK,,
01083.HK,港华智慧能源有限公司,HKEX,历史能源样本待复核,false,HKEX官方快照尚未接入,01083.HK,,
688248.SH,南网科技,SSE,历史能源样本待复核,true,,688248.SH,,
01623.HK,海隆控股有限公司,HKEX,历史能源样本待复核,false,HKEX官方快照尚未接入,01623.HK,,
600938.SH,中国海油,SSE,历史能源样本待复核,true,,600938.SH,,
600803.SH,新奥股份,SSE,历史能源样本待复核,true,,600803.SH,,
301327.SZ,华宝新能,SZSE,历史能源样本待复核,true,,301327.SZ,,
01621.HK,域高国际控股有限公司,HKEX,历史能源样本待复核,false,HKEX官方快照尚未接入,01621.HK,,
300569.SZ,天能重工,SZSE,历史能源样本待复核,true,,300569.SZ,,
688303.SH,大全能源,SSE,历史能源样本待复核,true,,688303.SH,,
600821.SH,金开新能,SSE,历史能源样本待复核,true,,600821.SH,,
002851.SZ,麦格米特,SZSE,历史能源样本待复核,true,,002851.SZ,,
600968.SH,海油发展,SSE,历史能源样本待复核,true,,600968.SH,,
300750.SZ,宁德时代,SZSE,历史能源样本待复核,true,,300750.SZ,,
000155.SZ,川能动力,SZSE,历史能源样本待复核,true,,000155.SZ,,
01407.HK,交运燃气有限公司,HKEX,历史能源样本待复核,false,HKEX官方快照尚未接入,01407.HK,,
002506.SZ,协鑫集成,SZSE,历史能源样本待复核,true,,002506.SZ,,
688063.SH,派能科技,SSE,历史能源样本待复核,true,,688063.SH,,
601012.SH,隆基绿能,SSE,历史能源样本待复核,true,,601012.SH,,
002202.SZ,金风科技,SZSE,历史能源样本待复核,true,,002202.SZ,,
01733.HK,易大宗控股有限公司,HKEX,历史能源样本待复核,false,HKEX官方快照尚未接入,01733.HK,,
00003.HK,香港中华煤气有限公司,HKEX,历史能源样本待复核,false,HKEX官方快照尚未接入,00003.HK,,
003816.SZ,中国广核,SZSE,历史能源样本待复核,true,,003816.SZ,,
601126.SH,四方股份,SSE,历史能源样本待复核,true,,601126.SH,,
00579.HK,北京京能清洁能源电力股份有限公司,HKEX,历史能源样本待复核,false,HKEX官方快照尚未接入,00579.HK,,
000862.SZ,银星能源,SZSE,历史能源样本待复核,true,,000862.SZ,,
300014.SZ,亿纬锂能,SZSE,历史能源样本待复核,true,,300014.SZ,,
600188.SH,兖矿能源,SSE,历史能源样本待复核,true,,600188.SH,,
601877.SH,正泰电器,SSE,历史能源样本待复核,true,,601877.SH,,
003035.SZ,南网能源,SZSE,历史能源样本待复核,true,,003035.SZ,,
600312.SH,平高电气,SSE,历史能源样本待复核,true,,600312.SH,,
02236.HK,惠生工程技术服务有限公司,HKEX,历史能源样本待复核,false,HKEX官方快照尚未接入,02236.HK,,
601857.SH,中国石油,SSE,历史能源样本待复核,true,,601857.SH,,
688660.SH,电气风电,SSE,历史能源样本待复核,true,,688660.SH,,
000682.SZ,东方电子,SZSE,历史能源样本待复核,true,,000682.SZ,,
002249.SZ,大洋电机,SZSE,历史能源样本待复核,true,,002249.SZ,,
001289.SZ,龙源电力,SZSE,历史能源样本待复核,true,,001289.SZ,,
00392.HK,北京控股有限公司,HKEX,历史能源样本待复核,false,HKEX官方快照尚未接入,00392.HK,,
601088.SH,中国神华,SSE,历史能源样本待复核,true,,601088.SH,,
601898.SH,中煤能源,SSE,历史能源样本待复核,true,,601898.SH,,
300118.SZ,东方日升,SZSE,历史能源样本待复核,true,,300118.SZ,,
300693.SZ,盛弘股份,SZSE,历史能源样本待复核,true,,300693.SZ,,
600973.SH,宝胜股份,SSE,历史能源样本待复核,true,,600973.SH,,
00639.HK,首钢福山资源集团有限公司,HKEX,历史能源样本待复核,false,HKEX官方快照尚未接入,00639.HK,,
03668.HK,兖煤澳大利亚有限公司,HKEX,历史能源样本待复核,false,HKEX官方快照尚未接入,03668.HK,,
600885.SH,宏发股份,SSE,历史能源样本待复核,true,,600885.SH,,
01250.HK,山高新能源集团有限公司,HKEX,历史能源样本待复核,false,HKEX官方快照尚未接入,01250.HK,,
600028.SH,中国石化,SSE,历史能源样本待复核,true,,600028.SH,,
300882.SZ,万胜智能,SZSE,历史能源样本待复核,true,,300882.SZ,,
600098.SH,广州发展,SSE,历史能源样本待复核,true,,600098.SH,,
601985.SH,中国核电,SSE,历史能源样本待复核,true,,601985.SH,,
000883.SZ,湖北能源,SZSE,历史能源样本待复核,true,,000883.SZ,,
600871.SH,石化油服,SSE,历史能源样本待复核,true,,600871.SH,,
300105.SZ,龙源技术,SZSE,历史能源样本待复核,true,,300105.SZ,,
688032.SH,禾迈股份,SSE,历史能源样本待复核,true,,688032.SH,,
600635.SH,大众公用,SSE,历史能源样本待复核,true,,600635.SH,,
600032.SH,浙江新能,SSE,历史能源样本待复核,true,,600032.SH,,
00206.HK,华商能源科技股份有限公司,HKEX,历史能源样本待复核,false,HKEX官方快照尚未接入,00206.HK,,
00467.HK,联合能源集团有限公司,HKEX,历史能源样本待复核,false,HKEX官方快照尚未接入,00467.HK,,
603659.SH,璞泰来,SSE,历史能源样本待复核,true,,603659.SH,,
002493.SZ,荣盛石化,SZSE,历史能源样本待复核,true,,002493.SZ,,
600236.SH,桂冠电力,SSE,历史能源样本待复核,true,,600236.SH,,
300316.SZ,晶盛机电,SZSE,历史能源样本待复核,true,,300316.SZ,,
600475.SH,华光环能,SSE,历史能源样本待复核,true,,600475.SH,,
600886.SH,国投电力,SSE,历史能源样本待复核,true,,600886.SH,,
000922.SZ,佳电股份,SZSE,历史能源样本待复核,true,,000922.SZ,,
02380.HK,中国电力国际发展有限公司,HKEX,历史能源样本待复核,false,HKEX官方快照尚未接入,02380.HK,,
600905.SH,三峡能源,SSE,历史能源样本待复核,true,,600905.SH,,
002479.SZ,富春环保,SZSE,历史能源样本待复核,true,,002479.SZ,,
01921.HK,达力普控股有限公司,HKEX,历史能源样本待复核,false,HKEX官方快照尚未接入,01921.HK,,
002267.SZ,陕天然气,SZSE,历史能源样本待复核,true,,002267.SZ,,
600151.SH,航天机电,SSE,历史能源样本待复核,true,,600151.SH,,
601179.SH,中国西电,SSE,历史能源样本待复核,true,,601179.SH,,
600021.SH,上海电力,SSE,历史能源样本待复核,true,,600021.SH,,
00934.HK,中石化冠德控股有限公司,HKEX,历史能源样本待复核,false,HKEX官方快照尚未接入,00934.HK,,
00554.HK,汉思能源有限公司,HKEX,历史能源样本待复核,false,HKEX官方快照尚未接入,00554.HK,,
01193.HK,华润燃气控股有限公司,HKEX,历史能源样本待复核,false,HKEX官方快照尚未接入,01193.HK,,
688223.SH,晶科能源,SSE,历史能源样本待复核,true,,688223.SH,,
688472.SH,阿特斯,SSE,历史能源样本待复核,true,,688472.SH,,
603185.SH,弘元绿能,SSE,历史能源样本待复核,true,,603185.SH,,
603806.SH,福斯特,SSE,历史能源样本待复核,true,,603806.SH,,
002709.SZ,天赐材料,SZSE,历史能源样本待复核,true,,002709.SZ,,
600379.SH,宝光股份,SSE,历史能源样本待复核,true,,600379.SH,,
600995.SH,南网储能,SSE,历史能源样本待复核,true,,600995.SH,,
00182.HK,协合新能源集团有限公司,HKEX,历史能源样本待复核,false,HKEX官方快照尚未接入,00182.HK,,
600310.SH,广西能源,SSE,历史能源样本待复核,true,,600310.SH,,
00332.HK,元亨燃气控股有限公司,HKEX,历史能源样本待复核,false,HKEX官方快照尚未接入,00332.HK,,
601225.SH,陕西煤业,SSE,历史能源样本待复核,true,,601225.SH,,
00632.HK,中港石油有限公司,HKEX,历史能源样本待复核,false,HKEX官方快照尚未接入,00632.HK,,
00061.HK,绿领控股集团有限公司,HKEX,历史能源样本待复核,false,HKEX官方快照尚未接入,00061.HK,,
600525.SH,ST长园,SSE,历史能源样本待复核,false,ST/*ST排除,600525.SH,,
02386.HK,中石化炼化工程(集团)股份有限公司,HKEX,历史能源样本待复核,false,HKEX官方快照尚未接入,02386.HK,,
002911.SZ,佛燃能源,SZSE,历史能源样本待复核,true,,002911.SZ,,
00836.HK,华润电力控股有限公司,HKEX,历史能源样本待复核,false,HKEX官方快照尚未接入,00836.HK,,
002608.SZ,江苏国信,SZSE,历史能源样本待复核,true,,002608.SZ,,
08347.HK,F8企业(控股)集团有限公司,HKEX,历史能源样本待复核,false,HKEX官方快照尚未接入,08347.HK,,
002074.SZ,国轩高科,SZSE,历史能源样本待复核,true,,002074.SZ,,
00228.HK,中国能源开发控股有限公司,HKEX,历史能源样本待复核,false,HKEX官方快照尚未接入,00228.HK,,
03337.HK,安东油田服务集团,HKEX,历史能源样本待复核,false,HKEX官方快照尚未接入,03337.HK,,
01713.HK,四川能投发展股份有限公司,HKEX,历史能源样本待复核,false,HKEX官方快照尚未接入,01713.HK,,
002531.SZ,天顺风能,SZSE,历史能源样本待复核,true,,002531.SZ,,
600089.SH,特变电工,SSE,历史能源样本待复核,true,,600089.SH,,
000723.SZ,美锦能源,SZSE,历史能源样本待复核,true,,000723.SZ,,
08631.HK,申港控股有限公司,HKEX,历史能源样本待复核,false,HKEX官方快照尚未接入,08631.HK,,
688006.SH,杭可科技,SSE,历史能源样本待复核,true,,688006.SH,,
000875.SZ,电投绿能,SZSE,历史能源样本待复核,true,,000875.SZ,,
300626.SZ,华瑞股份,SZSE,历史能源样本待复核,true,,300626.SZ,,
688778.SH,厦钨新能,SSE,历史能源样本待复核,true,,688778.SH,,
00353.HK,能源国际投资控股有限公司,HKEX,历史能源样本待复核,false,HKEX官方快照尚未接入,00353.HK,,
600537.SH,*ST亿晶,SSE,历史能源样本待复核,false,ST/*ST排除,600537.SH,,
01205.HK,中信资源控股有限公司,HKEX,历史能源样本待复核,false,HKEX官方快照尚未接入,01205.HK,,
300185.SZ,通裕重工,SZSE,历史能源样本待复核,true,,300185.SZ,,
00346.HK,延长石油国际有限公司,HKEX,历史能源样本待复核,false,HKEX官方快照尚未接入,00346.HK,,
00295.HK,江山控股有限公司,HKEX,历史能源样本待复核,false,HKEX官方快照尚未接入,00295.HK,,
600011.SH,华能国际,SSE,历史能源样本待复核,true,,600011.SH,,
00607.HK,丰盛控股有限公司,HKEX,历史能源样本待复核,false,HKEX官方快照尚未接入,00607.HK,,
01381.HK,粤丰环保电力有限公司,HKEX,历史能源样本待复核,false,HKEX官方快照尚未接入,01381.HK,,
688707.SH,振华新材,SSE,历史能源样本待复核,true,,688707.SH,,
09689.HK,金泰丰国际控股有限公司,HKEX,历史能源样本待复核,false,HKEX官方快照尚未接入,09689.HK,,
688567.SH,孚能科技,SSE,历史能源样本待复核,true,,688567.SH,,
688772.SH,珠海冠宇,SSE,历史能源样本待复核,true,,688772.SH,,
01277.HK,力量发展集团有限公司,HKEX,历史能源样本待复核,false,HKEX官方快照尚未接入,01277.HK,,
605011.SH,杭州热电,SSE,历史能源样本待复核,true,,605011.SH,,
600483.SH,福能股份,SSE,历史能源样本待复核,true,,600483.SH,,
00002.HK,中电控股有限公司,HKEX,历史能源样本待复核,false,HKEX官方快照尚未接入,00002.HK,,
600167.SH,联美控股,SSE,历史能源样本待复核,true,,600167.SH,,
00650.HK,普达特科技有限公司,HKEX,历史能源样本待复核,false,HKEX官方快照尚未接入,00650.HK,,
603606.SH,东方电缆,SSE,历史能源样本待复核,true,,603606.SH,,
601808.SH,中海油服,SSE,历史能源样本待复核,true,,601808.SH,,
00196.HK,宏华集团有限公司,HKEX,历史能源样本待复核,false,HKEX官方快照尚未接入,00196.HK,,
001258.SZ,立新能源,SZSE,历史能源样本待复核,true,,001258.SZ,,
01251.HK,华油能源集团有限公司,HKEX,历史能源样本待复核,false,HKEX官方快照尚未接入,01251.HK,,
01303.HK,汇力资源(集团)有限公司,HKEX,历史能源样本待复核,false,HKEX官方快照尚未接入,01303.HK,,
601991.SH,大唐发电,SSE,历史能源样本待复核,true,,601991.SH,,
601139.SH,深圳燃气,SSE,历史能源样本待复核,true,,601139.SH,,
01393.HK,恒鼎实业国际发展有限公司,HKEX,历史能源样本待复核,false,HKEX官方快照尚未接入,01393.HK,,
001208.SZ,华菱线缆,SZSE,历史能源样本待复核,true,,001208.SZ,,
03800.HK,协鑫科技控股有限公司,HKEX,历史能源样本待复核,false,HKEX官方快照尚未接入,03800.HK,,
002340.SZ,格林美,SZSE,历史能源样本待复核,true,,002340.SZ,,
600688.SH,上海石化,SSE,历史能源样本待复核,true,,600688.SH,,
300450.SZ,先导智能,SZSE,历史能源样本待复核,true,,300450.SZ,,
000027.SZ,深圳能源,SZSE,历史能源样本待复核,true,,000027.SZ,,
000040.SZ,东旭蓝天新能源股份有限公司,SZSE,历史能源样本待复核,false,未匹配当前沪深正常上市底表,000040.SZ,,
688349.SH,三一重能,SSE,历史能源样本待复核,true,,688349.SH,,
002706.SZ,良信股份,SZSE,历史能源样本待复核,true,,002706.SZ,,
600339.SH,中油工程,SSE,历史能源样本待复核,true,,600339.SH,,
600795.SH,国电电力,SSE,历史能源样本待复核,true,,600795.SH,,
600505.SH,西昌电力,SSE,历史能源样本待复核,true,,600505.SH,,
300919.SZ,中伟新材,SZSE,历史能源样本待复核,true,,300919.SZ,,
01101.HK,中国华荣能源股份有限公司,HKEX,历史能源样本待复核,false,HKEX官方快照尚未接入,01101.HK,,
600863.SH,华能蒙电,SSE,历史能源样本待复核,true,,600863.SH,,
600917.SH,重庆燃气,SSE,历史能源样本待复核,true,,600917.SH,,
300376.SZ,易事特,SZSE,历史能源样本待复核,true,,300376.SZ,,
300751.SZ,迈为股份,SZSE,历史能源样本待复核,true,,300751.SZ,,
600027.SH,华电国际,SSE,历史能源样本待复核,true,,600027.SH,,
08270.HK,中国煤层气集团有限公司,HKEX,历史能源样本待复核,false,HKEX官方快照尚未接入,08270.HK,,
06885.HK,河南金马能源股份有限公司,HKEX,历史能源样本待复核,false,HKEX官方快照尚未接入,06885.HK,,
601918.SH,新集能源,SSE,历史能源样本待复核,true,,601918.SH,,
00042.HK,东北电气发展股份有限公司,HKEX,历史能源样本待复核,false,HKEX官方快照尚未接入,00042.HK,,
00276.HK,蒙古能源有限公司,HKEX,历史能源样本待复核,false,HKEX官方快照尚未接入,00276.HK,,
02798.HK,久泰邦达能源控股有限公司,HKEX,历史能源样本待复核,false,HKEX官方快照尚未接入,02798.HK,,
600025.SH,华能水电,SSE,历史能源样本待复核,true,,600025.SH,,
300207.SZ,欣旺达,SZSE,历史能源样本待复核,true,,300207.SZ,,
688819.SH,天能股份,SSE,历史能源样本待复核,true,,688819.SH,,
00866.HK,中国秦发集团有限公司,HKEX,历史能源样本待复核,false,HKEX官方快照尚未接入,00866.HK,,
01080.HK,胜利油气管道控股有限公司,HKEX,历史能源样本待复核,false,HKEX官方快照尚未接入,01080.HK,,
00065.HK,弘海高新资源有限公司,HKEX,历史能源样本待复核,false,HKEX官方快照尚未接入,00065.HK,,
01811.HK,中国广核新能源控股有限公司,HKEX,历史能源样本待复核,false,HKEX官方快照尚未接入,01811.HK,,
002893.SZ,京能热力,SZSE,历史能源样本待复核,true,,002893.SZ,,
00645.HK,安域亚洲有限公司,HKEX,历史能源样本待复核,false,HKEX官方快照尚未接入,00645.HK,,
601619.SH,嘉泽新能,SSE,历史能源样本待复核,true,,601619.SH,,
300393.SZ,中来股份,SZSE,历史能源样本待复核,true,,300393.SZ,,
600268.SH,国电南自,SSE,历史能源样本待复核,true,,600268.SH,,
688779.SH,五矿新能,SSE,历史能源样本待复核,true,,688779.SH,,
002812.SZ,恩捷股份,SZSE,历史能源样本待复核,true,,002812.SZ,,
00451.HK,协鑫新能源控股有限公司,HKEX,历史能源样本待复核,false,HKEX官方快照尚未接入,00451.HK,,
01940.HK,CHINA GAS INDUSTRY INVESTMENT HOLDINGS CO. LTD.,HKEX,历史能源样本待复核,false,HKEX官方快照尚未接入,01940.HK,,
600644.SH,乐山电力,SSE,历史能源样本待复核,true,,600644.SH,,
00975.HK,MONGOLIAN MINING CORPORATION,HKEX,历史能源样本待复核,false,HKEX官方快照尚未接入,00975.HK,,
688663.SH,DR新风光,SSE,历史能源样本待复核,true,,688663.SH,,
00702.HK,中国油气控股有限公司,HKEX,历史能源样本待复核,false,HKEX官方快照尚未接入,00702.HK,,
688681.SH,科汇股份,SSE,历史能源样本待复核,true,,688681.SH,,
01738.HK,飞尚无烟煤资源有限公司,HKEX,历史能源样本待复核,false,HKEX官方快照尚未接入,01738.HK,,
600256.SH,广汇能源,SSE,历史能源样本待复核,true,,600256.SH,,
000703.SZ,恒逸石化,SZSE,历史能源样本待复核,true,,000703.SZ,,
002560.SZ,通达股份,SZSE,历史能源样本待复核,true,,002560.SZ,,
688560.SH,明冠新材,SSE,历史能源样本待复核,true,,688560.SH,,
03303.HK,巨涛海洋石油服务有限公司,HKEX,历史能源样本待复核,false,HKEX官方快照尚未接入,03303.HK,,
600578.SH,京能电力,SSE,历史能源样本待复核,true,,600578.SH,,
000966.SZ,长源电力,SZSE,历史能源样本待复核,true,,000966.SZ,,
02728.HK,金泰能源控股有限公司,HKEX,历史能源样本待复核,false,HKEX官方快照尚未接入,02728.HK,,
600101.SH,明星电力,SSE,历史能源样本待复核,true,,600101.SH,,
01608.HK,伟能集团国际控股有限公司,HKEX,历史能源样本待复核,false,HKEX官方快照尚未接入,01608.HK,,
600346.SH,恒力石化,SSE,历史能源样本待复核,true,,600346.SH,,
300037.SZ,新宙邦,SZSE,历史能源样本待复核,true,,300037.SZ,,
600482.SH,中国动力,SSE,历史能源样本待复核,true,,600482.SH,,
02178.HK,百勤油田服务有限公司,HKEX,历史能源样本待复核,false,HKEX官方快照尚未接入,02178.HK,,
002039.SZ,黔源电力,SZSE,历史能源样本待复核,true,,002039.SZ,,
605090.SH,九丰能源,SSE,历史能源样本待复核,true,,605090.SH,,
08536.HK,TL Natural Gas Holdings Limited,HKEX,历史能源样本待复核,false,HKEX官方快照尚未接入,08536.HK,,
00968.HK,信义光能控股有限公司,HKEX,历史能源样本待复核,false,HKEX官方快照尚未接入,00968.HK,,
600780.SH,XD通宝能,SSE,历史能源样本待复核,true,,600780.SH,,
688226.SH,威腾电气,SSE,历史能源样本待复核,true,,688226.SH,,
01229.HK,南南资源实业有限公司,HKEX,历史能源样本待复核,false,HKEX官方快照尚未接入,01229.HK,,
002490.SZ,山东墨龙,SZSE,历史能源样本待复核,true,,002490.SZ,,
600023.SH,浙能电力,SSE,历史能源样本待复核,true,,600023.SH,,
601311.SH,骆驼股份,SSE,历史能源样本待复核,true,,601311.SH,,
00600.HK,中国基建投资有限公司,HKEX,历史能源样本待复核,false,HKEX官方快照尚未接入,00600.HK,,
600452.SH,涪陵电力,SSE,历史能源样本待复核,true,,600452.SH,,
#N/A,中国港能智慧能源集团有限公司,UNKNOWN,历史能源样本待复核,false,证券代码缺失或格式异常,#N/A,,
601865.SH,福莱特,SSE,历史能源样本待复核,true,,601865.SH,,
000720.SZ,新能泰山,SZSE,历史能源样本待复核,true,,000720.SZ,,
600642.SH,申能股份,SSE,历史能源样本待复核,true,,600642.SH,,
300568.SZ,星源材质,SZSE,历史能源样本待复核,true,,300568.SZ,,
688408.SH,中信博,SSE,历史能源样本待复核,true,,688408.SH,,
002801.SZ,微光股份,SZSE,历史能源样本待复核,true,,002801.SZ,,
600580.SH,卧龙电驱,SSE,历史能源样本待复核,true,,600580.SH,,
603318.SH,水发燃气,SSE,历史能源样本待复核,true,,603318.SH,,
688499.SH,利元亨,SSE,历史能源样本待复核,true,,688499.SH,,
600674.SH,川投能源,SSE,历史能源样本待复核,true,,600674.SH,,
603053.SH,成都燃气,SSE,历史能源样本待复核,true,,603053.SH,,
605028.SH,世茂能源,SSE,历史能源样本待复核,true,,605028.SH,,
002300.SZ,太阳电缆,SZSE,历史能源样本待复核,true,,002300.SZ,,
002498.SZ,汉缆股份,SZSE,历史能源样本待复核,true,,002498.SZ,,
600777.SH,新潮能源,SSE,历史能源样本待复核,true,,600777.SH,,
600416.SH,湘电股份,SSE,历史能源样本待复核,true,,600416.SH,,
600982.SH,宁波能源,SSE,历史能源样本待复核,true,,600982.SH,,
603693.SH,江苏新能,SSE,历史能源样本待复核,true,,603693.SH,,
300062.SZ,中能电气,SZSE,历史能源样本待复核,true,,300062.SZ,,
601222.SH,林洋能源,SSE,历史能源样本待复核,true,,601222.SH,,
000690.SZ,宝新能源,SZSE,历史能源样本待复核,true,,000690.SZ,,
000993.SZ,闽东电力,SZSE,历史能源样本待复核,true,,000993.SZ,,
000937.SZ,冀中能源,SZSE,历史能源样本待复核,true,,000937.SZ,,
002350.SZ,北京科锐,SZSE,历史能源样本待复核,true,,002350.SZ,,
603577.SH,汇金通,SSE,历史能源样本待复核,true,,603577.SH,,
01938.HK,珠江石油天然气钢管控股有限公司,HKEX,历史能源样本待复核,false,HKEX官方快照尚未接入,01938.HK,,
600468.SH,百利电气,SSE,历史能源样本待复核,true,,600468.SH,,
605196.SH,华通线缆,SSE,历史能源样本待复核,true,,605196.SH,,
603861.SH,白云电器,SSE,历史能源样本待复核,true,,603861.SH,,
603320.SH,迪贝电气,SSE,历史能源样本待复核,true,,603320.SH,,
002128.SZ,电投能源,SZSE,历史能源样本待复核,true,,002128.SZ,,
00006.HK,电能实业有限公司,HKEX,历史能源样本待复核,false,HKEX官方快照尚未接入,00006.HK,,
01555.HK,MI能源控股有限公司,HKEX,历史能源样本待复核,false,HKEX官方快照尚未接入,01555.HK,,
300772.SZ,运达股份,SZSE,历史能源样本待复核,true,,300772.SZ,,
600116.SH,三峡水利,SSE,历史能源样本待复核,true,,600116.SH,,
600903.SH,贵州燃气,SSE,历史能源样本待复核,true,,600903.SH,,
600884.SH,杉杉股份,SSE,历史能源样本待复核,true,,600884.SH,,
000819.SZ,岳阳兴长,SZSE,历史能源样本待复核,true,,000819.SZ,,
00091.HK,金禧国际控股集团有限公司,HKEX,历史能源样本待复核,false,HKEX官方快照尚未接入,00091.HK,,
002056.SZ,横店东磁,SZSE,历史能源样本待复核,true,,002056.SZ,,
000539.SZ,粤电力Ａ,SZSE,历史能源样本待复核,true,,000539.SZ,,
601616.SH,广电电气,SSE,历史能源样本待复核,true,,601616.SH,,
600405.SH,动力源,SSE,历史能源样本待复核,true,,600405.SH,,
00819.HK,天能动力国际有限公司,HKEX,历史能源样本待复核,false,HKEX官方快照尚未接入,00819.HK,,
600163.SH,中闽能源,SSE,历史能源样本待复核,true,,600163.SH,,
603706.SH,东方环宇,SSE,历史能源样本待复核,true,,603706.SH,,
603618.SH,杭电股份,SSE,历史能源样本待复核,true,,603618.SH,,
688616.SH,西力科技,SSE,历史能源样本待复核,true,,688616.SH,,
688116.SH,天奈科技,SSE,历史能源样本待复核,true,,688116.SH,,
600508.SH,上海能源,SSE,历史能源样本待复核,true,,600508.SH,,
03395.HK,吉星新能源有限责任公司,HKEX,历史能源样本待复核,false,HKEX官方快照尚未接入,03395.HK,,
00689.HK,长盈集团(控股)有限公司,HKEX,历史能源样本待复核,false,HKEX官方快照尚未接入,00689.HK,,
688517.SH,金冠电气,SSE,历史能源样本待复核,true,,688517.SH,,
002986.SZ,宇新股份,SZSE,历史能源样本待复核,true,,002986.SZ,,
600744.SH,华银电力,SSE,历史能源样本待复核,true,,600744.SH,,
300763.SZ,锦浪科技,SZSE,历史能源样本待复核,true,,300763.SZ,,
603032.SH,德新科技,SSE,历史能源样本待复核,true,,603032.SH,,
301217.SZ,铜冠铜箔,SZSE,历史能源样本待复核,true,,301217.SZ,,
000537.SZ,绿发电力,SZSE,历史能源样本待复核,true,,000537.SZ,,
605368.SH,蓝天燃气,SSE,历史能源样本待复核,true,,605368.SH,,
600550.SH,保变电气,SSE,历史能源样本待复核,true,,600550.SH,,
002221.SZ,东华能源,SZSE,历史能源样本待复核,true,,002221.SZ,,
603689.SH,皖天然气,SSE,历史能源样本待复核,true,,603689.SH,,
688388.SH,嘉元科技,SSE,历史能源样本待复核,true,,688388.SH,,
600726.SH,华电能源,SSE,历史能源样本待复核,true,,600726.SH,,
002121.SZ,科陆电子,SZSE,历史能源样本待复核,true,,002121.SZ,,
688717.SH,艾罗能源,SSE,历史能源样本待复核,true,,688717.SH,,
001376.SZ,百通能源,SZSE,历史能源样本待复核,true,,001376.SZ,,
002534.SZ,西子洁能,SZSE,历史能源样本待复核,true,,002534.SZ,,
688429.SH,时创能源,SSE,历史能源样本待复核,true,,688429.SH,,
688191.SH,智洋创新,SSE,历史能源样本待复核,true,,688191.SH,,
688680.SH,海优新材,SSE,历史能源样本待复核,true,,688680.SH,,
603031.SH,安孚科技,SSE,历史能源样本待复核,true,,603031.SH,,
688503.SH,聚和材料,SSE,历史能源样本待复核,true,,688503.SH,,
003022.SZ,联泓新科,SZSE,历史能源样本待复核,true,,003022.SZ,,
834770.BJ,浙江艾能聚光伏科技股份有限公司,BSE,历史能源样本待复核,false,BSE官方快照尚未接入,834770.BJ,,
603105.SH,芯能科技,SSE,历史能源样本待复核,true,,603105.SH,,
603063.SH,禾望电气,SSE,历史能源样本待复核,true,,603063.SH,,
603353.SH,和顺石油,SSE,历史能源样本待复核,true,,603353.SH,,
603393.SH,新天然气,SSE,历史能源样本待复核,true,,603393.SH,,
002700.SZ,万憬能源,SZSE,历史能源样本待复核,true,,002700.SZ,,
002606.SZ,大连电瓷,SZSE,历史能源样本待复核,true,,002606.SZ,,
600847.SH,万里股份,SSE,历史能源样本待复核,true,,600847.SH,,
300390.SZ,天华新能,SZSE,历史能源样本待复核,true,,300390.SZ,,
301587.SZ,中瑞股份,SZSE,历史能源样本待复核,true,,301587.SZ,,
603628.SH,清源股份,SSE,历史能源样本待复核,true,,603628.SH,,
601001.SH,晋控煤业,SSE,历史能源样本待复核,true,,601001.SH,,
688155.SH,先惠技术,SSE,历史能源样本待复核,true,,688155.SH,,
600395.SH,盘江股份,SSE,历史能源样本待复核,true,,600395.SH,,
688597.SH,煜邦电力,SSE,历史能源样本待复核,true,,688597.SH,,
605117.SH,德业股份,SSE,历史能源样本待复核,true,,605117.SH,,
830809.BJ,贵州安达科技能源股份有限公司,BSE,历史能源样本待复核,false,BSE官方快照尚未接入,830809.BJ,,
835237.BJ,力佳电源科技(湖北)股份有限公司,BSE,历史能源样本待复核,false,BSE官方快照尚未接入,835237.BJ,,
002533.SZ,金杯电工,SZSE,历史能源样本待复核,true,,002533.SZ,,
601567.SH,三星电气,SSE,历史能源样本待复核,true,,601567.SH,,
001269.SZ,欧晶科技,SZSE,历史能源样本待复核,true,,001269.SZ,,
300191.SZ,潜能恒信,SZSE,历史能源样本待复核,true,,300191.SZ,,
002882.SZ,金龙羽,SZSE,历史能源样本待复核,true,,002882.SZ,,
300820.SZ,英杰电气,SZSE,历史能源样本待复核,true,,300820.SZ,,
603070.SH,万控智造,SSE,历史能源样本待复核,true,,603070.SH,,
002270.SZ,华明装备,SZSE,历史能源样本待复核,true,,002270.SZ,,
600157.SH,永泰能源,SSE,历史能源样本待复核,true,,600157.SH,,
301325.SZ,曼恩斯特,SZSE,历史能源样本待复核,true,,301325.SZ,,
601016.SH,节能风电,SSE,历史能源样本待复核,true,,601016.SH,,
300332.SZ,天壕能源,SZSE,历史能源样本待复核,true,,300332.SZ,,
605169.SH,洪通燃气,SSE,历史能源样本待复核,true,,605169.SH,,
605580.SH,恒盛能源,SSE,历史能源样本待复核,true,,605580.SH,,
831010.BJ,宁夏凯添燃气发展股份有限公司,BSE,历史能源样本待复核,false,BSE官方快照尚未接入,831010.BJ,,
603619.SH,中曼石油,SSE,历史能源样本待复核,true,,603619.SH,,
300286.SZ,安科瑞,SZSE,历史能源样本待复核,true,,300286.SZ,,
605162.SH,新中港,SSE,历史能源样本待复核,true,,605162.SH,,
688598.SH,金博股份,SSE,历史能源样本待复核,true,,688598.SH,,
834682.BJ,宁波球冠电缆股份有限公司,BSE,历史能源样本待复核,false,BSE官方快照尚未接入,834682.BJ,,
688556.SH,高测股份,SSE,历史能源样本待复核,true,,688556.SH,,
002850.SZ,科达利,SZSE,历史能源样本待复核,true,,002850.SZ,,
600681.SH,百川能源,SSE,历史能源样本待复核,true,,600681.SH,,
002865.SZ,钧达股份,SZSE,历史能源样本待复核,true,,002865.SZ,,
603728.SH,鸣志电器,SSE,历史能源样本待复核,true,,603728.SH,,
600577.SH,精达股份,SSE,历史能源样本待复核,true,,600577.SH,,
000593.SZ,德龙汇能,SZSE,历史能源样本待复核,true,,000593.SZ,,
832110.BJ,珠海雷特科技股份有限公司,BSE,历史能源样本待复核,false,BSE官方快照尚未接入,832110.BJ,,
000591.SZ,太阳能,SZSE,历史能源样本待复核,true,,000591.SZ,,
835185.BJ,贝特瑞新材料集团股份有限公司,BSE,历史能源样本待复核,false,BSE官方快照尚未接入,835185.BJ,,
301439.SZ,泓淋电力,SZSE,历史能源样本待复核,true,,301439.SZ,,
688275.SH,万润新能,SSE,历史能源样本待复核,true,,688275.SH,,
600725.SH,云维股份,SSE,历史能源样本待复核,true,,600725.SH,,
002518.SZ,科士达,SZSE,历史能源样本待复核,true,,002518.SZ,,
300483.SZ,首华燃气,SZSE,历史能源样本待复核,true,,300483.SZ,,
688516.SH,奥特维,SSE,历史能源样本待复核,true,,688516.SH,,
000968.SZ,蓝焰控股,SZSE,历史能源样本待复核,true,,000968.SZ,,
603489.SH,八方股份,SSE,历史能源样本待复核,true,,603489.SH,,
300432.SZ,富临精工,SZSE,历史能源样本待复核,true,,300432.SZ,,
002125.SZ,湘潭电化,SZSE,历史能源样本待复核,true,,002125.SZ,,
000543.SZ,皖能电力,SZSE,历史能源样本待复核,true,,000543.SZ,,
603080.SH,新疆火炬,SSE,历史能源样本待复核,true,,603080.SH,,
001331.SZ,胜通能源,SZSE,历史能源样本待复核,true,,001331.SZ,,
300880.SZ,迦南智能,SZSE,历史能源样本待复核,true,,300880.SZ,,
001301.SZ,尚太科技,SZSE,历史能源样本待复核,true,,001301.SZ,,
300407.SZ,凯发电气,SZSE,历史能源样本待复核,true,,300407.SZ,,
300073.SZ,当升科技,SZSE,历史能源样本待复核,true,,300073.SZ,,
603026.SH,石大胜华,SSE,历史能源样本待复核,true,,603026.SH,,
301238.SZ,瑞泰新材,SZSE,历史能源样本待复核,true,,301238.SZ,,
301150.SZ,中一科技,SZSE,历史能源样本待复核,true,,301150.SZ,,
001299.SZ,美能能源,SZSE,历史能源样本待复核,true,,001299.SZ,,
603191.SH,望变电气,SSE,历史能源样本待复核,true,,603191.SH,,
301295.SZ,美硕科技,SZSE,历史能源样本待复核,true,,301295.SZ,,
688348.SH,昱能科技,SSE,历史能源样本待复核,true,,688348.SH,,
000600.SZ,建投能源,SZSE,历史能源样本待复核,true,,000600.SZ,,
301157.SZ,华塑科技,SZSE,历史能源样本待复核,true,,301157.SZ,,
839167.BJ,同享(苏州)电子材料科技股份有限公司,BSE,历史能源样本待复核,false,BSE官方快照尚未接入,839167.BJ,,
002953.SZ,日丰股份,SZSE,历史能源样本待复核,true,,002953.SZ,,
002276.SZ,万马股份,SZSE,历史能源样本待复核,true,,002276.SZ,,
301222.SZ,浙江恒威,SZSE,历史能源样本待复核,true,,301222.SZ,,
301292.SZ,海科新源,SZSE,历史能源样本待复核,true,,301292.SZ,,
601218.SH,吉鑫科技,SSE,历史能源样本待复核,true,,601218.SH,,
301388.SZ,欣灵电气,SZSE,历史能源样本待复核,true,,301388.SZ,,
301002.SZ,崧盛股份,SZSE,历史能源样本待复核,true,,301002.SZ,,
603829.SH,洛凯股份,SSE,历史能源样本待复核,true,,603829.SH,,
600979.SH,广安爱众,SSE,历史能源样本待复核,true,,600979.SH,,
002759.SZ,ST天际,SZSE,历史能源样本待复核,false,ST/*ST排除,002759.SZ,,
300080.SZ,易成新能,SZSE,历史能源样本待复核,true,,300080.SZ,,
600868.SH,梅雁吉祥,SSE,历史能源样本待复核,true,,600868.SH,,
002169.SZ,智光电气,SZSE,历史能源样本待复核,true,,002169.SZ,,
002259.SZ,升达林业,SZSE,历史能源样本待复核,true,,002259.SZ,,
300360.SZ,炬华科技,SZSE,历史能源样本待复核,true,,300360.SZ,,
833914.BJ,江苏远航精密合金科技股份有限公司,BSE,历史能源样本待复核,false,BSE官方快照尚未接入,833914.BJ,,
300438.SZ,鹏辉能源,SZSE,历史能源样本待复核,true,,300438.SZ,,
002245.SZ,蔚蓝锂芯,SZSE,历史能源样本待复核,true,,002245.SZ,,
000049.SZ,德赛电池,SZSE,历史能源样本待复核,true,,000049.SZ,,
300769.SZ,德方纳米,SZSE,历史能源样本待复核,true,,300769.SZ,,
301386.SZ,未来电器,SZSE,历史能源样本待复核,true,,301386.SZ,,
301179.SZ,泽宇智能,SZSE,历史能源样本待复核,true,,301179.SZ,,
605378.SH,野马电池,SSE,历史能源样本待复核,true,,605378.SH,,
000009.SZ,中国宝安,SZSE,历史能源样本待复核,true,,000009.SZ,,
002335.SZ,科华数据,SZSE,历史能源样本待复核,true,,002335.SZ,,
603016.SH,新宏泰,SSE,历史能源样本待复核,true,,603016.SH,,
300593.SZ,新雷能,SZSE,历史能源样本待复核,true,,300593.SZ,,
000554.SZ,泰山石油,SZSE,历史能源样本待复核,true,,000554.SZ,,
603097.SH,江苏华辰,SSE,历史能源样本待复核,true,,603097.SH,,
603312.SH,西典新能,SSE,历史能源样本待复核,true,,603312.SH,,
836414.BJ,上海欧普泰科技创业股份有限公司,BSE,历史能源样本待复核,false,BSE官方快照尚未接入,836414.BJ,,
833523.BJ,惠州市惠德瑞锂电科技股份有限公司,BSE,历史能源样本待复核,false,BSE官方快照尚未接入,833523.BJ,,
002527.SZ,新时达,SZSE,历史能源样本待复核,true,,002527.SZ,,
000791.SZ,甘肃能源,SZSE,历史能源样本待复核,true,,000791.SZ,,
835985.BJ,唐山海泰新能科技股份有限公司,BSE,历史能源样本待复核,false,BSE官方快照尚未接入,835985.BJ,,
603218.SH,日月股份,SSE,历史能源样本待复核,true,,603218.SH,,
001283.SZ,豪鹏科技,SZSE,历史能源样本待复核,true,,001283.SZ,,
600110.SH,诺德股份,SSE,历史能源样本待复核,true,,600110.SH,,
603556.SH,海兴电力,SSE,历史能源样本待复核,true,,603556.SH,,
301266.SZ,宇邦新材,SZSE,历史能源样本待复核,true,,301266.SZ,,
301291.SZ,明阳电气,SZSE,历史能源样本待复核,true,,301291.SZ,,
301012.SZ,扬电科技,SZSE,历史能源样本待复核,true,,301012.SZ,,
002028.SZ,思源电气,SZSE,历史能源样本待复核,true,,002028.SZ,,
831627.BJ,广东力王新能源股份有限公司,BSE,历史能源样本待复核,false,BSE官方快照尚未接入,831627.BJ,,
301063.SZ,海锅股份,SZSE,历史能源样本待复核,true,,301063.SZ,,
000899.SZ,赣能股份,SZSE,历史能源样本待复核,true,,000899.SZ,,
301278.SZ,快可电子,SZSE,历史能源样本待复核,true,,301278.SZ,,
301358.SZ,湖南裕能,SZSE,历史能源样本待复核,true,,301358.SZ,,
000407.SZ,胜利股份,SZSE,历史能源样本待复核,true,,000407.SZ,,
600241.SH,时代万恒,SSE,历史能源样本待复核,true,,600241.SH,,
603212.SH,赛伍技术,SSE,历史能源样本待复核,true,,603212.SH,,
831152.BJ,昆明理工恒达科技股份有限公司,BSE,历史能源样本待复核,false,BSE官方快照尚未接入,831152.BJ,,
300776.SZ,帝尔激光,SZSE,历史能源样本待复核,true,,300776.SZ,,
301511.SZ,德福科技,SZSE,历史能源样本待复核,true,,301511.SZ,,
600478.SH,科力远,SSE,历史能源样本待复核,true,,600478.SH,,
300265.SZ,通光线缆,SZSE,历史能源样本待复核,true,,300265.SZ,,
688551.SH,科威尔,SSE,历史能源样本待复核,true,,688551.SH,,
600481.SH,双良节能,SSE,历史能源样本待复核,true,,600481.SH,,
830779.BJ,武汉市蓝电电子股份有限公司,BSE,历史能源样本待复核,false,BSE官方快照尚未接入,830779.BJ,,
301210.SZ,金杨精密,SZSE,历史能源样本待复核,true,,301210.SZ,,
600207.SH,安彩高科,SSE,历史能源样本待复核,true,,600207.SH,,
02012.HK,阳光油砂有限公司,HKEX,历史能源样本待复核,false,HKEX官方快照尚未接入,02012.HK,,
002623.SZ,亚玛顿,SZSE,历史能源样本待复核,true,,002623.SZ,,
002015.SZ,协鑫能科,SZSE,历史能源样本待复核,true,,002015.SZ,,
603344.SH,星德胜,SSE,历史能源样本待复核,true,,603344.SH,,
834062.BJ,科润智能控制股份有限公司,BSE,历史能源样本待复核,false,BSE官方快照尚未接入,834062.BJ,,
600758.SH,辽宁能源,SSE,历史能源样本待复核,true,,600758.SH,,
831396.BJ,许昌智能继电器股份有限公司,BSE,历史能源样本待复核,false,BSE官方快照尚未接入,831396.BJ,,
01799.HK,新特能源股份有限公司,HKEX,历史能源样本待复核,false,HKEX官方快照尚未接入,01799.HK,,
870299.BJ,南京灿能电力自动化股份有限公司,BSE,历史能源样本待复核,false,BSE官方快照尚未接入,870299.BJ,,
300317.SZ,珈伟新能,SZSE,历史能源样本待复核,true,,300317.SZ,,
002487.SZ,大金重工,SZSE,历史能源样本待复核,true,,002487.SZ,,
00951.HK,超威动力控股有限公司,HKEX,历史能源样本待复核,false,HKEX官方快照尚未接入,00951.HK,,
002346.SZ,柘中股份,SZSE,历史能源样本待复核,true,,002346.SZ,,
301516.SZ,中远通,SZSE,历史能源样本待复核,true,,301516.SZ,,
002733.SZ,雄韬股份,SZSE,历史能源样本待复核,true,,002733.SZ,,
301349.SZ,信德新材,SZSE,历史能源样本待复核,true,,301349.SZ,,
300617.SZ,安靠智电,SZSE,历史能源样本待复核,true,,300617.SZ,,
873152.BJ,浙江天宏锂电股份有限公司,BSE,历史能源样本待复核,false,BSE官方快照尚未接入,873152.BJ,,
002580.SZ,圣阳股份,SZSE,历史能源样本待复核,true,,002580.SZ,,
688147.SH,微导纳米,SSE,历史能源样本待复核,true,,688147.SH,,
002823.SZ,凯中精密,SZSE,历史能源样本待复核,true,,002823.SZ,,
301120.SZ,新特电气,SZSE,历史能源样本待复核,true,,301120.SZ,,
301226.SZ,祥明智能,SZSE,历史能源样本待复核,true,,301226.SZ,,
301502.SZ,华阳智能,SZSE,历史能源样本待复核,true,,301502.SZ,,
300514.SZ,友讯达,SZSE,历史能源样本待复核,true,,300514.SZ,,
688353.SH,华盛锂电,SSE,历史能源样本待复核,true,,688353.SH,,
300932.SZ,三友联众,SZSE,历史能源样本待复核,true,,300932.SZ,,
603906.SH,龙蟠科技,SSE,历史能源样本待复核,true,,603906.SH,,
300870.SZ,欧陆通,SZSE,历史能源样本待复核,true,,300870.SZ,,
688719.SH,爱科赛博,SSE,历史能源样本待复核,true,,688719.SH,,
300907.SZ,康平科技,SZSE,历史能源样本待复核,true,,300907.SZ,,
300153.SZ,科泰电源,SZSE,历史能源样本待复核,true,,300153.SZ,,
300619.SZ,金银河,SZSE,历史能源样本待复核,true,,300619.SZ,,
600969.SH,郴电国际,SSE,历史能源样本待复核,true,,600969.SH,,
300660.SZ,江苏雷利,SZSE,历史能源样本待复核,true,,300660.SZ,,
688345.SH,博力威,SSE,历史能源样本待复核,true,,688345.SH,,
301361.SZ,众智科技,SZSE,历史能源样本待复核,true,,301361.SZ,,
688392.SH,骄成超声,SSE,历史能源样本待复核,true,,688392.SH,,
002441.SZ,众业达,SZSE,历史能源样本待复核,true,,002441.SZ,,
603988.SH,中电电机,SSE,历史能源样本待复核,true,,603988.SH,,
834639.BJ,浙江晨光电缆股份有限公司,BSE,历史能源样本待复核,false,BSE官方快照尚未接入,834639.BJ,,
600869.SH,远东股份,SSE,历史能源样本待复核,true,,600869.SH,,
301023.SZ,奕帆传动,SZSE,历史能源样本待复核,true,,301023.SZ,,
300491.SZ,通合科技,SZSE,历史能源样本待复核,true,,300491.SZ,,
002692.SZ,远程股份,SZSE,历史能源样本待复核,true,,002692.SZ,,
002980.SZ,华盛昌,SZSE,历史能源样本待复核,true,,002980.SZ,,
601908.SH,京运通,SSE,历史能源样本待复核,true,,601908.SH,,
002218.SZ,拓日新能,SZSE,历史能源样本待复核,true,,002218.SZ,,
300040.SZ,九洲集团,SZSE,历史能源样本待复核,true,,300040.SZ,,
301082.SZ,久盛电气,SZSE,历史能源样本待复核,true,,301082.SZ,,
300125.SZ,*ST聆达,SZSE,历史能源样本待复核,false,ST/*ST排除,300125.SZ,,
000096.SZ,广聚能源,SZSE,历史能源样本待复核,true,,000096.SZ,,
688733.SH,壹石通,SSE,历史能源样本待复核,true,,688733.SH,,
300850.SZ,新强联,SZSE,历史能源样本待复核,true,,300850.SZ,,
600458.SH,时代新材,SSE,历史能源样本待复核,true,,600458.SH,,
002366.SZ,融发核电,SZSE,历史能源样本待复核,true,,002366.SZ,,
301152.SZ,天力锂能,SZSE,历史能源样本待复核,true,,301152.SZ,,
301456.SZ,盘古智能,SZSE,历史能源样本待复核,true,,301456.SZ,,
000533.SZ,顺钠股份,SZSE,历史能源样本待复核,true,,000533.SZ,,
301232.SZ,飞沃科技,SZSE,历史能源样本待复核,true,,301232.SZ,,
000722.SZ,湖南发展,SZSE,历史能源样本待复核,true,,000722.SZ,,
000637.SZ,茂化实华,SZSE,历史能源样本待复核,true,,000637.SZ,,
003021.SZ,兆威机电,SZSE,历史能源样本待复核,true,,003021.SZ,,
002255.SZ,海陆重工,SZSE,历史能源样本待复核,true,,002255.SZ,,
301168.SZ,通灵股份,SZSE,历史能源样本待复核,true,,301168.SZ,,
002616.SZ,长青集团,SZSE,历史能源样本待复核,true,,002616.SZ,,
002576.SZ,通达动力,SZSE,历史能源样本待复核,true,,002576.SZ,,
688184.SH,ST帕瓦,SSE,历史能源样本待复核,false,ST/*ST排除,688184.SH,,
601700.SH,风范股份,SSE,历史能源样本待复核,true,,601700.SH,,
300129.SZ,泰胜风能,SZSE,历史能源样本待复核,true,,300129.SZ,,
002339.SZ,积成电子,SZSE,历史能源样本待复核,true,,002339.SZ,,
603507.SH,振江股份,SSE,历史能源样本待复核,true,,603507.SH,,
300904.SZ,威力传动,SZSE,历史能源样本待复核,true,,300904.SZ,,
688611.SH,杭州柯林,SSE,历史能源样本待复核,true,,688611.SH,,
300001.SZ,特锐德,SZSE,历史能源样本待复核,true,,300001.SZ,,
002451.SZ,摩恩电气,SZSE,历史能源样本待复核,true,,002451.SZ,,
002805.SZ,丰元股份,SZSE,历史能源样本待复核,true,,002805.SZ,,
430556.BJ,广东雅达电子股份有限公司,BSE,历史能源样本待复核,false,BSE官方快照尚未接入,430556.BJ,,
605222.SH,起帆电缆,SSE,历史能源样本待复核,true,,605222.SH,,
300068.SZ,ST南都,SZSE,历史能源样本待复核,false,ST/*ST排除,300068.SZ,,
837046.BJ,无锡亿能电力设备股份有限公司,BSE,历史能源样本待复核,false,BSE官方快照尚未接入,837046.BJ,,
603333.SH,福华尚纬,SSE,历史能源样本待复核,true,,603333.SH,,
601233.SH,桐昆股份,SSE,历史能源样本待复核,true,,601233.SH,,
601778.SH,晶科科技,SSE,历史能源样本待复核,true,,601778.SH,,
002892.SZ,科力尔,SZSE,历史能源样本待复核,true,,002892.SZ,,
301121.SZ,紫建电子,SZSE,历史能源样本待复核,true,,301121.SZ,,
300827.SZ,上能电气,SZSE,历史能源样本待复核,true,,300827.SZ,,
000037.SZ,深南电A,SZSE,历史能源样本待复核,true,,000037.SZ,,
831175.BJ,珠海派诺科技股份有限公司,BSE,历史能源样本待复核,false,BSE官方快照尚未接入,831175.BJ,,
000821.SZ,ST京机,SZSE,历史能源样本待复核,false,ST/*ST排除,000821.SZ,,
002112.SZ,三变科技,SZSE,历史能源样本待复核,true,,002112.SZ,,
600152.SH,维科技术,SSE,历史能源样本待复核,true,,600152.SH,,
600617.SH,国新能源,SSE,历史能源样本待复核,true,,600617.SH,,
836239.BJ,四川长虹新能源科技股份有限公司,BSE,历史能源样本待复核,false,BSE官方快照尚未接入,836239.BJ,,
300443.SZ,金雷股份,SZSE,历史能源样本待复核,true,,300443.SZ,,
688330.SH,宏力达,SSE,历史能源样本待复核,true,,688330.SH,,
300051.SZ,琏升科技,SZSE,历史能源样本待复核,true,,300051.SZ,,
300933.SZ,中辰股份,SZSE,历史能源样本待复核,true,,300933.SZ,,
832522.BJ,邢台纳科诺尔精轧科技股份有限公司,BSE,历史能源样本待复核,false,BSE官方快照尚未接入,832522.BJ,,
688573.SH,信宇人,SSE,历史能源样本待复核,true,,688573.SH,,
603050.SH,科林电气,SSE,历史能源样本待复核,true,,603050.SH,,
603727.SH,博迈科,SSE,历史能源样本待复核,true,,603727.SH,,
300724.SZ,捷佳伟创,SZSE,历史能源样本待复核,true,,300724.SZ,,
301487.SZ,盟固利,SZSE,历史能源样本待复核,true,,301487.SZ,,
300035.SZ,中科电气,SZSE,历史能源样本待复核,true,,300035.SZ,,
603396.SH,金辰股份,SSE,历史能源样本待复核,true,,603396.SH,,
300409.SZ,道氏技术,SZSE,历史能源样本待复核,true,,300409.SZ,,
300283.SZ,温州宏丰,SZSE,历史能源样本待复核,true,,300283.SZ,,
301040.SZ,中环海陆,SZSE,历史能源样本待复核,true,,301040.SZ,,
300510.SZ,金冠股份,SZSE,历史能源样本待复核,true,,300510.SZ,,
603897.SH,长城科技,SSE,历史能源样本待复核,true,,603897.SH,,
000421.SZ,南京公用,SZSE,历史能源样本待复核,true,,000421.SZ,,
601669.SH,中国电建,SSE,历史能源样本待复核,true,,601669.SH,,
603819.SH,神力股份,SSE,历史能源样本待复核,true,,603819.SH,,
600387.SH,海越能源集团股份有限公司,SSE,历史能源样本待复核,false,ST/*ST排除,600387.SH,,
002927.SZ,泰永长征,SZSE,历史能源样本待复核,true,,002927.SZ,,
835368.BJ,大连连城数控机器股份有限公司,BSE,历史能源样本待复核,false,BSE官方快照尚未接入,835368.BJ,,
300427.SZ,红相股份,SZSE,历史能源样本待复核,true,,300427.SZ,,
601868.SH,中国能建,SSE,历史能源样本待复核,true,,601868.SH,,
600759.SH,ST洲际,SSE,历史能源样本待复核,false,ST/*ST排除,600759.SH,,
688638.SH,誉辰智能,SSE,历史能源样本待复核,true,,688638.SH,,
300690.SZ,双一科技,SZSE,历史能源样本待复核,true,,300690.SZ,,
300018.SZ,中元股份,SZSE,历史能源样本待复核,true,,300018.SZ,,
300477.SZ,ST合纵,SZSE,历史能源样本待复核,false,ST/*ST排除,300477.SZ,,
600509.SH,天富能源,SSE,历史能源样本待复核,true,,600509.SH,,
002358.SZ,森源电气,SZSE,历史能源样本待复核,true,,002358.SZ,,
300953.SZ,震裕科技,SZSE,历史能源样本待复核,true,,300953.SZ,,
000669.SZ,ST金鸿,SZSE,历史能源样本待复核,false,ST/*ST排除,000669.SZ,,
688148.SH,芳源股份,SSE,历史能源样本待复核,true,,688148.SH,,
301163.SZ,宏德股份,SZSE,历史能源样本待复核,true,,301163.SZ,,
000601.SZ,韶能股份,SZSE,历史能源样本待复核,true,,000601.SZ,,
002610.SZ,浙江爱康新能源科技股份有限公司,SZSE,历史能源样本待复核,false,ST/*ST排除,002610.SZ,,
300457.SZ,赢合科技,SZSE,历史能源样本待复核,true,,300457.SZ,,
000531.SZ,穗恒运Ａ,SZSE,历史能源样本待复核,true,,000531.SZ,,
300141.SZ,和顺电气,SZSE,历史能源样本待复核,true,,300141.SZ,,
601611.SH,中国核建,SSE,历史能源样本待复核,true,,601611.SH,,
600719.SH,大连热电,SSE,历史能源样本待复核,true,,600719.SH,,
605066.SH,天正电气,SSE,历史能源样本待复核,true,,605066.SH,,
002452.SZ,长高电气,SZSE,历史能源样本待复核,true,,002452.SZ,,
002857.SZ,三晖电气,SZSE,历史能源样本待复核,true,,002857.SZ,,
300842.SZ,帝科股份,SZSE,历史能源样本待复核,true,,300842.SZ,,
600333.SH,长春燃气,SSE,历史能源样本待复核,true,,600333.SH,,
600149.SH,廊坊发展,SSE,历史能源样本待复核,true,,600149.SH,,
603798.SH,康普顿,SSE,历史能源样本待复核,true,,603798.SH,,
002090.SZ,金智科技,SZSE,历史能源样本待复核,true,,002090.SZ,,
002471.SZ,中超控股,SZSE,历史能源样本待复核,true,,002471.SZ,,
603530.SH,神马电力,SSE,历史能源样本待复核,true,,603530.SH,,
000767.SZ,晋控电力,SZSE,历史能源样本待复核,true,,000767.SZ,,
600397.SH,江钨装备,SSE,历史能源样本待复核,true,,600397.SH,,
300140.SZ,节能环境,SZSE,历史能源样本待复核,true,,300140.SZ,,
00704.HK,和嘉控股有限公司,HKEX,历史能源样本待复核,false,HKEX官方快照尚未接入,00704.HK,,
002546.SZ,新联电子,SZSE,历史能源样本待复核,true,,002546.SZ,,
300648.SZ,星云股份,SZSE,历史能源样本待复核,true,,300648.SZ,,
002665.SZ,首航高科能源技术股份有限公司,SZSE,历史能源样本待复核,false,ST/*ST排除,002665.SZ,,
002879.SZ,长缆科技,SZSE,历史能源样本待复核,true,,002879.SZ,,
002227.SZ,*ST特迅,SZSE,历史能源样本待复核,false,ST/*ST排除,002227.SZ,,
001896.SZ,豫能控股,SZSE,历史能源样本待复核,true,,001896.SZ,,
08132.HK,百能国际能源控股有限公司,HKEX,历史能源样本待复核,false,HKEX官方快照尚未接入,08132.HK,,
002364.SZ,中恒电气,SZSE,历史能源样本待复核,true,,002364.SZ,,
01878.HK,南戈壁资源有限公司,HKEX,历史能源样本待复核,false,HKEX官方快照尚未接入,01878.HK,,
002309.SZ,中利集团,SZSE,历史能源样本待复核,true,,002309.SZ,,
002629.SZ,仁智股份,SZSE,历史能源样本待复核,true,,002629.SZ,,
600192.SH,长城电工,SSE,历史能源样本待复核,true,,600192.SH,,
603985.SH,恒润股份,SSE,历史能源样本待复核,true,,603985.SH,,
002060.SZ,广东建工,SZSE,历史能源样本待复核,true,,002060.SZ,,
300444.SZ,双杰电气,SZSE,历史能源样本待复核,true,,300444.SZ,,
00666.HK,瑞浦兰钧能源股份有限公司,HKEX,历史能源样本待复核,false,HKEX官方快照尚未接入,00666.HK,,
600396.SH,华电辽能,SSE,历史能源样本待复核,true,,600396.SH,,
000982.SZ,宁夏中银绒业股份有限公司,SZSE,历史能源样本待复核,false,未匹配当前沪深正常上市底表,000982.SZ,,
301155.SZ,海力风电,SZSE,历史能源样本待复核,true,,301155.SZ,,
300222.SZ,科大智能,SZSE,历史能源样本待复核,true,,300222.SZ,,
300069.SZ,金利华电,SZSE,历史能源样本待复核,true,,300069.SZ,,
300410.SZ,正业科技,SZSE,历史能源样本待复核,true,,300410.SZ,,
002196.SZ,方正电机,SZSE,历史能源样本待复核,true,,002196.SZ,,
300173.SZ,ST福能,SZSE,历史能源样本待复核,false,ST/*ST排除,300173.SZ,,
603398.SH,*ST沐邦,SSE,历史能源样本待复核,false,ST/*ST排除,603398.SH,,
300713.SZ,英可瑞,SZSE,历史能源样本待复核,true,,300713.SZ,,
688339.SH,亿华通,SSE,历史能源样本待复核,true,,688339.SH,,
300423.SZ,昇辉科技,SZSE,历史能源样本待复核,true,,300423.SZ,,
300853.SZ,申昊科技,SZSE,历史能源样本待复核,true,,300853.SZ,,
300490.SZ,华自科技,SZSE,历史能源样本待复核,true,,300490.SZ,,
300340.SZ,科恒股份,SZSE,历史能源样本待复核,true,,300340.SZ,,
300116.SZ,保力新能源科技股份有限公司,SZSE,历史能源样本待复核,false,ST/*ST排除,300116.SZ,,
002828.SZ,贝肯能源,SZSE,历史能源样本待复核,true,,002828.SZ,,
600212.SH,绿能慧充,SSE,历史能源样本待复核,true,,600212.SH,,
300670.SZ,大烨智能,SZSE,历史能源样本待复核,true,,300670.SZ,,
002168.SZ,ST惠程,SZSE,历史能源样本待复核,false,ST/*ST排除,002168.SZ,,
002630.SZ,*ST华西,SZSE,历史能源样本待复核,false,ST/*ST排除,002630.SZ,,
000692.SZ,惠天热电,SZSE,历史能源样本待复核,true,,000692.SZ,,
600112.SH,贵州长征天成控股股份有限公司,SSE,历史能源样本待复核,false,ST/*ST排除,600112.SH,,
