priority,company_code,company_name,report_year,indicator_code,indicator_weight,tier,candidate_count,distinct_values,max_confidence,current_rank,best_rank,worst_rank,rank_span,crosses_top_200,conflict_risk,boundary_risk,instability_risk,weight_risk,confidence_risk,impact_score,baseline_confidence_rank,baseline_weight_rank,next_action
1,01205.HK,CITIC RESOURCES,2025,Q_E_GHG_REDUCTION_RATE,4.5,manual_signature_required,2,-14.2513|-14.2506,0.93,21,7,241,234,True,1.0,1.0,1.0,0.5,0.07,87.85,119,2,review_conflict_candidates
2,000531.SZ,穗恒运Ａ,2025,Q_S_DIVIDEND_PER_SHARE,3.0,manual_signature_required,2,0.05|1,0.94,379,87,428,341,True,1.0,1.0,1.0,0.333333,0.06,85.3,122,3,review_conflict_candidates
3,000968.SZ,蓝焰控股,2025,Q_S_DIVIDEND_PER_SHARE,3.0,manual_signature_required,3,0|0.05,0.94,176,92,381,289,True,1.0,1.0,1.0,0.333333,0.06,85.3,128,7,review_conflict_candidates
4,001258.SZ,立新能源,2025,Q_S_DIVIDEND_PER_SHARE,3.0,manual_signature_required,3,0|0.03,0.94,110,66,201,135,True,1.0,1.0,1.0,0.333333,0.06,85.3,130,8,review_conflict_candidates
5,002090.SZ,金智科技,2025,Q_S_DIVIDEND_PER_SHARE,3.0,manual_signature_required,2,0.025|0.045,0.94,183,183,300,117,True,1.0,1.0,1.0,0.333333,0.06,85.3,132,10,review_conflict_candidates
6,002487.SZ,大金重工,2025,Q_S_DIVIDEND_PER_SHARE,3.0,manual_signature_required,2,0.087|1,0.94,111,104,251,147,True,1.0,1.0,1.0,0.333333,0.06,85.3,137,12,review_conflict_candidates
7,002911.SZ,佛燃能源,2025,Q_S_DIVIDEND_PER_SHARE,3.0,manual_signature_required,2,0.27|0.52,0.94,76,76,216,140,True,1.0,1.0,1.0,0.333333,0.06,85.3,147,16,review_conflict_candidates
8,300037.SZ,新宙邦,2025,Q_S_DIVIDEND_PER_SHARE,3.0,manual_signature_required,3,0.5|1,0.94,173,85,380,295,True,1.0,1.0,1.0,0.333333,0.06,85.3,152,18,review_conflict_candidates
9,301278.SZ,快可电子,2025,Q_S_DIVIDEND_PER_SHARE,3.0,manual_signature_required,3,0.04|0.55,0.94,180,162,325,163,True,1.0,1.0,1.0,0.333333,0.06,85.3,166,21,review_conflict_candidates
10,300483.SZ,首华燃气,2025,Q_G_DEBT_ASSET_RATE,2.8,manual_signature_required,2,30|53.2,0.9,100,16,326,310,True,1.0,1.0,1.0,0.311111,0.1,85.166667,8,56,review_conflict_candidates
11,300763.SZ,锦浪科技,2025,Q_G_DEBT_ASSET_RATE,2.8,manual_signature_required,2,53.27|70,0.9,125,116,263,147,True,1.0,1.0,1.0,0.311111,0.1,85.166667,9,59,review_conflict_candidates
12,300953.SZ,震裕科技,2025,Q_G_DEBT_ASSET_RATE,2.8,manual_signature_required,4,65.89|73.8,0.9,171,89,378,289,True,1.0,1.0,1.0,0.311111,0.1,85.166667,10,62,review_conflict_candidates
13,000027.SZ,深圳能源,2025,Q_G_DEBT_ASSET_RATE,2.8,manual_signature_required,2,61.99|61.9918,0.94,75,13,207,194,True,1.0,1.0,1.0,0.311111,0.06,84.966667,121,36,review_conflict_candidates
14,000723.SZ,美锦能源,2025,Q_G_DEBT_ASSET_RATE,2.8,manual_signature_required,2,65.15|65.1526,0.94,267,199,357,158,True,1.0,1.0,1.0,0.311111,0.06,84.966667,126,37,review_conflict_candidates
15,001258.SZ,立新能源,2025,Q_G_DEBT_ASSET_RATE,2.8,manual_signature_required,2,75.91|75.9133,0.94,110,66,201,135,True,1.0,1.0,1.0,0.311111,0.06,84.966667,129,38,review_conflict_candidates
16,002276.SZ,万马股份,2025,Q_G_DEBT_ASSET_RATE,2.8,manual_signature_required,3,62.5559|62.56,0.94,243,119,343,224,True,1.0,1.0,1.0,0.311111,0.06,84.966667,135,42,review_conflict_candidates
17,002490.SZ,山东墨龙,2025,Q_G_DEBT_ASSET_RATE,2.8,manual_signature_required,3,81.4493|81.45,0.94,202,168,291,123,True,1.0,1.0,1.0,0.311111,0.06,84.966667,138,43,review_conflict_candidates
18,300040.SZ,九洲集团,2025,Q_G_DEBT_ASSET_RATE,2.8,manual_signature_required,3,63.8|63.8004,0.94,203,139,300,161,True,1.0,1.0,1.0,0.311111,0.06,84.966667,153,52,review_conflict_candidates
19,300568.SZ,星源材质,2025,Q_G_DEBT_ASSET_RATE,2.8,manual_signature_required,2,56.92|59.2641,0.94,213,55,324,269,True,1.0,1.0,1.0,0.311111,0.06,84.966667,157,57,review_conflict_candidates
20,300693.SZ,盛弘股份,2025,Q_G_DEBT_ASSET_RATE,2.8,manual_signature_required,2,47.8|47.8033,0.94,78,51,243,192,True,1.0,1.0,1.0,0.311111,0.06,84.966667,158,58,review_conflict_candidates
21,300880.SZ,迦南智能,2025,Q_G_DEBT_ASSET_RATE,2.8,manual_signature_required,2,28.0256|28.03,0.94,196,112,296,184,True,1.0,1.0,1.0,0.311111,0.06,84.966667,161,61,review_conflict_candidates
22,301502.SZ,华阳智能,2025,Q_G_DEBT_ASSET_RATE,2.8,manual_signature_required,2,22.67|22.6715,0.94,292,182,383,201,True,1.0,1.0,1.0,0.311111,0.06,84.966667,170,68,review_conflict_candidates
23,600157.SH,永泰能源,2025,Q_G_DEBT_ASSET_RATE,2.8,manual_signature_required,2,51.1997|73.18,0.94,191,129,288,159,True,1.0,1.0,1.0,0.311111,0.06,84.966667,176,75,review_conflict_candidates
24,600163.SH,中闽能源,2025,Q_G_DEBT_ASSET_RATE,2.8,manual_signature_required,2,33.8996|33.9,0.94,129,40,238,198,True,1.0,1.0,1.0,0.311111,0.06,84.966667,177,76,review_conflict_candidates
25,600346.SH,恒力石化,2025,Q_G_DEBT_ASSET_RATE,2.8,manual_signature_required,2,74.53|74.5323,0.94,376,101,426,325,True,1.0,1.0,1.0,0.311111,0.06,84.966667,181,80,review_conflict_candidates
26,600468.SH,百利电气,2025,Q_G_DEBT_ASSET_RATE,2.8,manual_signature_required,2,45.1906|53.78,0.94,177,159,264,105,True,1.0,1.0,1.0,0.311111,0.06,84.966667,186,85,review_conflict_candidates
27,600478.SH,科力远,2025,Q_G_DEBT_ASSET_RATE,2.8,manual_signature_required,2,72.8164|72.82,0.94,132,132,246,114,True,1.0,1.0,1.0,0.311111,0.06,84.966667,187,86,review_conflict_candidates
28,600483.SH,福能股份,2025,Q_G_DEBT_ASSET_RATE,2.8,manual_signature_required,2,41.8152|41.82,0.94,110,46,209,163,True,1.0,1.0,1.0,0.311111,0.06,84.966667,188,87,review_conflict_candidates
29,600509.SH,天富能源,2025,Q_G_DEBT_ASSET_RATE,2.8,manual_signature_required,2,65.1663|65.17,0.94,155,128,240,112,True,1.0,1.0,1.0,0.311111,0.06,84.966667,189,88,review_conflict_candidates
30,600744.SH,华银电力,2025,Q_G_DEBT_ASSET_RATE,2.8,manual_signature_required,4,92.41|93.2477|93.25,0.94,244,51,350,299,True,1.0,1.0,1.0,0.311111,0.06,84.966667,192,92,review_conflict_candidates
31,600795.SH,国电电力,2025,Q_G_DEBT_ASSET_RATE,2.8,manual_signature_required,2,73.4474|73.45,0.94,232,144,330,186,True,1.0,1.0,1.0,0.311111,0.06,84.966667,194,94,review_conflict_candidates
32,600903.SH,贵州燃气,2025,Q_G_DEBT_ASSET_RATE,2.8,manual_signature_required,2,65.44|65.4408,0.94,207,107,313,206,True,1.0,1.0,1.0,0.311111,0.06,84.966667,198,98,review_conflict_candidates
33,600905.SH,三峡能源,2025,Q_G_DEBT_ASSET_RATE,2.8,manual_signature_required,3,71.91|71.912,0.94,147,39,256,217,True,1.0,1.0,1.0,0.311111,0.06,84.966667,199,99,review_conflict_candidates
34,600995.SH,南网储能,2025,Q_G_DEBT_ASSET_RATE,2.8,manual_signature_required,2,54.61|54.6122,0.94,102,16,233,217,True,1.0,1.0,1.0,0.311111,0.06,84.966667,203,103,review_conflict_candidates
35,601012.SH,隆基绿能,2025,Q_G_DEBT_ASSET_RATE,2.8,manual_signature_required,3,64.428|64.43,0.94,206,140,308,168,True,1.0,1.0,1.0,0.311111,0.06,84.966667,205,105,review_conflict_candidates
36,601222.SH,林洋能源,2025,Q_G_DEBT_ASSET_RATE,2.8,manual_signature_required,2,29.41|39.184,0.94,219,151,315,164,True,1.0,1.0,1.0,0.311111,0.06,84.966667,206,106,review_conflict_candidates
37,601615.SH,明阳智能,2025,Q_G_DEBT_ASSET_RATE,2.8,manual_signature_required,4,68.59|71.71|71.7114,0.94,255,195,348,153,True,1.0,1.0,1.0,0.311111,0.06,84.966667,208,107,review_conflict_candidates
38,601619.SH,嘉泽新能,2025,Q_G_DEBT_ASSET_RATE,2.8,manual_signature_required,3,65.13|65.1318,0.94,230,188,320,132,True,1.0,1.0,1.0,0.311111,0.06,84.966667,209,108,review_conflict_candidates
39,601778.SH,晶科科技,2025,Q_G_DEBT_ASSET_RATE,2.8,manual_signature_required,3,61.0862|61.09,0.94,144,60,244,184,True,1.0,1.0,1.0,0.311111,0.06,84.966667,211,110,review_conflict_candidates
40,603097.SH,江苏华辰,2025,Q_G_DEBT_ASSET_RATE,2.8,manual_signature_required,2,56.45|65.0606,0.94,161,134,245,111,True,1.0,1.0,1.0,0.311111,0.06,84.966667,215,114,review_conflict_candidates
41,603318.SH,水发燃气,2025,Q_G_DEBT_ASSET_RATE,2.8,manual_signature_required,3,60.35|60.3521,0.94,245,180,338,158,True,1.0,1.0,1.0,0.311111,0.06,84.966667,220,119,review_conflict_candidates
42,603628.SH,清源股份,2025,Q_G_DEBT_ASSET_RATE,2.8,manual_signature_required,4,57.9|59.8991|59.9,0.94,186,156,271,115,True,1.0,1.0,1.0,0.311111,0.06,84.966667,223,122,review_conflict_candidates
43,603693.SH,江苏新能,2025,Q_G_DEBT_ASSET_RATE,2.8,manual_signature_required,2,53.34|53.3444,0.94,172,136,266,130,True,1.0,1.0,1.0,0.311111,0.06,84.966667,226,125,review_conflict_candidates
44,603727.SH,博迈科,2025,Q_G_DEBT_ASSET_RATE,2.8,manual_signature_required,3,29.0181|29.02|40.66,0.94,164,112,254,142,True,1.0,1.0,1.0,0.311111,0.06,84.966667,227,126,review_conflict_candidates
45,605162.SH,新中港,2025,Q_G_DEBT_ASSET_RATE,2.8,manual_signature_required,4,28.44|28.4427|29.96,0.94,105,36,207,171,True,1.0,1.0,1.0,0.311111,0.06,84.966667,230,129,review_conflict_candidates
46,605222.SH,起帆电缆,2025,Q_G_DEBT_ASSET_RATE,2.8,manual_signature_required,3,66.6|68.4065|68.41,0.94,186,126,278,152,True,1.0,1.0,1.0,0.311111,0.06,84.966667,231,130,review_conflict_candidates
47,688063.SH,派能科技,2025,Q_G_DEBT_ASSET_RATE,2.8,manual_signature_required,2,30.3256|70,0.94,135,135,262,127,True,1.0,1.0,1.0,0.311111,0.06,84.966667,233,132,review_conflict_candidates
48,688116.SH,天奈科技,2025,Q_G_DEBT_ASSET_RATE,2.8,manual_signature_required,3,33.5961|33.6|42.33,0.94,163,135,247,112,True,1.0,1.0,1.0,0.311111,0.06,84.966667,234,133,review_conflict_candidates
49,688303.SH,大全能源,2025,Q_G_DEBT_ASSET_RATE,2.8,manual_signature_required,2,8.62|8.62095,0.94,423,130,477,347,True,1.0,1.0,1.0,0.311111,0.06,84.966667,239,138,review_conflict_candidates
50,688472.SH,阿特斯,2025,Q_G_DEBT_ASSET_RATE,2.8,manual_signature_required,2,63.65|63.6517,0.94,149,70,250,180,True,1.0,1.0,1.0,0.311111,0.06,84.966667,244,143,review_conflict_candidates
51,688599.SH,天合光能,2025,Q_G_DEBT_ASSET_RATE,2.8,manual_signature_required,2,74.02|76.9296,0.94,272,194,366,172,True,1.0,1.0,1.0,0.311111,0.06,84.966667,253,152,review_conflict_candidates
52,688707.SH,振华新材,2025,Q_G_DEBT_ASSET_RATE,2.8,manual_signature_required,2,39.29|39.2902,0.94,254,179,349,170,True,1.0,1.0,1.0,0.311111,0.06,84.966667,257,156,review_conflict_candidates
53,688719.SH,爱科赛博,2025,Q_G_DEBT_ASSET_RATE,2.8,manual_signature_required,2,31.91|31.9131,0.94,212,176,302,126,True,1.0,1.0,1.0,0.311111,0.06,84.966667,258,157,review_conflict_candidates
54,688779.SH,五矿新能,2025,Q_G_DEBT_ASSET_RATE,2.8,manual_signature_required,3,45.19|55.13|55.1327,0.94,184,146,272,126,True,1.0,1.0,1.0,0.311111,0.06,84.966667,261,160,review_conflict_candidates
55,920375.BJ,派诺科技,2025,Q_G_DEBT_ASSET_RATE,2.8,manual_signature_required,2,36.3079|36.31,0.94,236,195,446,251,True,1.0,1.0,1.0,0.311111,0.06,84.966667,264,163,review_conflict_candidates
56,600956.SH,新天绿能,2025,Q_G_DEBT_ASSET_RATE,2.8,manual_signature_required,3,66.3|66.3042,0.94,163,145,243,98,True,1.0,1.0,0.98,0.311111,0.06,84.566667,200,100,review_conflict_candidates
57,688388.SH,嘉元科技,2025,Q_G_DEBT_ASSET_RATE,2.8,manual_signature_required,4,45.98|51.92|51.921|70,0.94,138,124,221,97,True,1.0,1.0,0.97,0.311111,0.06,84.366667,242,141,review_conflict_candidates
58,600151.SH,航天机电,2025,Q_G_REVENUE_GROWTH,2.1,manual_signature_required,2,-32.5993|1.42796,0.91,219,189,311,122,True,1.0,1.0,1.0,0.233333,0.09,83.95,28,181,review_conflict_candidates
59,600167.SH,联美控股,2025,Q_G_REVENUE_GROWTH,2.1,manual_signature_required,2,-7.7016|750.61,0.91,356,187,415,228,True,1.0,1.0,1.0,0.233333,0.09,83.95,29,182,review_conflict_candidates
60,600188.SH,兖矿能源,2025,Q_G_REVENUE_GROWTH,2.1,manual_signature_required,2,-7.4929|3.01011,0.91,163,45,390,345,True,1.0,1.0,1.0,0.233333,0.09,83.95,30,183,review_conflict_candidates
61,600207.SH,安彩高科,2025,Q_G_REVENUE_GROWTH,2.1,manual_signature_required,2,-32.7284|38.6969,0.91,372,76,418,342,True,1.0,1.0,1.0,0.233333,0.09,83.95,31,184,review_conflict_candidates
62,600468.SH,百利电气,2025,Q_G_REVENUE_GROWTH,2.1,manual_signature_required,2,-7.32396|12.9735,0.91,177,159,264,105,True,1.0,1.0,1.0,0.233333,0.09,83.95,38,192,review_conflict_candidates
63,600780.SH,通宝能源,2025,Q_G_REVENUE_GROWTH,2.1,manual_signature_required,2,4.02306|27.5196,0.91,167,26,284,258,True,1.0,1.0,1.0,0.233333,0.09,83.95,48,203,review_conflict_candidates
64,600803.SH,新奥股份,2025,Q_G_REVENUE_GROWTH,2.1,manual_signature_required,2,-3.22426|4.5489,0.91,168,133,316,183,True,1.0,1.0,1.0,0.233333,0.09,83.95,49,205,review_conflict_candidates
65,600875.SH,东方电气,2025,Q_G_REVENUE_GROWTH,2.1,manual_signature_required,2,-23.6338|13.1062,0.91,187,29,455,426,True,1.0,1.0,1.0,0.233333,0.09,83.95,53,209,review_conflict_candidates
66,601218.SH,吉鑫科技,2025,Q_G_REVENUE_GROWTH,2.1,manual_signature_required,2,15.6057|204.056,0.91,366,198,427,229,True,1.0,1.0,1.0,0.233333,0.09,83.95,58,216,review_conflict_candidates
67,601666.SH,平煤股份,2025,Q_G_REVENUE_GROWTH,2.1,manual_signature_required,2,-32.1962|14.4122,0.91,187,106,283,177,True,1.0,1.0,1.0,0.233333,0.09,83.95,60,218,review_conflict_candidates
68,601778.SH,晶科科技,2025,Q_G_REVENUE_GROWTH,2.1,manual_signature_required,2,-18.3163|9.89884,0.91,144,60,244,184,True,1.0,1.0,1.0,0.233333,0.09,83.95,61,219,review_conflict_candidates
69,603318.SH,水发燃气,2025,Q_G_REVENUE_GROWTH,2.1,manual_signature_required,2,-1.52975|12.1213,0.91,245,180,338,158,True,1.0,1.0,1.0,0.233333,0.09,83.95,71,229,review_conflict_candidates
70,603393.SH,新天然气,2025,Q_G_REVENUE_GROWTH,2.1,manual_signature_required,2,3.89077|9.14613,0.91,67,52,220,168,True,1.0,1.0,1.0,0.233333,0.09,83.95,73,231,review_conflict_candidates
71,605028.SH,世茂能源,2025,Q_G_REVENUE_GROWTH,2.1,manual_signature_required,2,-10.1229|-3.15227,0.91,192,124,395,271,True,1.0,1.0,1.0,0.233333,0.09,83.95,80,238,review_conflict_candidates
72,605162.SH,新中港,2025,Q_G_REVENUE_GROWTH,2.1,manual_signature_required,2,-18.8229|-8.5774,0.91,105,36,207,171,True,1.0,1.0,1.0,0.233333,0.09,83.95,81,239,review_conflict_candidates
73,688032.SH,禾迈股份,2025,Q_G_REVENUE_GROWTH,2.1,manual_signature_required,2,-3.05602|35.2809,0.91,211,167,307,140,True,1.0,1.0,1.0,0.233333,0.09,83.95,83,241,review_conflict_candidates
74,688116.SH,天奈科技,2025,Q_G_REVENUE_GROWTH,2.1,manual_signature_required,2,-10.4118|10.8609,0.91,163,135,247,112,True,1.0,1.0,1.0,0.233333,0.09,83.95,84,242,review_conflict_candidates
75,688147.SH,微导纳米,2025,Q_G_REVENUE_GROWTH,2.1,manual_signature_required,2,-8.11856|-2.46665,0.91,193,130,388,258,True,1.0,1.0,1.0,0.233333,0.09,83.95,85,243,review_conflict_candidates
76,688303.SH,大全能源,2025,Q_G_REVENUE_GROWTH,2.1,manual_signature_required,2,-34.7073|1.27089,0.91,423,130,477,347,True,1.0,1.0,1.0,0.233333,0.09,83.95,90,248,review_conflict_candidates
77,688599.SH,天合光能,2025,Q_G_REVENUE_GROWTH,2.1,manual_signature_required,2,-16.6092|-11.9942,0.91,272,194,366,172,True,1.0,1.0,1.0,0.233333,0.09,83.95,101,260,review_conflict_candidates
78,688719.SH,爱科赛博,2025,Q_G_REVENUE_GROWTH,2.1,manual_signature_required,2,-3.47831|28.9387,0.91,212,176,302,126,True,1.0,1.0,1.0,0.233333,0.09,83.95,107,266,review_conflict_candidates
79,688779.SH,五矿新能,2025,Q_G_REVENUE_GROWTH,2.1,manual_signature_required,2,-31.6667|68.6209,0.91,184,146,272,126,True,1.0,1.0,1.0,0.233333,0.09,83.95,109,268,review_conflict_candidates
80,600795.SH,国电电力,2025,Q_G_ROE,2.1,manual_signature_required,2,10|12.283,0.92,232,144,330,186,True,1.0,1.0,1.0,0.233333,0.08,83.9,114,204,review_conflict_candidates
81,601012.SH,隆基绿能,2025,Q_G_ROE,2.1,manual_signature_required,2,-11.15|35,0.92,206,140,308,168,True,1.0,1.0,1.0,0.233333,0.08,83.9,116,215,review_conflict_candidates
82,920496.BJ,许昌智能,2025,Q_G_ROE,2.1,manual_signature_required,2,1.91|9,0.94,213,4,513,509,True,1.0,1.0,1.0,0.233333,0.06,83.8,265,270,review_conflict_candidates
83,920779.BJ,武汉蓝电,2025,Q_G_ROE,2.1,manual_signature_required,4,11.46|12.59|158,0.94,266,138,519,381,True,1.0,1.0,1.0,0.233333,0.06,83.8,266,271,review_conflict_candidates
84,688388.SH,嘉元科技,2025,Q_G_REVENUE_GROWTH,2.1,manual_signature_required,2,15.2381|47.8526,0.91,138,124,221,97,True,1.0,1.0,0.97,0.233333,0.09,83.35,95,253,review_conflict_candidates
85,603032.SH,德新科技,2025,Q_G_DEBT_ASSET_RATE,2.8,manual_signature_required,4,23.297|23.3|29.78,0.94,267,206,358,152,False,1.0,0.892857,1.0,0.311111,0.06,82.288095,213,112,review_conflict_candidates
86,301291.SZ,明阳电气,2025,Q_G_DEBT_ASSET_RATE,2.8,manual_signature_required,2,46.6574|46.66,0.94,121,121,205,84,True,1.0,1.0,0.84,0.311111,0.06,81.766667,167,67,review_conflict_candidates
87,601808.SH,中海油服,2025,Q_G_REVENUE_GROWTH,2.1,manual_signature_required,2,-13.7773|4.10111,0.91,251,205,478,273,False,1.0,0.909091,1.0,0.233333,0.09,81.677273,62,220,review_conflict_candidates
88,603032.SH,德新科技,2025,Q_G_REVENUE_GROWTH,2.1,manual_signature_required,2,-36.4678|53.2924,0.91,267,206,358,152,False,1.0,0.892857,1.0,0.233333,0.09,81.271429,69,227,review_conflict_candidates
89,301266.SZ,宇邦新材,2025,Q_G_DEBT_ASSET_RATE,2.8,manual_signature_required,2,43.26|43.2627,0.94,185,185,266,81,True,1.0,1.0,0.81,0.311111,0.06,81.166667,165,66,review_conflict_candidates
90,688005.SH,容百科技,2025,Q_G_REVENUE_GROWTH,2.1,manual_signature_required,2,-18.6917|22.4199,0.91,177,171,257,86,True,1.0,1.0,0.86,0.233333,0.09,81.15,82,240,review_conflict_candidates
91,600379.SH,宝光股份,2025,Q_G_DEBT_ASSET_RATE,2.8,manual_signature_required,2,60.9176|60.92,0.94,178,178,255,77,True,1.0,1.0,0.77,0.311111,0.06,80.366667,182,81,review_conflict_candidates
92,002364.SZ,中恒电气,2025,Q_S_DIVIDEND_PER_SHARE,3.0,manual_signature_required,2,0.1|0.3,0.94,213,213,340,127,False,1.0,0.793651,1.0,0.333333,0.06,80.14127,136,11,review_conflict_candidates
93,688680.SH,海优新材,2025,Q_G_DEBT_ASSET_RATE,2.8,manual_signature_required,2,56.2|56.2016,0.94,343,212,410,198,False,1.0,0.806452,1.0,0.311111,0.06,80.127957,256,155,review_conflict_candidates
94,688598.SH,金博股份,2025,Q_G_DEBT_ASSET_RATE,2.8,manual_signature_required,3,16.99|23.2159|23.22,0.94,346,213,413,200,False,1.0,0.793651,1.0,0.311111,0.06,79.807937,252,151,review_conflict_candidates
95,601669.SH,中国电建,2025,Q_G_DEBT_ASSET_RATE,2.8,manual_signature_required,2,79.59|79.5922,0.94,134,134,208,74,True,1.0,1.0,0.74,0.311111,0.06,79.766667,210,109,review_conflict_candidates
96,600758.SH,辽宁能源,2025,Q_G_REVENUE_GROWTH,2.1,manual_signature_required,2,-15.1285|60.9293,0.91,181,181,260,79,True,1.0,1.0,0.79,0.233333,0.09,79.75,47,202,review_conflict_candidates
97,688616.SH,西力科技,2025,Q_G_REVENUE_GROWTH,2.1,manual_signature_required,2,-32.5723|-3.51838,0.91,171,171,249,78,True,1.0,1.0,0.78,0.233333,0.09,79.55,103,262,review_conflict_candidates
98,300080.SZ,易成新能,2025,Q_G_DEBT_ASSET_RATE,2.8,manual_signature_required,2,63.05|63.0518,0.94,419,214,484,270,False,1.0,0.78125,1.0,0.311111,0.06,79.497917,154,53,review_conflict_candidates
99,600379.SH,宝光股份,2025,Q_G_REVENUE_GROWTH,2.1,manual_signature_required,2,-13.8757|-0.446103,0.91,178,178,255,77,True,1.0,1.0,0.77,0.233333,0.09,79.35,35,188,review_conflict_candidates
100,600644.SH,乐山电力,2025,Q_G_REVENUE_GROWTH,2.1,manual_signature_required,2,6.24241|7.40619,0.91,162,162,239,77,True,1.0,1.0,0.77,0.233333,0.09,79.35,42,197,review_conflict_candidates
101,600379.SH,宝光股份,2025,Q_G_ROE,2.1,manual_signature_required,2,6.7|6.7057,0.92,178,178,255,77,True,1.0,1.0,0.77,0.233333,0.08,79.3,112,189,review_conflict_candidates
102,603191.SH,望变电气,2025,Q_G_DEBT_ASSET_RATE,2.8,manual_signature_required,2,56.95|65.5809,0.94,64,64,184,120,False,1.0,0.757576,1.0,0.311111,0.06,78.906061,218,117,review_conflict_candidates
103,688226.SH,威腾电气,2025,Q_G_DEBT_ASSET_RATE,2.8,manual_signature_required,3,64.58|65.52|65.5235,0.94,150,150,218,68,True,1.0,1.0,0.68,0.311111,0.06,78.566667,237,136,review_conflict_candidates
104,002812.SZ,恩捷股份,2025,Q_G_DEBT_ASSET_RATE,2.8,manual_signature_required,3,44.17|44.48,0.9,201,201,270,69,False,1.0,0.980392,0.69,0.311111,0.1,78.476471,7,48,review_conflict_candidates
105,600438.SH,通威股份,2025,Q_G_DEBT_ASSET_RATE,2.8,manual_signature_required,2,72.63|72.6338,0.94,272,218,364,146,False,1.0,0.735294,1.0,0.311111,0.06,78.34902,185,84,review_conflict_candidates
106,603312.SH,西典新能,2025,Q_G_REVENUE_GROWTH,2.1,manual_signature_required,2,3.30647|28.5162,0.91,145,145,216,71,True,1.0,1.0,0.71,0.233333,0.09,78.15,70,228,review_conflict_candidates
107,00600.HK,AXERA,2025,Q_E_GHG_INTENSITY,9.0,manual_signature_required,2,12.5|7003.1,0.92,314,314,524,210,False,1.0,0.304878,1.0,1.0,0.08,78.021951,111,1,review_conflict_candidates
108,000600.SZ,建投能源,2025,Q_S_RD_RATE,3.0,manual_signature_required,2,5.85374|5.91,0.94,176,176,239,63,True,1.0,1.0,0.63,0.333333,0.06,77.9,124,5,review_conflict_candidates
109,688191.SH,智洋创新,2025,Q_G_REVENUE_GROWTH,2.1,manual_signature_required,2,-13.9616|21.692,0.91,127,127,199,72,False,1.0,0.980392,0.72,0.233333,0.09,77.859804,87,245,review_conflict_candidates
110,688226.SH,威腾电气,2025,Q_G_REVENUE_GROWTH,2.1,manual_signature_required,2,-14.7651|10.6502,0.91,150,150,218,68,True,1.0,1.0,0.68,0.233333,0.09,77.55,88,246,review_conflict_candidates
111,601727.SH,上海电气,2025,Q_S_RD_RATE,3.0,manual_signature_required,2,5|45,0.96,235,223,414,191,False,1.0,0.684932,1.0,0.333333,0.04,77.323288,274,27,review_conflict_candidates
112,688499.SH,利元亨,2025,Q_G_DEBT_ASSET_RATE,2.8,manual_signature_required,2,72.68|72.6819,0.94,166,166,227,61,True,1.0,1.0,0.61,0.311111,0.06,77.166667,245,144,review_conflict_candidates
113,003035.SZ,南网能源,2025,Q_G_DEBT_ASSET_RATE,2.8,manual_signature_required,3,66.15|66.1507,0.94,89,63,175,112,False,1.0,0.666667,1.0,0.311111,0.06,76.633333,149,50,review_conflict_candidates
114,001896.SZ,豫能控股,2025,Q_G_DEBT_ASSET_RATE,2.8,manual_signature_required,5,65|66.53|86.8|95,0.9,241,226,326,100,False,1.0,0.657895,1.0,0.311111,0.1,76.614035,5,40,review_conflict_candidates
115,600777.SH,*ST新潮,2025,Q_G_DEBT_ASSET_RATE,2.8,manual_signature_required,3,34.3467|34.35,0.94,153,153,211,58,True,1.0,1.0,0.58,0.311111,0.06,76.566667,193,93,review_conflict_candidates
116,600505.SH,西昌电力,2025,Q_G_REVENUE_GROWTH,2.1,manual_signature_required,2,3.94379|13.6193,0.91,151,151,213,62,True,1.0,1.0,0.62,0.233333,0.09,76.35,39,193,review_conflict_candidates
117,603906.SH,龙蟠科技,2025,Q_G_DEBT_ASSET_RATE,2.8,manual_signature_required,3,74.94|79.77|79.7703,0.94,287,227,379,152,False,1.0,0.649351,1.0,0.311111,0.06,76.200433,229,128,review_conflict_candidates
118,688499.SH,利元亨,2025,Q_G_REVENUE_GROWTH,2.1,manual_signature_required,2,-33.3333|23.9799,0.91,166,166,227,61,True,1.0,1.0,0.61,0.233333,0.09,76.15,97,255,review_conflict_candidates
119,688499.SH,利元亨,2025,Q_G_ROE,2.1,manual_signature_required,3,1.54|2.26,0.92,166,166,227,61,True,1.0,1.0,0.61,0.233333,0.08,76.1,117,256,review_conflict_candidates
120,300444.SZ,双杰电气,2025,Q_G_DEBT_ASSET_RATE,2.8,manual_signature_required,2,68.07|76.0846,0.94,361,228,424,196,False,1.0,0.641026,1.0,0.311111,0.06,75.992308,156,55,review_conflict_candidates
121,002534.SZ,西子洁能,2025,Q_G_DEBT_ASSET_RATE,2.8,manual_signature_required,2,57.26|57.2617,0.94,143,143,199,56,False,1.0,0.980392,0.56,0.311111,0.06,75.676471,139,44,review_conflict_candidates
122,688339.SH,亿华通,2025,Q_G_REVENUE_GROWTH,2.1,manual_signature_required,2,-37.0624|-29.4907,0.91,282,225,373,148,False,1.0,0.666667,1.0,0.233333,0.09,75.616667,92,250,review_conflict_candidates
123,603806.SH,福斯特,2025,Q_G_DEBT_ASSET_RATE,2.8,manual_signature_required,3,19.5197|19.52,0.94,407,232,473,241,False,1.0,0.609756,1.0,0.311111,0.06,75.210569,228,127,review_conflict_candidates
124,688551.SH,科威尔,2025,Q_G_DEBT_ASSET_RATE,2.8,manual_signature_required,3,21.3|21.3025|24.01,0.94,72,33,168,135,False,1.0,0.609756,1.0,0.311111,0.06,75.210569,248,147,review_conflict_candidates
125,603906.SH,龙蟠科技,2025,Q_G_REVENUE_GROWTH,2.1,manual_signature_required,2,-21.5471|0.842116,0.91,287,227,379,152,False,1.0,0.649351,1.0,0.233333,0.09,75.183766,79,237,review_conflict_candidates
126,600021.SH,上海电力,2025,Q_G_DEBT_ASSET_RATE,2.8,manual_signature_required,2,69.3152|69.32,0.94,106,96,181,85,False,1.0,0.724638,0.85,0.311111,0.06,75.082609,171,69,review_conflict_candidates
127,002709.SZ,天赐材料,2025,Q_G_DEBT_ASSET_RATE,2.8,manual_signature_required,3,33.0176|33.02,0.94,71,32,167,135,False,1.0,0.60241,1.0,0.311111,0.06,75.026908,143,47,review_conflict_candidates
128,688408.SH,中信博,2025,Q_G_REVENUE_GROWTH,2.1,manual_signature_required,2,-23.7245|6.66667,0.91,250,229,339,110,False,1.0,0.632911,1.0,0.233333,0.09,74.772785,96,254,review_conflict_candidates
129,600116.SH,三峡水利,2025,Q_G_DEBT_ASSET_RATE,2.8,manual_signature_required,2,54.43|54.4319,0.94,118,118,189,71,False,1.0,0.819672,0.71,0.311111,0.06,74.65847,174,73,review_conflict_candidates
130,603185.SH,弘元绿能,2025,Q_G_DEBT_ASSET_RATE,2.8,manual_signature_required,2,53.88|53.881,0.94,130,130,193,63,False,1.0,0.877193,0.63,0.311111,0.06,74.496491,217,116,review_conflict_candidates
131,605378.SH,野马电池,2025,Q_G_DEBT_ASSET_RATE,2.8,manual_signature_required,2,15.4058|15.41,0.94,425,238,500,262,False,1.0,0.568182,1.0,0.311111,0.06,74.171212,232,131,review_conflict_candidates
132,688638.SH,誉辰智能,2025,Q_G_DEBT_ASSET_RATE,2.8,manual_signature_required,3,52.7|67.42|67.4207,0.94,307,238,390,152,False,1.0,0.568182,1.0,0.311111,0.06,74.171212,254,153,review_conflict_candidates
133,600979.SH,广安爱众,2025,Q_G_REVENUE_GROWTH,2.1,manual_signature_required,2,-5.73975|7.17447,0.91,285,233,376,143,False,1.0,0.60241,1.0,0.233333,0.09,74.010241,55,212,review_conflict_candidates
134,600312.SH,平高电气,2025,Q_G_REVENUE_GROWTH,2.1,manual_signature_required,2,-21.1887|0.929883,0.91,122,122,191,69,False,1.0,0.847458,0.69,0.233333,0.09,73.936441,34,187,review_conflict_candidates
135,600116.SH,三峡水利,2025,Q_G_REVENUE_GROWTH,2.1,manual_signature_required,2,-13.4698|-1.44078,0.91,118,118,189,71,False,1.0,0.819672,0.71,0.233333,0.09,73.641803,27,180,review_conflict_candidates
136,688148.SH,芳源股份,2025,Q_G_DEBT_ASSET_RATE,2.8,manual_signature_required,4,70|83.77|83.7747,0.94,399,242,468,226,False,1.0,0.543478,1.0,0.311111,0.06,73.553623,235,134,review_conflict_candidates
137,600726.SH,华电能源,2025,Q_G_REVENUE_GROWTH,2.1,manual_signature_required,2,-8.22279|64.8522,0.91,59,59,163,104,False,1.0,0.574713,1.0,0.233333,0.09,73.317816,46,201,review_conflict_candidates
138,600416.SH,湘电股份,2025,Q_G_DEBT_ASSET_RATE,2.8,manual_signature_required,2,43.183|51.04,0.94,120,120,187,67,False,1.0,0.793651,0.67,0.311111,0.06,73.207937,184,83,review_conflict_candidates
139,688638.SH,誉辰智能,2025,Q_G_REVENUE_GROWTH,2.1,manual_signature_required,2,4.30309|42.4747,0.91,307,238,390,152,False,1.0,0.568182,1.0,0.233333,0.09,73.154545,104,263,review_conflict_candidates
140,600192.SH,长城电工,2025,Q_S_RD_RATE,3.0,manual_signature_required,3,5|5.29,0.96,404,247,470,223,False,1.0,0.515464,1.0,0.333333,0.04,73.086598,272,24,review_conflict_candidates
141,600152.SH,维科技术,2025,Q_G_DEBT_ASSET_RATE,2.8,manual_signature_required,2,43.0969|43.1,0.94,98,98,177,79,False,1.0,0.684932,0.79,0.311111,0.06,72.889954,175,74,review_conflict_candidates
142,601001.SH,晋控煤业,2025,Q_G_DEBT_ASSET_RATE,2.8,manual_signature_required,3,23|23.17|23.1719,0.94,25,5,151,146,False,1.0,0.505051,1.0,0.311111,0.06,72.592929,204,104,review_conflict_candidates
143,688148.SH,芳源股份,2025,Q_G_REVENUE_GROWTH,2.1,manual_signature_required,2,-17.2804|5.38809,0.91,399,242,468,226,False,1.0,0.543478,1.0,0.233333,0.09,72.536957,86,244,review_conflict_candidates
144,603031.SH,安孚科技,2025,Q_G_REVENUE_GROWTH,2.1,manual_signature_required,2,2.93866|31.2051,0.91,39,11,157,146,False,1.0,0.537634,1.0,0.233333,0.09,72.39086,68,226,review_conflict_candidates
145,00196.HK,HONGHUA GROUP,2025,Q_S_RD_RATE,3.0,manual_signature_required,3,2.97765|5.2,0.93,223,223,297,74,False,1.0,0.684932,0.74,0.333333,0.07,72.273288,118,9,review_conflict_candidates
146,688275.SH,万润新能,2025,Q_G_DEBT_ASSET_RATE,2.8,manual_signature_required,4,68.39|73.56|73.5621,0.94,387,252,459,207,False,1.0,0.490196,1.0,0.311111,0.06,72.221569,238,137,review_conflict_candidates
147,600416.SH,湘电股份,2025,Q_G_REVENUE_GROWTH,2.1,manual_signature_required,2,-9.39496|3.97199,0.91,120,120,187,67,False,1.0,0.793651,0.67,0.233333,0.09,72.19127,36,190,review_conflict_candidates
148,688660.SH,电气风电,2025,Q_S_RD_RATE,3.0,manual_signature_required,3,4.36|4.4,0.96,371,255,437,182,False,1.0,0.47619,1.0,0.333333,0.04,72.104762,275,28,review_conflict_candidates
149,688353.SH,华盛锂电,2025,Q_G_DEBT_ASSET_RATE,2.8,manual_signature_required,3,16.87|19.54|19.5427,0.94,393,254,464,210,False,1.0,0.480769,1.0,0.311111,0.06,71.985897,241,140,review_conflict_candidates
150,600028.SH,中国石化,2025,Q_G_DEBT_ASSET_RATE,2.8,manual_signature_required,3,22.1|54.08,0.9,257,257,420,163,False,1.0,0.46729,1.0,0.311111,0.1,71.84891,12,71,review_conflict_candidates
151,600578.SH,京能电力,2025,Q_G_DEBT_ASSET_RATE,2.8,manual_signature_required,2,64.25|64.2521,0.94,256,256,401,145,False,1.0,0.471698,1.0,0.311111,0.06,71.759119,190,89,review_conflict_candidates
152,601001.SH,晋控煤业,2025,Q_G_REVENUE_GROWTH,2.1,manual_signature_required,2,-31.5408|-12.7959,0.91,25,5,151,146,False,1.0,0.505051,1.0,0.233333,0.09,71.576263,57,214,review_conflict_candidates
153,688275.SH,万润新能,2025,Q_G_REVENUE_GROWTH,2.1,manual_signature_required,2,-35.9649|52.7636,0.91,387,252,459,207,False,1.0,0.490196,1.0,0.233333,0.09,71.204902,89,247,review_conflict_candidates
154,601865.SH,福莱特,2025,Q_G_REVENUE_GROWTH,2.1,manual_signature_required,2,-16.6776|11.5249,0.91,118,118,184,66,False,1.0,0.757576,0.66,0.233333,0.09,71.089394,63,221,review_conflict_candidates
155,688353.SH,华盛锂电,2025,Q_G_REVENUE_GROWTH,2.1,manual_signature_required,2,-26.6913|72.2103,0.91,393,254,464,210,False,1.0,0.480769,1.0,0.233333,0.09,70.969231,94,252,review_conflict_candidates
156,002882.SZ,金龙羽,2025,Q_S_DIVIDEND_PER_SHARE,3.0,manual_signature_required,3,0|0.1,0.94,268,268,459,191,False,1.0,0.423729,1.0,0.333333,0.06,70.89322,144,14,review_conflict_candidates
157,688660.SH,电气风电,2025,Q_G_REVENUE_GROWTH,2.1,manual_signature_required,2,-26.9682|31.0708,0.91,371,255,437,182,False,1.0,0.47619,1.0,0.233333,0.09,70.854762,105,264,review_conflict_candidates
158,600578.SH,京能电力,2025,Q_G_ROE,2.1,manual_signature_required,2,3.45|14.46,0.92,256,256,401,145,False,1.0,0.471698,1.0,0.233333,0.08,70.692453,113,195,review_conflict_candidates
159,603212.SH,赛伍技术,2025,Q_G_DEBT_ASSET_RATE,2.8,manual_signature_required,2,39.1551|39.16,0.94,375,268,443,175,False,1.0,0.423729,1.0,0.311111,0.06,70.559887,219,118,review_conflict_candidates
160,688819.SH,天能股份,2025,Q_G_DEBT_ASSET_RATE,2.8,manual_signature_required,2,60.9869|60.99,0.94,26,10,131,121,False,1.0,0.420168,1.0,0.311111,0.06,70.470868,262,161,review_conflict_candidates
161,300776.SZ,帝尔激光,2025,Q_S_RD_RATE,3.0,manual_signature_required,3,11.28|11.2826,0.94,15,2,127,125,False,1.0,0.406504,1.0,0.333333,0.06,70.462602,160,19,review_conflict_candidates
162,601908.SH,京运通,2025,Q_G_REVENUE_GROWTH,2.1,manual_signature_required,2,-32.198|-18.8769,0.91,390,260,463,203,False,1.0,0.454545,1.0,0.233333,0.09,70.313636,65,223,review_conflict_candidates
163,600212.SH,绿能慧充,2025,Q_G_DEBT_ASSET_RATE,2.8,manual_signature_required,3,65.89|76.7496|76.75,0.94,272,272,442,170,False,1.0,0.409836,1.0,0.311111,0.06,70.212568,178,77,review_conflict_candidates
164,603489.SH,八方股份,2025,Q_G_REVENUE_GROWTH,2.1,manual_signature_required,2,-12.2184|-1.47067,0.91,369,261,439,178,False,1.0,0.45045,1.0,0.233333,0.09,70.211261,74,232,review_conflict_candidates
165,003816.SZ,中国广核,2025,Q_S_DIVIDEND_PER_SHARE,3.0,manual_signature_required,2,0|0.086,0.94,250,250,337,87,False,1.0,0.5,0.87,0.333333,0.06,70.2,150,17,review_conflict_candidates
166,300776.SZ,帝尔激光,2025,Q_G_DEBT_ASSET_RATE,2.8,manual_signature_required,2,41.1|41.1046,0.94,15,2,127,125,False,1.0,0.406504,1.0,0.311111,0.06,70.129268,159,60,review_conflict_candidates
167,600725.SH,云维股份,2025,Q_G_DEBT_ASSET_RATE,2.8,manual_signature_required,4,25.4793|25.48,0.94,414,273,496,223,False,1.0,0.406504,1.0,0.311111,0.06,70.129268,191,91,review_conflict_candidates
168,600868.SH,梅雁吉祥,2025,Q_G_REVENUE_GROWTH,2.1,manual_signature_required,2,-19.3263|3.39954,0.91,282,264,371,107,False,1.0,0.438596,1.0,0.233333,0.09,69.914912,51,207,review_conflict_candidates
169,688819.SH,天能股份,2025,Q_G_REVENUE_GROWTH,2.1,manual_signature_required,2,-2.64423|1.66637,0.91,26,10,131,121,False,1.0,0.420168,1.0,0.233333,0.09,69.454202,110,269,review_conflict_candidates
170,688556.SH,高测股份,2025,Q_G_DEBT_ASSET_RATE,2.8,manual_signature_required,3,48.05|48.0522|52.53,0.94,242,242,321,79,False,1.0,0.543478,0.79,0.311111,0.06,69.353623,249,148,review_conflict_candidates
171,603333.SH,尚纬股份,2025,Q_G_DEBT_ASSET_RATE,2.8,manual_signature_required,2,37.0924|43.89,0.94,248,248,331,83,False,1.0,0.510204,0.83,0.311111,0.06,69.321769,221,120,review_conflict_candidates
172,601868.SH,中国能建,2025,Q_G_REVENUE_GROWTH,2.1,manual_signature_required,2,-10.1593|3.71339,0.91,272,272,419,147,False,1.0,0.409836,1.0,0.233333,0.09,69.195902,64,222,review_conflict_candidates
173,600725.SH,云维股份,2025,Q_G_REVENUE_GROWTH,2.1,manual_signature_required,2,-27.6515|-15.8267,0.91,414,273,496,223,False,1.0,0.406504,1.0,0.233333,0.09,69.112602,45,200,review_conflict_candidates
174,688330.SH,宏力达,2025,Q_G_REVENUE_GROWTH,2.1,manual_signature_required,2,-98.3432|-33.5479,0.91,116,116,178,62,False,1.0,0.694444,0.62,0.233333,0.09,68.711111,91,249,review_conflict_candidates
175,03337.HK,ANTON OILFIELD,2025,Q_E_ALTERNATIVE_WATER_RATE,2.46,consistent_multi_review,2,8.53,0.93,139,19,395,376,True,0.55,1.0,1.0,0.273333,0.07,68.7,120,172,manual_spot_check
176,600405.SH,动力源,2025,Q_G_DEBT_ASSET_RATE,2.8,manual_signature_required,2,95.9068|95.91,0.94,430,295,524,229,False,1.0,0.344828,1.0,0.311111,0.06,68.587356,183,82,review_conflict_candidates
177,688556.SH,高测股份,2025,Q_G_REVENUE_GROWTH,2.1,manual_signature_required,2,-18.4254|-6.84685,0.91,242,242,321,79,False,1.0,0.543478,0.79,0.233333,0.09,68.336957,98,257,review_conflict_candidates
178,600982.SH,宁波能源,2025,Q_G_DEBT_ASSET_RATE,2.8,manual_signature_required,2,61.6299|61.63,0.94,119,119,176,57,False,1.0,0.675676,0.57,0.311111,0.06,68.258559,202,102,review_conflict_candidates
179,600847.SH,万里股份,2025,Q_G_REVENUE_GROWTH,2.1,manual_signature_required,2,-12.3866|3.88662,0.91,420,293,509,216,False,1.0,0.34965,1.0,0.233333,0.09,67.691259,50,206,review_conflict_candidates
180,000692.SZ,惠天热电,2025,Q_G_ROE,2.1,manual_signature_required,3,-179.78|-32.15,0.94,291,291,416,125,False,1.0,0.35461,1.0,0.233333,0.06,67.665248,125,173,review_conflict_candidates
181,688517.SH,金冠电气,2025,Q_G_DEBT_ASSET_RATE,2.8,manual_signature_required,2,39.4193|39.42,0.94,93,93,161,68,False,1.0,0.561798,0.68,0.311111,0.06,67.61161,247,146,review_conflict_candidates
182,688597.SH,煜邦电力,2025,Q_G_DEBT_ASSET_RATE,2.8,manual_signature_required,2,55.47|55.5215,0.94,56,56,138,82,False,1.0,0.446429,0.82,0.311111,0.06,67.527381,251,150,review_conflict_candidates
183,600027.SH,华电国际,2025,Q_G_REVENUE_GROWTH,2.1,manual_signature_required,2,-10.9466|27.9078,0.91,296,296,494,198,False,1.0,0.342466,1.0,0.233333,0.09,67.511644,25,178,review_conflict_candidates
184,002706.SZ,良信股份,2025,Q_S_DIVIDEND_PER_SHARE,3.0,manual_signature_required,3,0.2|0.22,0.94,343,324,431,107,False,1.0,0.287356,1.0,0.333333,0.06,67.483908,142,13,review_conflict_candidates
185,600982.SH,宁波能源,2025,Q_G_REVENUE_GROWTH,2.1,manual_signature_required,2,-10.7168|8.44302,0.91,119,119,176,57,False,1.0,0.675676,0.57,0.233333,0.09,67.241892,56,213,review_conflict_candidates
186,688223.SH,晶科能源,2025,Q_G_DEBT_ASSET_RATE,2.8,manual_signature_required,2,77.1988|77.2,0.94,364,323,453,130,False,1.0,0.289017,1.0,0.311111,0.06,67.1921,236,135,review_conflict_candidates
187,002245.SZ,蔚蓝锂芯,2025,Q_G_ROE,2.1,manual_signature_required,4,9.77|9.93,0.94,299,299,488,189,False,1.0,0.33557,1.0,0.233333,0.06,67.189262,133,174,review_conflict_candidates
188,301439.SZ,泓淋电力,2025,Q_S_DIVIDEND_PER_SHARE,3.0,manual_signature_required,3,0|0.2,0.94,265,265,345,80,False,1.0,0.434783,0.8,0.333333,0.06,67.169565,169,23,review_conflict_candidates
189,002606.SZ,大连电瓷,2025,Q_G_DEBT_ASSET_RATE,2.8,manual_signature_required,2,40.25|40.2524,0.94,274,274,359,85,False,1.0,0.403226,0.85,0.311111,0.06,67.047312,140,45,review_conflict_candidates
190,301157.SZ,华塑科技,2025,Q_S_DIVIDEND_PER_SHARE,3.0,manual_signature_required,2,0.15|1,0.94,337,337,481,144,False,1.0,0.26738,1.0,0.333333,0.06,66.984492,163,20,review_conflict_candidates
191,688676.SH,金盘科技,2025,Q_G_DEBT_ASSET_RATE,2.8,manual_signature_required,3,53.76|57.86|57.8641,0.94,9,3,97,94,False,1.0,0.326797,0.94,0.311111,0.06,66.936601,255,154,review_conflict_candidates
192,603798.SH,康普顿,2025,Q_G_REVENUE_GROWTH,2.1,manual_signature_required,2,-10.8412|69.7139,0.91,417,309,510,201,False,1.0,0.314465,1.0,0.233333,0.09,66.811635,77,235,review_conflict_candidates
193,301217.SZ,铜冠铜箔,2025,Q_G_DEBT_ASSET_RATE,2.8,manual_signature_required,2,29.59|29.59,0.94,239,239,302,63,False,1.0,0.561798,0.63,0.311111,0.06,66.61161,164,65,review_conflict_candidates
194,600688.SH,上海石化,2025,Q_G_DEBT_ASSET_RATE,2.8,manual_signature_required,2,41.67|100,0.9,348,348,540,192,False,1.0,0.252525,1.0,0.311111,0.1,66.479798,13,90,review_conflict_candidates
195,002616.SZ,长青集团,2025,Q_G_DEBT_ASSET_RATE,2.8,manual_signature_required,5,62.35|73.23,0.9,349,349,469,120,False,1.0,0.251256,1.0,0.311111,0.1,66.448074,6,46,review_conflict_candidates
196,600241.SH,时代万恒,2025,Q_G_DEBT_ASSET_RATE,2.8,manual_signature_required,2,10.41|10.4117,0.94,432,343,536,193,False,1.0,0.259067,1.0,0.311111,0.06,66.443351,180,79,review_conflict_candidates
197,920809.BJ,安达科技,2025,Q_G_ROE,2.1,manual_signature_required,3,-16.16|-15.24,0.94,315,315,543,228,False,1.0,0.30303,1.0,0.233333,0.06,66.375758,267,272,review_conflict_candidates
198,301002.SZ,崧盛股份,2025,Q_G_DEBT_ASSET_RATE,2.8,manual_signature_required,2,30|49.51,0.9,353,353,476,123,False,1.0,0.246305,1.0,0.311111,0.1,66.324302,11,63,review_conflict_candidates
199,000937.SZ,冀中能源,2025,Q_S_DIVIDEND_PER_SHARE,3.0,manual_signature_required,3,0|0.1,0.94,359,359,460,101,False,1.0,0.239234,1.0,0.333333,0.06,66.280861,127,6,review_conflict_candidates
200,301386.SZ,未来电器,2025,Q_S_DIVIDEND_PER_SHARE,3.0,manual_signature_required,3,0|0.5,0.94,340,340,436,96,False,1.0,0.263158,0.96,0.333333,0.06,66.078947,168,22,review_conflict_candidates
201,600886.SH,国投电力,2025,Q_G_DEBT_ASSET_RATE,2.8,manual_signature_required,3,60.52|60.5241|80,0.94,92,92,156,64,False,1.0,0.531915,0.64,0.311111,0.06,66.064539,196,96,review_conflict_candidates
202,002706.SZ,良信股份,2025,Q_G_ROE,2.1,manual_signature_required,2,5.45|6.29,0.94,343,324,431,107,False,1.0,0.287356,1.0,0.233333,0.06,65.983908,141,175,review_conflict_candidates
203,000554.SZ,泰山石油,2025,Q_S_DIVIDEND_PER_SHARE,3.0,manual_signature_required,4,0.023|0.085|72.119,0.94,378,378,530,152,False,1.0,0.219298,1.0,0.333333,0.06,65.782456,123,4,review_conflict_candidates
204,920985.BJ,海泰新能,2025,Q_G_DEBT_ASSET_RATE,2.8,manual_signature_required,2,86.89|129.996,0.94,366,366,550,184,False,1.0,0.231481,1.0,0.311111,0.06,65.753704,268,164,review_conflict_candidates
205,688772.SH,珠海冠宇,2025,Q_G_DEBT_ASSET_RATE,2.8,manual_signature_required,5,65.32|68.185|68.19,0.94,69,68,140,72,False,1.0,0.454545,0.72,0.311111,0.06,65.730303,259,158,review_conflict_candidates
206,600241.SH,时代万恒,2025,Q_G_REVENUE_GROWTH,2.1,manual_signature_required,2,-8.31296|-4.39441,0.91,432,343,536,193,False,1.0,0.259067,1.0,0.233333,0.09,65.426684,33,186,review_conflict_candidates
207,600886.SH,国投电力,2025,Q_G_ROE,2.1,manual_signature_required,3,5|10|11.35,0.92,92,92,156,64,False,1.0,0.531915,0.64,0.233333,0.08,64.997872,115,210,review_conflict_candidates
208,920110.BJ,雷特科技,2025,Q_G_DEBT_ASSET_RATE,2.8,manual_signature_required,2,7.49|7.49427,0.94,403,403,523,120,False,1.0,0.197628,1.0,0.311111,0.06,64.907378,263,162,review_conflict_candidates
209,601991.SH,大唐发电,2025,Q_G_REVENUE_GROWTH,2.1,manual_signature_required,2,-1.79651|11.9295,0.91,351,351,449,98,False,1.0,0.248756,0.98,0.233333,0.09,64.768905,67,225,review_conflict_candidates
210,688681.SH,科汇股份,2025,Q_G_REVENUE_GROWTH,2.1,manual_signature_required,2,-2.26087|20.312,0.91,73,73,143,70,False,1.0,0.46729,0.7,0.233333,0.09,64.632243,106,265,review_conflict_candidates
211,600577.SH,精达股份,2025,Q_G_REVENUE_GROWTH,2.1,manual_signature_required,2,-12.6601|10.5323,0.91,70,70,141,71,False,1.0,0.458716,0.71,0.233333,0.09,64.61789,40,194,review_conflict_candidates
212,688560.SH,明冠新材,2025,Q_G_REVENUE_GROWTH,2.1,manual_signature_required,2,-16.7014|-0.421941,0.91,431,374,539,165,False,1.0,0.223214,1.0,0.233333,0.09,64.530357,99,258,review_conflict_candidates
213,601619.SH,嘉泽新能,2025,Q_S_RD_RATE,3.0,single_candidate_review,1,0,0.9,230,188,320,132,True,0.4,1.0,1.0,0.333333,0.1,64.5,20,35,manual_spot_check
214,688611.SH,杭州柯林,2025,Q_G_REVENUE_GROWTH,2.1,manual_signature_required,2,-61.8285|161.076,0.91,74,74,143,69,False,1.0,0.46729,0.69,0.233333,0.09,64.432243,102,261,review_conflict_candidates
215,003021.SZ,兆威机电,2025,Q_G_REVENUE_GROWTH,2.1,manual_signature_required,2,-12.2919|12.5237,0.91,282,282,362,80,False,1.0,0.378788,0.8,0.233333,0.09,64.419697,24,176,review_conflict_candidates
216,301040.SZ,中环海陆,2025,Q_G_DEBT_ASSET_RATE,2.8,manual_signature_required,2,46.1799|46.18,0.94,333,333,421,88,False,1.0,0.273224,0.88,0.311111,0.06,64.397268,162,64,review_conflict_candidates
217,03337.HK,ANTON OILFIELD,2025,Q_S_DONATION_RATE,3.0,single_candidate_review,1,0.03,0.94,139,19,395,376,True,0.4,1.0,1.0,0.333333,0.06,64.3,271,33,manual_spot_check
218,003021.SZ,兆威机电,2025,Q_G_ROE,2.1,manual_signature_required,2,7.6|7.66,0.94,282,282,362,80,False,1.0,0.378788,0.8,0.233333,0.06,64.269697,148,177,review_conflict_candidates
219,600871.SH,石化油服,2025,Q_G_REVENUE_GROWTH,2.1,manual_signature_required,2,-7.03175|-0.473512,0.91,412,412,541,129,False,1.0,0.19084,1.0,0.233333,0.09,63.720992,52,208,review_conflict_candidates
220,601666.SH,平煤股份,2025,Q_S_SAFETY_INVEST_RATE,2.5,single_candidate_review,1,9.23,0.9,187,106,283,177,True,0.4,1.0,1.0,0.277778,0.1,63.666667,21,169,manual_spot_check
221,600207.SH,安彩高科,2025,Q_E_WASTEWATER_INTENSITY,2.48,single_candidate_review,1,2400.8,0.9,372,76,418,342,True,0.4,1.0,1.0,0.275556,0.1,63.633333,18,171,manual_spot_check
222,688345.SH,博力威,2025,Q_G_DEBT_ASSET_RATE,2.8,manual_signature_required,3,60.85|61.1769|61.18,0.94,108,108,158,50,False,1.0,0.543478,0.5,0.311111,0.06,63.553623,240,139,review_conflict_candidates
223,01250.HK,SDHS NEW ENERGY,2025,Q_S_SAFETY_INVEST_RATE,2.5,single_candidate_review,1,1.77,0.94,154,91,331,240,True,0.4,1.0,1.0,0.277778,0.06,63.466667,269,167,manual_spot_check
224,603050.SH,科林电气,2025,Q_G_DEBT_ASSET_RATE,2.8,manual_signature_required,3,62.03|62.0326|67.36,0.94,75,75,136,61,False,1.0,0.438596,0.61,0.311111,0.06,63.131579,214,113,review_conflict_candidates
225,300014.SZ,亿纬锂能,2025,Q_G_DEBT_ASSET_RATE,2.8,manual_signature_required,3,64.1783|64.18,0.94,57,57,122,65,False,1.0,0.390625,0.65,0.311111,0.06,62.732292,151,51,review_conflict_candidates
226,688345.SH,博力威,2025,Q_G_REVENUE_GROWTH,2.1,manual_signature_required,2,-26.4463|48.3321,0.91,108,108,158,50,False,1.0,0.543478,0.5,0.233333,0.09,62.536957,93,251,review_conflict_candidates
227,688567.SH,孚能科技,2025,Q_G_DEBT_ASSET_RATE,2.8,manual_signature_required,2,59.3688|59.37,0.94,108,108,155,47,False,1.0,0.526316,0.47,0.311111,0.06,62.524561,250,149,review_conflict_candidates
228,688778.SH,厦钨新能,2025,Q_G_DEBT_ASSET_RATE,2.8,manual_signature_required,4,37.98|56.29|56.2919,0.94,80,80,137,57,False,1.0,0.442478,0.57,0.311111,0.06,62.428614,260,159,review_conflict_candidates
229,688567.SH,孚能科技,2025,Q_G_REVENUE_GROWTH,2.1,manual_signature_required,2,-21.9484|14.6617,0.91,108,108,155,47,False,1.0,0.526316,0.47,0.233333,0.09,61.507895,100,259,review_conflict_candidates
230,688778.SH,厦钨新能,2025,Q_G_REVENUE_GROWTH,2.1,manual_signature_required,2,-33.68|46.7036,0.91,80,80,137,57,False,1.0,0.442478,0.57,0.233333,0.09,61.411947,108,267,review_conflict_candidates
231,002893.SZ,京能热力,2025,Q_S_DIVIDEND_PER_SHARE,3.0,manual_signature_required,3,0|0.091,0.94,34,34,98,64,False,1.0,0.328947,0.64,0.333333,0.06,61.323684,146,15,review_conflict_candidates
232,603619.SH,中曼石油,2025,Q_G_DEBT_ASSET_RATE,2.8,manual_signature_required,2,63.0777|63.08,0.94,45,45,107,62,False,1.0,0.34965,0.62,0.311111,0.06,61.107925,222,121,review_conflict_candidates
233,002893.SZ,京能热力,2025,Q_G_DEBT_ASSET_RATE,2.8,manual_signature_required,3,52.908|52.91,0.94,34,34,98,64,False,1.0,0.328947,0.64,0.311111,0.06,60.990351,145,49,review_conflict_candidates
234,601918.SH,新集能源,2025,Q_G_DEBT_ASSET_RATE,2.8,manual_signature_required,2,63.5274|63.53,0.94,63,63,119,56,False,1.0,0.381679,0.56,0.311111,0.06,60.708651,212,111,review_conflict_candidates
235,600458.SH,时代新材,2025,Q_G_REVENUE_GROWTH,2.1,manual_signature_required,2,-18.4251|7.05827,0.91,79,79,132,53,False,1.0,0.423729,0.53,0.233333,0.09,60.14322,37,191,review_conflict_candidates
236,601918.SH,新集能源,2025,Q_G_REVENUE_GROWTH,2.1,manual_signature_required,2,-3.51154|0.28666,0.91,63,63,119,56,False,1.0,0.381679,0.56,0.233333,0.09,59.691985,66,224,review_conflict_candidates
237,300409.SZ,道氏技术,2025,Q_G_DEBT_ASSET_RATE,2.8,manual_signature_required,2,40.9294|40.93,0.94,22,22,83,61,False,1.0,0.299401,0.61,0.311111,0.06,59.651697,155,54,review_conflict_candidates
238,688392.SH,骄成超声,2025,Q_G_DEBT_ASSET_RATE,2.8,manual_signature_required,2,24.1566|24.16,0.94,62,62,113,51,False,1.0,0.364964,0.51,0.311111,0.06,59.290754,243,142,review_conflict_candidates
239,600025.SH,华能水电,2025,Q_G_DEBT_ASSET_RATE,2.8,manual_signature_required,3,61.13|61.1345,0.94,33,33,90,57,False,1.0,0.3125,0.57,0.311111,0.06,59.179167,172,70,review_conflict_candidates
240,600900.SH,长江电力,2025,Q_G_DEBT_ASSET_RATE,2.8,manual_signature_required,2,58.2695|58.27,0.94,6,4,66,62,False,1.0,0.271739,0.62,0.311111,0.06,59.160145,197,97,review_conflict_candidates
241,01798.HK,DATANG RENEW,2025,Q_S_SAFETY_INVEST_RATE,2.5,single_candidate_review,1,4.41,0.94,133,132,209,77,True,0.4,1.0,0.77,0.277778,0.06,58.866667,270,168,manual_spot_check
242,603105.SH,芯能科技,2025,Q_G_DEBT_ASSET_RATE,2.8,manual_signature_required,2,49.6696|49.67,0.94,42,42,94,52,False,1.0,0.320513,0.52,0.311111,0.06,58.379487,216,115,review_conflict_candidates
243,603659.SH,璞泰来,2025,Q_G_DEBT_ASSET_RATE,2.8,manual_signature_required,2,52.9254|53,0.94,44,44,95,51,False,1.0,0.322581,0.51,0.311111,0.06,58.231183,224,123,review_conflict_candidates
244,600236.SH,桂冠电力,2025,Q_G_DEBT_ASSET_RATE,2.8,manual_signature_required,2,54.2174|54.22,0.94,1,1,57,56,False,1.0,0.259067,0.56,0.311111,0.06,57.643351,179,78,review_conflict_candidates
245,603344.SH,星德胜,2025,Q_G_REVENUE_GROWTH,2.1,manual_signature_required,2,-18.4128|4.83525,0.91,66,66,112,46,False,1.0,0.362319,0.46,0.233333,0.09,57.207971,72,230,review_conflict_candidates
246,603706.SH,东方环宇,2025,Q_G_REVENUE_GROWTH,2.1,manual_signature_required,2,-7.77422|97.1675,0.91,52,52,101,49,False,1.0,0.33557,0.49,0.233333,0.09,57.139262,76,234,review_conflict_candidates
247,600681.SH,百川能源,2025,Q_G_REVENUE_GROWTH,2.1,manual_signature_required,2,2.25227|144.573,0.91,28,28,81,53,False,1.0,0.295858,0.53,0.233333,0.09,56.94645,44,199,review_conflict_candidates
248,688503.SH,聚和材料,2025,Q_G_DEBT_ASSET_RATE,2.8,manual_signature_required,2,41.8|58.2576,0.94,38,38,85,47,False,1.0,0.30303,0.47,0.311111,0.06,56.942424,246,145,review_conflict_candidates
249,601233.SH,桐昆股份,2025,Q_S_DIVIDEND_PER_SHARE,3.0,manual_signature_required,2,0|0.12,0.94,50,50,93,43,False,1.0,0.318471,0.43,0.333333,0.06,56.861783,207,26,review_conflict_candidates
250,600236.SH,桂冠电力,2025,Q_G_REVENUE_GROWTH,2.1,manual_signature_required,2,-11.9741|8.27805,0.91,1,1,57,56,False,1.0,0.259067,0.56,0.233333,0.09,56.626684,32,185,review_conflict_candidates
251,000600.SZ,建投能源,2025,Q_S_SAFETY_INVEST_RATE,2.5,single_candidate_review,1,0.65,0.9,176,176,239,63,True,0.4,1.0,0.63,0.277778,0.1,56.266667,16,166,manual_spot_check
252,600885.SH,宏发股份,2025,Q_G_DEBT_ASSET_RATE,2.8,manual_signature_required,2,31.47|31.4741,0.94,12,12,59,47,False,1.0,0.26178,0.47,0.311111,0.06,55.911169,195,95,review_conflict_candidates
253,603897.SH,长城科技,2025,Q_G_REVENUE_GROWTH,2.1,manual_signature_required,2,-3.13778|-3.07203,0.91,31,31,78,47,False,1.0,0.290698,0.47,0.233333,0.09,55.617442,78,236,review_conflict_candidates
254,601233.SH,桐昆股份,2025,Q_G_REVENUE_GROWTH,2.1,manual_signature_required,2,-21.4975|-7.31969,0.91,50,50,93,43,False,1.0,0.318471,0.43,0.233333,0.09,55.511783,59,217,review_conflict_candidates
255,600101.SH,明星电力,2025,Q_G_REVENUE_GROWTH,2.1,manual_signature_required,2,4.03028|6.29321,0.91,49,49,92,43,False,1.0,0.316456,0.43,0.233333,0.09,55.461392,26,179,review_conflict_candidates
256,603689.SH,皖天然气,2025,Q_G_DEBT_ASSET_RATE,2.8,manual_signature_required,3,42.96|42.961,0.94,4,4,50,46,False,1.0,0.25,0.46,0.311111,0.06,55.416667,225,124,review_conflict_candidates
257,600642.SH,申能股份,2025,Q_G_REVENUE_GROWTH,2.1,manual_signature_required,2,-5.36801|30.5489,0.91,48,48,91,43,False,1.0,0.314465,0.43,0.233333,0.09,55.411635,41,196,review_conflict_candidates
258,000922.SZ,佳电股份,2025,Q_S_RD_RATE,3.0,single_candidate_review,1,3.4,0.9,60,20,171,151,False,0.4,0.632911,1.0,0.333333,0.1,55.322785,17,31,manual_spot_check
259,600674.SH,川投能源,2025,Q_G_REVENUE_GROWTH,2.1,manual_signature_required,2,3.64656|4.64746,0.91,27,27,73,46,False,1.0,0.282486,0.46,0.233333,0.09,55.212147,43,198,review_conflict_candidates
260,300850.SZ,新强联,2025,Q_S_SAFETY_INVEST_RATE,2.5,consistent_multi_review,2,0.36,0.9,126,126,185,59,False,0.55,0.769231,0.59,0.277778,0.1,54.947436,14,165,manual_spot_check
261,600098.SH,广州发展,2025,Q_G_DEBT_ASSET_RATE,2.8,manual_signature_required,2,61.76|63.3932,0.94,8,8,48,40,False,1.0,0.247525,0.4,0.311111,0.06,54.154785,173,72,review_conflict_candidates
262,600968.SH,海油发展,2025,Q_S_RD_RATE,3.0,manual_signature_required,2,2.49|3.33,0.96,13,13,49,36,False,1.0,0.248756,0.36,0.333333,0.04,53.618905,273,25,review_conflict_candidates
263,000791.SZ,甘肃能源,2025,Q_S_RD_RATE,3.0,single_candidate_review,1,0.06,0.82,237,237,333,96,False,0.4,0.574713,0.96,0.333333,0.18,53.467816,2,30,manual_spot_check
264,600968.SH,海油发展,2025,Q_G_DEBT_ASSET_RATE,2.8,manual_signature_required,2,40.9785|40.98,0.94,13,13,49,36,False,1.0,0.248756,0.36,0.311111,0.06,53.385572,201,101,review_conflict_candidates
265,600968.SH,海油发展,2025,Q_G_REVENUE_GROWTH,2.1,manual_signature_required,2,-19.548|-4.10129,0.91,13,13,49,36,False,1.0,0.248756,0.36,0.233333,0.09,52.368905,54,211,review_conflict_candidates
266,603606.SH,东方电缆,2025,Q_G_REVENUE_GROWTH,2.1,manual_signature_required,2,19.2572|462.98,0.91,7,7,42,35,False,1.0,0.240385,0.35,0.233333,0.09,51.959615,75,233,review_conflict_candidates
267,600508.SH,上海能源,2025,Q_S_RD_RATE,3.0,single_candidate_review,1,4.12,0.82,64,43,146,103,False,0.4,0.480769,1.0,0.333333,0.18,51.919231,4,34,manual_spot_check
268,001301.SZ,尚太科技,2025,Q_G_DEBT_ASSET_RATE,2.8,manual_signature_required,2,40.26|40.2622,0.94,17,17,44,27,False,1.0,0.242718,0.27,0.311111,0.06,51.434628,131,39,review_conflict_candidates
269,002259.SZ,升达林业,2025,Q_G_DEBT_ASSET_RATE,2.8,manual_signature_required,2,52.0462|70.69,0.94,2,2,22,20,False,1.0,0.219298,0.2,0.311111,0.06,49.449123,134,41,review_conflict_candidates
270,688660.SH,电气风电,2025,Q_S_ENV_INVEST_RATE,1.5,single_candidate_review,1,0.02,0.9,371,255,437,182,False,0.4,0.47619,1.0,0.166667,0.1,48.904762,23,275,manual_spot_check
271,002980.SZ,华盛昌,2025,Q_S_RD_RATE,3.0,single_candidate_review,1,10.26,0.82,361,329,451,122,False,0.4,0.27933,1.0,0.333333,0.18,46.88324,3,32,manual_spot_check
272,000543.SZ,皖能电力,2025,Q_S_RD_RATE,3.0,single_candidate_review,1,0.78,0.82,325,325,420,95,False,0.4,0.285714,0.95,0.333333,0.18,46.042857,1,29,manual_spot_check
273,000400.SZ,许继电气,2025,Q_S_ENV_INVEST_RATE,1.5,single_candidate_review,1,0.03,0.9,87,87,147,60,False,0.4,0.485437,0.6,0.166667,0.1,41.135922,15,273,manual_spot_check
274,600236.SH,桂冠电力,2025,Q_S_ENV_INVEST_RATE,1.5,single_candidate_review,1,0.26,0.9,1,1,57,56,False,0.4,0.259067,0.56,0.166667,0.1,34.676684,19,274,manual_spot_check
275,605117.SH,德业股份,2025,Q_S_SAFETY_INVEST_RATE,2.5,single_candidate_review,1,0.12,0.9,5,5,39,34,False,0.4,0.236967,0.34,0.277778,0.1,31.390837,22,170,manual_spot_check
