overall_rank,industry,industry_rank,company_code,company_name,esg_score,e_score,s_score,g_score
80,光伏,1,601778.SH,晶科科技,41.25651011521074,54.87402502240471,51.534458111488654,47.89081265685466
166,光伏,2,300274.SZ,阳光电源,40.287616505742164,49.57907993007093,54.70808134737773,48.85681313033404
179,光伏,3,002309.SZ,中利集团,40.207415847458925,51.57082417443911,53.512560518844765,47.14417036289342
191,光伏,4,000591.SZ,太阳能,40.063641415318585,51.70755006617708,53.07773569883213,46.2949903429451
258,光伏,5,300317.SZ,珈伟新能,39.636904925211894,51.57082417443911,50.42563274476544,46.78636778844933
322,光伏,6,002218.SZ,拓日新能,39.26754171995302,51.57082417443911,51.03344978192628,45.316294296254554
434,光伏,7,600438.SH,通威股份,38.44513286588611,55.53998334685995,44.21237966019752,42.68256849946992
465,光伏,8,001269.SZ,欧晶科技,38.119168287790146,51.57082417443911,54.21084024176289,40.50812919402028
477,光伏,9,300118.SZ,东方日升,38.02302512085255,51.57082417443911,47.05909232440585,43.60287028531368
505,光伏,10,601222.SH,林洋能源,37.576518836861275,51.57082417443911,44.90016739616465,44.00347569840209
542,光伏,11,002506.SZ,协鑫集成,36.90711776196871,51.18011096616959,44.32292617878532,41.1698959000303
568,光伏,12,601012.SH,隆基绿能,36.11091781360566,44.78982910433267,45.45337377856928,45.361165938230315
590,光伏,13,688223.SH,晶科能源,34.69219547780832,51.57082417443911,44.7528846599594,34.68197985775564
591,光伏,14,002015.SZ,协鑫能科,34.686546608171646,39.349775258712555,46.89902095407729,46.475560293392554
595,光伏,15,688599.SH,天合光能,32.721381485478574,40.123720951964245,45.09174089298345,39.897779308001205
13,其他能源,1,09689.HK,JTF INTL,42.935683007898234,58.60824923986949,47.04144807043,51.24972656561135
22,其他能源,2,002335.SZ,科华数据,42.412196479081416,51.57082417443911,57.079960036880586,52.1480779614864
23,其他能源,3,001301.SZ,尚太科技,42.376039249468825,51.66196467577432,53.86790174805951,53.70589371634583
24,其他能源,4,002986.SZ,宇新股份,42.324674587185434,51.57082417443911,54.81916967322168,53.217516431574325
27,其他能源,5,002533.SZ,金杯电工,42.286382872437876,51.57082417443911,55.16667400594296,52.709107651318014
28,其他能源,6,002441.SZ,众业达,42.17617614426427,51.57082417443911,54.61798016216019,52.840674113746786
30,其他能源,7,300882.SZ,万胜智能,42.07630785144614,51.57082417443911,52.64777736279191,53.46298904047924
31,其他能源,8,301386.SZ,未来电器,42.0731294443501,55.118457529055604,58.991287172431015,44.988085889454794
32,其他能源,9,600968.SH,海油发展,42.067282734376754,52.20156140646907,55.45618524656069,51.44400408827503
33,其他能源,10,002249.SZ,大洋电机,42.0598547903929,51.57082417443911,55.238059991731376,52.06479958162691
36,其他能源,11,920185.BJ,贝特瑞,41.94513141632976,51.57082417443911,58.362102618384704,49.41584097301791
37,其他能源,12,00632.HK,CHK OIL,41.9150751785447,58.07148356596504,47.04144807043,46.97970387823812
38,其他能源,13,301278.SZ,快可电子,41.887077344543094,51.57082417443911,58.99034307060916,49.50146425610063
41,其他能源,14,920779.BJ,武汉蓝电,41.7948617399002,51.57082417443911,53.96966456366783,51.959961025028704
44,其他能源,15,002270.SZ,华明装备,41.77493531328207,51.57082417443911,57.87059787587472,49.568565124308606
46,其他能源,16,603706.SH,东方环宇,41.75238365524881,51.57082417443911,52.04286161605877,52.81127329775075
47,其他能源,17,600098.SH,广州发展,41.743291831136354,51.67143323738741,51.269218240261296,53.0878768225497
49,其他能源,18,600956.SH,新天绿能,41.670740615762895,52.9863264074247,62.61871502093766,45.86435015927123
50,其他能源,19,300407.SZ,凯发电气,41.63219181435505,51.57082417443911,53.06068794811448,51.9530119005317
51,其他能源,20,920252.BJ,天宏锂电,41.63096950626254,51.57082417443911,57.31173894221829,49.14885208302209
52,其他能源,21,300409.SZ,道氏技术,41.62143759396878,51.57082417443911,49.76981822426766,53.53537270263259
53,其他能源,22,300919.SZ,中伟新材,41.61357451570881,55.37755116870765,49.68166379245189,49.1678545301476
54,其他能源,23,002125.SZ,湘潭电化,41.58379912127376,51.57082417443911,58.827628881487875,47.57541774686926
55,其他能源,24,603031.SH,安孚科技,41.56811204798324,52.31197123284119,48.386962537484024,53.52286846540354
56,其他能源,25,300724.SZ,捷佳伟创,41.563537702190075,51.57082417443911,64.11262713716529,46.4357027260306
57,其他能源,26,601311.SH,骆驼股份,41.55918374735913,51.57082417443911,47.32517728214788,54.59832061841743
58,其他能源,27,000593.SZ,德龙汇能,41.55374482627631,51.57082417443911,52.76653776709523,51.894224822622256
59,其他能源,28,01229.HK,NAN NAN RES,41.54255532492135,51.57082417443911,47.04144807043,54.731557971213235
60,其他能源,29,000922.SZ,佳电股份,41.532082559730796,51.57082417443911,47.751654414958395,54.88615276116962
61,其他能源,30,301217.SZ,铜冠铜箔,41.509727313378264,51.57082417443911,54.21073650617526,50.92669633179443
62,其他能源,31,688676.SH,金盘科技,41.49421459750578,54.82580243596556,52.62079360351279,47.99464306663532
63,其他能源,32,603897.SH,长城科技,41.43228417201897,51.57082417443911,53.92297190207584,50.910642144810474
65,其他能源,33,000533.SZ,顺钠股份,41.42285868159262,52.22548961345508,52.31546100280902,50.94858723085213
66,其他能源,34,300035.SZ,中科电气,41.38003485373825,51.57082417443911,53.607255194576126,50.67397120978736
68,其他能源,35,301002.SZ,崧盛股份,41.372272999139376,51.57082417443911,52.43750913507898,51.45751072222006
69,其他能源,36,02688.HK,ENN ENERGY,41.36694473090966,54.684103707464914,47.04144807043,49.495474667559
70,其他能源,37,688330.SH,宏力达,41.350643258280506,51.57082417443911,48.37506361660349,53.51509422851384
71,其他能源,38,603218.SH,日月股份,41.33003278194724,51.57082417443911,55.46456048981193,49.209303686305304
72,其他能源,39,688248.SH,南网科技,41.32197025465041,51.66304700911224,53.31102075738244,50.82879193502235
75,其他能源,40,603396.SH,金辰股份,41.29492135638412,59.710733240802064,44.84134638340178,45.55483801487216
77,其他能源,41,002893.SZ,京能热力,41.279131972418995,51.57082417443911,52.8547018290565,51.025490426014635
78,其他能源,42,00554.HK,HANS GP HLDGS,41.27038238583279,51.57082417443911,47.04144807043,53.86630145037924
79,其他能源,43,920914.BJ,远航精密,41.257170738148844,51.57082417443911,59.87331470344041,46.51887733057747
81,其他能源,44,000155.SZ,川能动力,41.243531067071736,51.57082417443911,52.313132353864034,51.13018978357126
82,其他能源,45,603105.SH,芯能科技,41.23304608928006,51.57082417443911,53.59302337091027,50.47138872569359
83,其他能源,46,300037.SZ,新宙邦,41.23042198985059,51.967831833203725,53.69687578704689,49.67161059493463
84,其他能源,47,300450.SZ,先导智能,41.22510905801735,51.57082417443911,55.53374189578697,49.46023273658861
85,其他能源,48,000682.SZ,东方电子,41.22427633687838,51.57082417443911,53.45100626991165,50.311986333134456
86,其他能源,49,688005.SH,容百科技,41.20425321037502,51.74262788205487,62.33694181469733,45.731585830280835
89,其他能源,50,600885.SH,宏发股份,41.16776202914724,52.04414085956619,48.11747515061852,52.46044772560217
90,其他能源,51,002879.SZ,长缆科技,41.14924345303522,51.57082417443911,56.98606362424281,47.52787624755084
91,其他能源,52,002892.SZ,科力尔,41.129433537010186,51.57082417443911,54.09702547800899,49.49928710199165
92,其他能源,53,02236.HK,WISON ENGRG,41.12517581867393,52.28558234185442,47.04144807043,52.31283042588232
93,其他能源,54,920496.BJ,许昌智能,41.10685815586303,51.57082417443911,53.79359366990036,49.63018645342917
94,其他能源,55,06828.HK,BG BLUE SKY,41.09014476697736,51.669911203847555,47.04144807043,53.02195485197005
95,其他能源,56,920368.BJ,连城数控,41.08215684162587,51.57082417443911,54.69607090509549,48.924915963092026
97,其他能源,57,300907.SZ,康平科技,41.04114682670621,51.57082417443911,55.51585959934507,48.277889270959015
98,其他能源,58,920809.BJ,安达科技,41.03994112451833,51.57082417443911,57.06024584347923,47.24555943301937
99,其他能源,59,002346.SZ,柘中股份,40.99827027556383,51.57082417443911,58.79159795532333,46.14681731825923
101,其他能源,60,300432.SZ,富临精工,40.954317934280134,51.57082417443911,48.78380957273612,52.21023272435847
102,其他能源,61,601877.SH,正泰电器,40.942099424297744,54.17180053186318,57.988768319325985,44.65121406910815
103,其他能源,62,600577.SH,精达股份,40.93665789856872,51.57082417443911,50.15974740518159,51.367203669392815
104,其他能源,63,002074.SZ,国轩高科,40.930074423740855,53.69916753877788,52.724798456511486,46.86712461421882
105,其他能源,64,601126.SH,四方股份,40.924560934328014,51.925122652623024,50.74934917117967,50.63438254819921
106,其他能源,65,300693.SZ,盛弘股份,40.92038330930819,51.57082417443911,48.0960364165247,52.511558642185335
107,其他能源,66,000009.SZ,中国宝安,40.92018276353167,51.57082417443911,50.79015453164769,50.91645354182724
108,其他能源,67,300286.SZ,安科瑞,40.91150091390751,51.57082417443911,55.92641595442193,47.56871085389855
109,其他能源,68,002518.SZ,科士达,40.90089159842412,51.57082417443911,47.57839276413653,52.501901729322135
110,其他能源,69,002882.SZ,金龙羽,40.85268521225309,51.57082417443911,49.938393637006214,51.24590705609785
111,其他能源,70,002823.SZ,凯中精密,40.84490158651866,51.57082417443911,52.89132763930233,49.60359415406821
112,其他能源,71,002452.SZ,长高电新,40.837881532804396,51.57082417443911,53.16465933194291,49.414661800854404
113,其他能源,72,300283.SZ,温州宏丰,40.82253039110702,51.57082417443911,52.22681495089781,49.682286369940606
117,其他能源,73,920770.BJ,艾能聚,40.790817760412494,51.57082417443911,52.26043744598775,49.52328646268388
118,其他能源,74,002364.SZ,中恒电气,40.77455007903381,51.57082417443911,53.50487362750892,48.52978127063882
120,其他能源,75,600483.SH,福能股份,40.75882067828379,48.99835009645503,63.22856614342735,46.41839124723952
122,其他能源,76,920167.BJ,同享科技,40.74111944860467,51.57082417443911,52.47846367408844,49.08148154343436
123,其他能源,77,00645.HK,ARES ASIA,40.7190739962773,51.57082417443911,47.04144807043,52.12842867985956
125,其他能源,78,300850.SZ,新强联,40.71599021842819,51.57082417443911,49.91564840808426,50.78699394998508
126,其他能源,79,301150.SZ,中一科技,40.71246885856515,51.57082417443911,54.889151259461585,47.91726928966914
128,其他能源,80,002350.SZ,北京科锐,40.672300157724735,51.57082417443911,52.144430171243464,49.27089454720707
130,其他能源,81,920522.BJ,纳科诺尔,40.648810550186454,51.57082417443911,51.723818166235546,49.29072440838048
131,其他能源,82,000049.SZ,德赛电池,40.63648084430366,51.57082417443911,52.01281070638203,49.05148577755638
132,其他能源,83,002451.SZ,摩恩电气,40.63519402633978,51.57082417443911,50.87271131752443,49.915753625999976
134,其他能源,84,600149.SH,廊坊发展,40.60592653832381,51.57082417443911,44.39736225222577,52.90373568966737
135,其他能源,85,002623.SZ,亚玛顿,40.603980037189416,51.57082417443911,56.43675301326444,46.09299900297179
136,其他能源,86,600995.SH,南网储能,40.59686251746112,47.69815896231433,58.5197882433183,50.18717451160017
137,其他能源,87,000720.SZ,新能泰山,40.579703104279304,51.57082417443911,54.766340470827174,47.82234416683761
138,其他能源,88,002953.SZ,日丰股份,40.558868470674966,51.57082417443911,53.00174114221253,48.717910647786674
139,其他能源,89,601567.SH,三星电气,40.55830548434335,48.13851693438493,58.44530966979858,49.575476900180654
140,其他能源,90,002608.SZ,江苏国信,40.55381620868182,51.57082417443911,46.38397659287093,52.332475695737585
143,其他能源,91,688147.SH,微导纳米,40.47902159350168,51.57082417443911,54.43366682038418,46.87282221898161
144,其他能源,92,300018.SZ,中元股份,40.46738941719882,51.57082417443911,54.10301375440434,47.66891379798248
145,其他能源,93,02178.HK,PETRO-KING,40.466438919557646,51.57082417443911,45.05121554146203,52.449828428821306
146,其他能源,94,000637.SZ,茂化实华,40.45357562721788,51.57082417443911,55.32184212862903,46.727577521731455
147,其他能源,95,300569.SZ,天能重工,40.44373792988924,51.70496826133959,52.73379047778268,47.83234796824741
148,其他能源,96,920627.BJ,力王股份,40.44333597948324,51.57082417443911,53.78629501125401,47.34283554105907
149,其他能源,97,00866.HK,CHINA QINFA,40.43626641669956,51.57082417443911,47.04144807043,51.12476636466323
150,其他能源,98,301163.SZ,宏德股份,40.4268834579855,51.57082417443911,53.94465650310523,47.48833435545642
151,其他能源,99,002580.SZ,圣阳股份,40.42636162998795,51.57082417443911,51.688101934049094,48.806559608382486
152,其他能源,100,603693.SH,江苏新能,40.42283789609443,51.66002672861201,58.38151360906717,45.56052614262626
154,其他能源,101,300140.SZ,节能环境,40.40282172436372,51.66186654457255,45.86068114649075,51.99733823034695
155,其他能源,102,00951.HK,CHAOWEI POWER,40.40220245502043,50.849376482968644,47.04144807043,51.730169400577886
156,其他能源,103,300360.SZ,炬华科技,40.39817309993382,51.57082417443911,54.68861694668139,46.82608697099492
157,其他能源,104,300827.SZ,上能电气,40.393788523988576,51.57082417443911,47.11438715460916,51.30701672364815
158,其他能源,105,688819.SH,天能股份,40.37945499243247,47.57511917579823,55.02288628452641,51.271253054977436
160,其他能源,106,300870.SZ,欧陆通,40.37622289854696,51.57082417443911,49.02040260466629,50.26782916087066
161,其他能源,107,002527.SZ,新时达,40.36348901227529,51.556698771351094,47.23450305706926,51.15319383403486
163,其他能源,108,300648.SZ,星云股份,40.35306467296817,51.57082417443911,53.02756035657689,48.08230651763711
164,其他能源,109,01407.HK,JY GAS,40.31002837607646,51.94880111669543,47.04144807043,50.11933763116071
165,其他能源,110,001208.SZ,华菱线缆,40.306436140525065,51.57082417443911,46.547673597056715,51.58024497410761
167,其他能源,111,002576.SZ,通达动力,40.2798333030679,51.57082417443911,50.135453569499305,49.12311647332019
168,其他能源,112,300222.SZ,科大智能,40.275426590707525,51.57082417443911,46.05583516667461,51.839264894730306
169,其他能源,113,920639.BJ,晨光电缆,40.275254069373574,51.57082417443911,56.49302274499225,45.34427301636823
170,其他能源,114,003022.SZ,联泓新科,40.27093611407219,51.57082417443911,53.672433590368684,46.89739215044891
171,其他能源,115,300265.SZ,通光线缆,40.26579489502353,51.57082417443911,52.43685680224771,47.66642627717296
172,其他能源,116,301063.SZ,海锅股份,40.24815894169022,51.57082417443911,52.55137275195572,47.66045966039392
173,其他能源,117,301361.SZ,众智科技,40.241847938042156,51.57082417443911,52.59171747252354,47.61549569135157
174,其他能源,118,300014.SZ,亿纬锂能,40.23991032036066,51.57082417443911,54.91223328210844,46.99219545823508
176,其他能源,119,688611.SH,杭州柯林,40.23281957557982,51.57082417443911,49.72143305172342,49.4312018687164
177,其他能源,120,300457.SZ,赢合科技,40.2255406826963,51.57082417443911,51.881293195577,47.89973578463402
178,其他能源,121,00135.HK,KUNLUN ENERGY,40.21998661274611,47.82036335084351,49.024745161990595,53.54037549959473
180,其他能源,122,601179.SH,中国西电,40.19106218672239,51.57082417443911,47.912713621485366,50.294596052015194
181,其他能源,123,920237.BJ,力佳科技,40.18783253433469,51.57082417443911,52.651828296217516,47.09657567551406
184,其他能源,124,301511.SZ,德福科技,40.130924269948,47.64292461946197,53.82680757171317,50.614652567062464
185,其他能源,125,001283.SZ,豪鹏科技,40.12448196947991,51.57082417443911,47.59518258984009,50.271976663054424
186,其他能源,126,301456.SZ,盘古智能,40.096330529685545,51.57082417443911,54.50708985900877,45.78641677804705
187,其他能源,127,301266.SZ,宇邦新材,40.07870862442168,51.57082417443911,47.51011667968661,50.10711922531008
188,其他能源,128,01080.HK,SHENGLI PIPE,40.07271973325923,51.57082417443911,47.04144807043,49.951581134125576
189,其他能源,129,01193.HK,CHINA RES GAS,40.06700051836801,51.57082417443911,47.04144807043,49.93672263001906
190,其他能源,130,300062.SZ,中能电气,40.06490445543046,51.57082417443911,54.487709508092834,46.21956430647039
192,其他能源,131,002340.SZ,格林美,40.045129195853214,51.977598354012926,47.991619772012726,48.54194509617494
193,其他能源,132,002169.SZ,智光电气,40.02939905328974,51.57082417443911,46.489906520562364,50.51826485841828
196,其他能源,133,300514.SZ,友讯达,40.01618006005496,51.57082417443911,53.58152591782062,46.98878047817507
197,其他能源,134,688503.SH,聚和材料,40.005313025956355,51.57082417443911,48.00013005660363,49.58834167443383
198,其他能源,135,300660.SZ,江苏雷利,40.002750485371735,51.57082417443911,48.109826632603856,49.48773653962708
199,其他能源,136,688772.SH,珠海冠宇,40.00062051276853,51.57082417443911,58.1259985476381,44.55853665292699
200,其他能源,137,301157.SZ,华塑科技,39.99449066643867,51.57082417443911,57.00971334589078,43.856827904561946
202,其他能源,138,600482.SH,中国动力,39.97705566182351,43.24142197683128,65.29269021887977,50.02435019689209
203,其他能源,139,300427.SZ,红相股份,39.971601617572546,51.57082417443911,52.57560702768755,46.352193027642315
204,其他能源,140,601233.SH,桐昆股份,39.96939993687255,51.66184241133845,43.14871988272907,51.6549756610855
205,其他能源,141,300750.SZ,宁德时代,39.96654973944065,47.6821801305261,54.791124882474485,49.71241825599157
206,其他能源,142,300690.SZ,双一科技,39.96172880528988,54.89888478663016,45.982465160049,46.08561059308276
207,其他能源,143,01083.HK,TG SMART ENERGY,39.94024543042961,51.57082417443911,47.04144807043,49.496182068876976
209,其他能源,144,002534.SZ,西子洁能,39.90047459876568,51.96786433890044,48.847017368905384,48.32872289304565
211,其他能源,145,300763.SZ,锦浪科技,39.89252046748766,51.57082417443911,49.29623266972836,48.504596831103164
212,其他能源,146,300880.SZ,迦南智能,39.889381609077105,52.337968706283334,52.92717305999073,45.78489103086489
213,其他能源,147,688063.SH,派能科技,39.88456215985931,53.72065285839496,49.450538613136686,45.22250831441934
216,其他能源,148,002851.SZ,麦格米特,39.88071070716103,51.57082417443911,47.22162214892412,49.536600543423795
217,其他能源,149,301023.SZ,奕帆传动,39.876396420918915,51.57082417443911,54.91128688954135,45.7764894110606
218,其他能源,150,01555.HK,MIE HOLDINGS,39.87314099239622,51.57082417443911,47.04144807043,49.24188383318291
220,其他能源,151,301388.SZ,欣灵电气,39.854811249781875,51.57082417443911,54.61011942594116,45.875096947391626
222,其他能源,152,002606.SZ,大连电瓷,39.85353882003307,51.57082417443911,47.71683094399886,49.269721677666936
223,其他能源,153,000968.SZ,蓝焰控股,39.852007644623136,51.57082417443911,44.41202548681972,51.303288682975825
225,其他能源,154,300191.SZ,潜能恒信,39.85100531369379,51.57082417443911,51.12841920875755,47.05572765978187
228,其他能源,155,688349.SH,三一重能,39.83527436209984,51.57082417443911,47.960434647452054,48.884267588860816
229,其他能源,156,603344.SH,星德胜,39.83104892032162,51.57082417443911,44.884600563170665,50.560289399542945
230,其他能源,157,688155.SH,先惠技术,39.81561210752661,51.57082417443911,50.68436242249088,47.730644881020815
232,其他能源,158,03633.HK,ZHONGYU ENERGY,39.79157750013539,51.57082417443911,47.04144807043,48.993721485330134
233,其他能源,159,301121.SZ,紫建电子,39.79006211435287,51.57082417443911,52.6429879456491,46.439001895622845
234,其他能源,160,01205.HK,CITIC RESOURCES,39.784955186509215,44.3225349541552,47.04144807043,56.63641847808062
238,其他能源,161,01921.HK,DALIPAL HLDG,39.76078166990746,51.57082417443911,47.11859886762262,48.94378165900889
239,其他能源,162,08347.HK,F8 ENT,39.75633385498265,51.57082417443911,47.04144807043,48.91743164069052
240,其他能源,163,00392.HK,BEIJING ENT,39.744721364196465,51.57082417443911,47.04144807043,48.943588827133624
241,其他能源,164,002255.SZ,海陆重工,39.74226202123617,51.655759666673106,51.1365051941618,46.52817197399905
242,其他能源,165,00836.HK,CHINA RES POWER,39.73973638445947,51.57082417443911,47.04144807043,48.87017619434206
244,其他能源,166,00002.HK,CLP HOLDINGS,39.73873249170116,49.59932157007405,47.04144807043,50.907268240758974
245,其他能源,167,01600.HK,TIAN LUN GAS,39.73772601133919,53.00805929480386,47.04144807043,46.421492846116124
246,其他能源,168,301222.SZ,浙江恒威,39.734090265270936,51.57082417443911,56.34859178955146,43.532361509851285
247,其他能源,169,300141.SZ,和顺电气,39.73363216279324,51.57082417443911,51.63097415488675,46.39198909052862
249,其他能源,170,300619.SZ,金银河,39.71310689123057,51.57082417443911,52.93865043836531,45.75940920120258
250,其他能源,171,02386.HK,SINOPEC SEG,39.7114985119055,52.24279075411387,49.52472858426638,46.37544249182739
251,其他能源,172,00931.HK,CHINA HK POWER,39.70786570444867,50.138040466677054,47.04144807043,50.216861987699744
252,其他能源,173,01811.HK,CGN NEW ENERGY,39.69149552939638,51.57082417443911,47.04144807043,48.76461244322272
253,其他能源,174,300001.SZ,特锐德,39.66572342138227,52.103016307595134,45.12807931064349,49.03314696852364
256,其他能源,175,002490.SZ,山东墨龙,39.65070946088167,51.57082417443911,52.74418454388463,46.246577826118134
257,其他能源,176,301120.SZ,新特电气,39.645384598339035,51.57082417443911,52.89465892653045,45.677913097326446
259,其他能源,177,00276.HK,MONGOLIA ENERGY,39.63573850781853,51.57082417443911,47.04144807043,48.404248849111376
260,其他能源,178,01878.HK,SOUTHGOBI,39.628015065112926,51.57082417443911,47.04144807043,48.54121346905933
261,其他能源,179,300953.SZ,震裕科技,39.62695518348826,48.55177002433885,49.103447243703826,50.90475805068454
265,其他能源,180,00607.HK,FULLSHARE,39.612619715842065,51.57082417443911,47.04144807043,48.32324489872228
266,其他能源,181,301238.SZ,瑞泰新材,39.611000951433084,51.57082417443911,47.805788158144345,48.376531696450094
267,其他能源,182,002629.SZ,仁智股份,39.61015620147614,51.615213782961064,51.98883654567937,46.20968688680407
268,其他能源,183,02728.HK,JINTAI ENERGY H,39.5993478549658,51.57082417443911,47.04144807043,48.51550097847536
269,其他能源,184,01621.HK,VICO INTL HLDGS,39.59375141310654,51.57082417443911,47.04144807043,48.325118573238846
270,其他能源,185,002857.SZ,三晖电气,39.59326985707229,51.57082417443911,51.97746221823679,45.81373986030691
271,其他能源,186,300040.SZ,九洲集团,39.58404658457991,51.57082417443911,53.0830705210044,45.83063574259258
273,其他能源,187,00006.HK,POWER ASSETS,39.575331819524536,51.57082417443911,47.04144807043,48.24031727315082
274,其他能源,188,688517.SH,金冠电气,39.56912092919231,48.93500387263515,52.99108137168132,48.21517763459223
275,其他能源,189,603185.SH,弘元绿能,39.56019110481898,51.57082417443911,45.408557829854416,49.64874595454299
277,其他能源,190,002112.SZ,三变科技,39.54854087733326,51.57082417443911,52.905098672466,45.1433569614005
278,其他能源,191,002980.SZ,华盛昌,39.54510672409544,51.57082417443911,49.8422017300974,47.04134563233842
279,其他能源,192,002733.SZ,雄韬股份,39.54185906880494,51.57082417443911,47.11504250703912,48.51012054868386
280,其他能源,193,002805.SZ,丰元股份,39.53144442150099,51.57082417443911,54.46594773036504,44.30467389852612
281,其他能源,194,600938.SH,中国海油,39.5307886984063,51.57082417443911,44.22012221999995,49.806399484200895
282,其他能源,195,603312.SH,西典新能,39.52403072416886,51.57082417443911,47.3837298325107,48.47958860629016
283,其他能源,196,688388.SH,嘉元科技,39.52096904363623,54.28318134756585,44.07334380116389,46.98611811467659
284,其他能源,197,03899.HK,CIMC ENRIC,39.51856434862694,51.57082417443911,47.04144807043,48.36488511063222
287,其他能源,198,688345.SH,博力威,39.50196475149315,51.57082417443911,55.45562913869359,44.531725724850084
288,其他能源,199,920682.BJ,球冠电缆,39.496388408505325,51.57082417443911,52.00627476793479,45.355200175668024
290,其他能源,200,002245.SZ,蔚蓝锂芯,39.48395735444208,48.434389960868984,51.39126427079389,49.37362768191083
291,其他能源,201,03303.HK,JUTAL OIL SER,39.47212871281967,50.44559767911217,47.04144807043,49.15142021611204
292,其他能源,202,01940.HK,CGII HLDGS,39.469330957291454,51.57082417443911,44.687264046088806,49.322738054584825
293,其他能源,203,300153.SZ,科泰电源,39.467573058263866,51.57082417443911,50.52257815866237,46.322020097279164
294,其他能源,204,01303.HK,HUILI RES,39.46753845279016,51.57082417443911,47.04144807043,48.06198288087365
295,其他能源,205,300073.SZ,当升科技,39.46722826864931,50.61912324270057,51.467483551982156,46.707982898127014
296,其他能源,206,920110.BJ,雷特科技,39.45628962597102,51.57082417443911,54.420491780101884,43.636534949734745
297,其他能源,207,000037.SZ,深南电A,39.45268757814762,51.57082417443911,51.051811700562936,45.80452267226229
298,其他能源,208,000722.SZ,湖南发展,39.4492200626417,51.57082417443911,51.60149292962472,45.17593735396221
299,其他能源,209,01623.HK,HILONG,39.44696968727223,51.57082417443911,47.04144807043,47.787155177351885
302,其他能源,210,002090.SZ,金智科技,39.422745559525836,51.57082417443911,48.05513260561077,47.69810266507235
303,其他能源,211,688779.SH,五矿新能,39.4210677752732,51.57082417443911,53.2668334452872,45.22232185391049
304,其他能源,212,00346.HK,YANCHANG PETRO,39.41916003879126,51.57082417443911,47.04144807043,47.815333996151885
305,其他能源,213,000407.SZ,胜利股份,39.413350975772524,51.57082417443911,45.15227350057183,49.27231670364978
307,其他能源,214,688006.SH,杭可科技,39.401064852944714,51.57082417443911,45.86673037192895,48.93516172600579
308,其他能源,215,300568.SZ,星源材质,39.396244931307315,51.57082417443911,52.825813156191366,45.342401283346994
310,其他能源,216,600821.SH,金开新能,39.39567554719639,51.389778521456016,56.983999655532685,43.27286173369485
311,其他能源,217,08536.HK,TL NATURAL GAS,39.38284813549061,51.57082417443911,47.04144807043,47.55074688365579
312,其他能源,218,300853.SZ,申昊科技,39.35719971886925,51.57082417443911,47.96592764378797,47.37670849750182
313,其他能源,219,300932.SZ,三友联众,39.34908774707045,50.22173030451456,48.058041224867154,48.576995408460796
314,其他能源,220,02798.HK,PER ENERGY,39.3414118169502,51.57082417443911,47.04144807043,47.4073405771426
315,其他能源,221,920062.BJ,科润智控,39.33631600233649,51.57082417443911,44.65337325875041,49.15025768879021
316,其他能源,222,00689.HK,EPI (HOLDINGS),39.336224112377124,51.57082417443911,47.04144807043,47.500692382111154
317,其他能源,223,01393.HK,HIDILI INDUSTRY,39.31775645808031,55.799848025055006,47.04144807043,42.32456704289928
318,其他能源,224,600339.SH,中油工程,39.313015820208115,51.57082417443911,43.689365029807405,49.78451531928233
319,其他能源,225,688778.SH,厦钨新能,39.284075560169136,53.420647083631664,48.42921698976225,44.59313025720333
321,其他能源,226,00579.HK,JNCEC,39.273908149419505,51.57082417443911,44.49229179937582,48.80142328318349
323,其他能源,227,300390.SZ,天华新能,39.25958571506066,51.57082417443911,52.54180780790255,44.80424685924836
324,其他能源,228,002546.SZ,新联电子,39.25934093805788,51.57082417443911,52.12069878430468,44.54659835001918
325,其他能源,229,01938.HK,CHU KONG PIPE,39.24534086254417,51.57082417443911,47.04144807043,47.247182806710654
326,其他能源,230,301292.SZ,海科新源,39.244153229797526,51.57082417443911,47.54483065989871,47.2899459018219
327,其他能源,231,301179.SZ,泽宇智能,39.238036265900845,51.57082417443911,53.01243023966377,43.87325212277018
328,其他能源,232,00666.HK,REPT BATTERO,39.23484776272083,51.57082417443911,44.67299219706694,48.715513776667386
329,其他能源,233,301082.SZ,久盛电气,39.223073274403504,51.57082417443911,52.0177060746706,44.80800028894621
331,其他能源,234,600777.SH,*ST新潮,39.19755874026296,50.980297797353245,47.11860211833029,47.91000177888601
332,其他能源,235,300751.SZ,迈为股份,39.1939964876211,51.57082417443911,51.76921475429295,44.6331497945762
333,其他能源,236,002709.SZ,天赐材料,39.19365783579829,51.57082417443911,46.29950332455536,48.140819782823954
334,其他能源,237,01733.HK,E-COMMODITIES,39.18301537448303,51.57082417443911,47.04144807043,47.183929354472106
335,其他能源,238,603659.SH,璞泰来,39.179076864424346,51.57082417443911,46.02227703229314,48.16742901847523
336,其他能源,239,002692.SZ,远程股份,39.17180183304563,51.57082417443911,52.93714720660707,44.612365769986205
337,其他能源,240,300185.SZ,通裕重工,39.167879328410656,51.57082417443911,51.65975878439666,44.737317645381175
338,其他能源,241,00467.HK,UNITEDENERGY GP,39.164342660324024,51.57082417443911,47.04144807043,46.99943797794113
340,其他能源,242,301210.SZ,金杨精密,39.13561874141604,51.57082417443911,47.0754393459137,47.296474912889586
342,其他能源,243,688392.SH,骄成超声,39.12776057723263,51.57082417443911,47.239656015282385,47.401791556382356
344,其他能源,244,00451.HK,GCL NEWENERGY,39.12558326188405,52.5532978704732,44.4013976858635,46.18075298938549
346,其他能源,245,01277.HK,KINETIC DEV,39.1160533655654,51.682420699247324,47.04144807043,46.69987788614054
347,其他能源,246,301040.SZ,中环海陆,39.10866631098244,51.57082417443911,53.01124546760991,43.75455426312798
348,其他能源,247,002196.SZ,方正电机,39.108463511466255,51.967801726126076,45.001498193930374,47.51667629290273
350,其他能源,248,300207.SZ,欣旺达,39.06890849010014,51.57082417443911,46.424092141228755,47.39928192154609
351,其他能源,249,00061.HK,GREEN LEADER,39.06755454059427,51.57082417443911,47.04144807043,46.52552140761907
352,其他能源,250,603507.SH,振江股份,39.05892270532594,51.57082417443911,56.22711957809271,42.50771318620304
353,其他能源,251,03395.HK,JX ENERGY,39.05266903342436,51.57082417443911,47.04144807043,46.4749185591711
354,其他能源,252,03800.HK,GCL TECH,39.04731902531699,51.57082417443911,44.75541544611746,47.86220679282446
355,其他能源,253,300593.SZ,新雷能,39.040598593237064,51.57082417443911,46.41256756577444,47.28596084662853
356,其他能源,254,688551.SH,科威尔,39.02783155966762,48.840236773514064,54.88141270841737,45.472898672253194
359,其他能源,255,300617.SZ,安靠智电,39.02032926003917,52.02443259755838,54.42049699071948,42.86911809564906
360,其他能源,256,00042.HK,NE ELECTRIC,39.017575775964175,51.57082417443911,47.04144807043,46.377788397248175
362,其他能源,257,301295.SZ,美硕科技,39.008827271877465,51.57082417443911,45.411205118655985,47.875882221327394
364,其他能源,258,002927.SZ,泰永长征,38.975966482343466,52.222048308562385,50.14597690258931,43.910638591992736
365,其他能源,259,600475.SH,华光环能,38.97214556775272,51.68713648191105,46.784603879219475,46.84533729403245
367,其他能源,260,603985.SH,恒润股份,38.95995826297019,51.43404377371119,43.97125866253931,48.16749532425978
368,其他能源,261,300904.SZ,威力传动,38.956521433218995,51.57082417443911,52.5572693376982,43.48270191065058
369,其他能源,262,301325.SZ,曼恩斯特,38.93584089923661,51.57082417443911,49.26823106337798,45.19110551237105
371,其他能源,263,301587.SZ,中瑞股份,38.89764998969076,51.95006514453968,46.85679639406319,45.98214372214213
373,其他能源,264,301152.SZ,天力锂能,38.882046813844475,51.57082417443911,47.182513175010556,46.39194208872977
374,其他能源,265,300410.SZ,正业科技,38.87422521341016,51.57082417443911,44.7103374388497,47.698088595513006
375,其他能源,266,300444.SZ,双杰电气,38.86646497435234,51.57082417443911,52.30087810745528,43.632827253136995
376,其他能源,267,688472.SH,阿特斯,38.85152836909588,51.48299602627667,43.9933786058709,47.91385110300497
377,其他能源,268,920414.BJ,欧普泰,38.844184389110616,51.57082417443911,47.152811897566295,45.966247566596444
379,其他能源,269,03868.HK,XINYI ENERGY,38.82364070581371,51.57082417443911,47.11859889627299,46.01427743601291
381,其他能源,270,601865.SH,福莱特,38.80926835786232,51.57082417443911,44.92375367804023,47.60284045610219
384,其他能源,271,002129.SZ,TCL中环,38.790950305810405,50.959741403439935,52.614596343024886,43.417524939502336
385,其他能源,272,301502.SZ,华阳智能,38.786421364349245,51.57082417443911,55.281087287158506,42.262327961990565
386,其他能源,273,688408.SH,中信博,38.78333123242633,51.57082417443911,47.813530260025765,46.00059356296507
387,其他能源,274,002616.SZ,长青集团,38.780456421554305,51.69177957162571,48.518825935242454,44.513946959245615
388,其他能源,275,00196.HK,HONGHUA GROUP,38.778073913478515,52.31185649166931,44.674134356775426,45.30321386091256
389,其他能源,276,002276.SZ,万马股份,38.776007413960784,51.57082417443911,43.94444347054351,48.08626803073047
391,其他能源,277,002358.SZ,森源电气,38.75808867459316,51.57082417443911,50.30163086337853,44.17000374667092
394,其他能源,278,300510.SZ,金冠股份,38.74046024191673,52.15905867619415,43.76768537341213,46.31657360513926
395,其他能源,279,920523.BJ,德瑞锂电,38.72439405735333,51.57082417443911,44.85680113997165,46.85252860319268
397,其他能源,280,03668.HK,YANCOAL AUS,38.71313090938135,51.57082417443911,47.04144807043,45.45654226198264
398,其他能源,281,600110.SH,诺德股份,38.708347637563946,51.57082417443911,44.83509931380878,47.144291229562036
399,其他能源,282,003021.SZ,兆威机电,38.69846206375511,51.57082417443911,47.26913200113253,45.8001180175563
400,其他能源,283,605066.SH,天正电气,38.698076289636326,51.57082417443911,45.606665141749815,46.84987062421901
401,其他能源,284,688681.SH,科汇股份,38.6807766482529,51.57082417443911,46.430464339376066,46.54220446477152
402,其他能源,285,300933.SZ,中辰股份,38.67361553186242,51.57082417443911,45.55006696756754,46.666778618659244
403,其他能源,286,605222.SH,起帆电缆,38.67352081750463,51.57082417443911,45.09513788724643,47.16650140094198
405,其他能源,287,600580.SH,卧龙电驱,38.65561719539019,51.57082417443911,45.86085500630776,46.680068319861064
406,其他能源,288,603050.SH,科林电气,38.649757755599865,51.57082417443911,45.59874410889946,46.8040210615682
407,其他能源,289,002060.SZ,广东建工,38.648698471027934,51.57082417443911,46.905141589151036,45.521869930687814
409,其他能源,290,000601.SZ,韶能股份,38.62768381963926,51.57082417443911,43.72769506345531,47.432191715070296
411,其他能源,291,002865.SZ,钧达股份,38.61230281281938,53.46927697512582,43.310929503929806,44.944244973709125
412,其他能源,292,603070.SH,万控智造,38.6036960871798,51.57082417443911,45.05261902319875,46.99791240010382
413,其他能源,293,600212.SH,绿能慧充,38.60281712270047,53.512716557509606,45.07761780130692,44.06743752203883
414,其他能源,294,688567.SH,孚能科技,38.59172026701696,51.57082417443911,45.09173941765663,46.763443252639355
416,其他能源,295,688516.SH,奥特维,38.572785892396105,51.57082417443911,52.03169664746683,43.28639708995341
417,其他能源,296,300316.SZ,晶盛机电,38.56909245911719,51.57082417443911,54.32335838676789,41.90390107712904
418,其他能源,297,920375.BJ,派诺科技,38.56062497811735,51.57082417443911,45.15072824904497,46.062252181697026
419,其他能源,298,603320.SH,迪贝电气,38.55104877584998,51.72686706536196,46.58358109543211,45.68803229185185
420,其他能源,299,002801.SZ,微光股份,38.547491419694836,51.57082417443911,46.74138444319946,45.93635605788609
421,其他能源,300,600458.SH,时代新材,38.539133343462474,51.57082417443911,45.18141849942279,46.63830602542235
422,其他能源,301,603727.SH,博迈科,38.53596200464787,51.57082417443911,48.67410987389289,44.95517577444808
423,其他能源,302,00228.HK,CHINA ENERGY,38.52847743676496,51.57082417443911,47.04144807043,45.09087179545951
424,其他能源,303,000875.SZ,电投绿能,38.52844630310953,51.71353436536595,46.010585864728725,45.434719156281204
426,其他能源,304,01608.HK,VPOWER GROUP,38.50001087789796,51.57082417443911,47.04144807043,44.89522750949951
427,其他能源,305,00384.HK,CHINA GAS HOLD,38.49727990044534,48.08865161015429,47.04144807043,48.71138953337695
428,其他能源,306,601218.SH,吉鑫科技,38.48568246822252,51.57082417443911,44.02390041879117,47.21868827225501
429,其他能源,307,600152.SH,维科技术,38.4835383583889,51.57082417443911,46.05728243368238,45.928522381324825
431,其他能源,308,08132.HK,CENTURY EN INTL,38.472514094130595,51.57082417443911,47.04144807043,44.630839579136406
432,其他能源,309,002471.SZ,中超控股,38.44936985010865,51.57082417443911,45.39899906422123,46.18382864100483
433,其他能源,310,600925.SH,苏能股份,38.44759277716403,47.56164816156147,43.639024191083806,50.732932088978245
436,其他能源,311,600884.SH,杉杉股份,38.41765476083204,51.57082417443911,53.83533513706538,42.35046671111509
437,其他能源,312,01798.HK,DATANG RENEW,38.386913596582836,51.90649140692867,45.62113577241466,44.33784836328375
438,其他能源,313,00686.HK,BJ ENERGY INTL,38.37860462752283,51.57082417443911,47.04144807043,44.69886896675487
439,其他能源,314,688032.SH,禾迈股份,38.362810129486796,52.15450011767491,46.70496299291872,43.7967615917305
440,其他能源,315,301012.SZ,扬电科技,38.35953983032103,51.57082417443911,43.362267811052305,46.811570424315214
441,其他能源,316,03337.HK,ANTON OILFIELD,38.338564801034146,47.55815336632782,47.437686168085456,48.59599072366657
442,其他能源,317,00182.HK,CONCORD NE,38.326541491907754,51.51133848640684,47.04144807043,44.32703375650465
443,其他能源,318,603333.SH,尚纬股份,38.325051777652696,51.57082417443911,44.98448958467769,45.901627085314296
445,其他能源,319,000692.SZ,惠天热电,38.31259277031672,51.57082417443911,51.967416881908505,41.573842674944096
446,其他能源,320,01251.HK,SPT ENERGY,38.30199083600379,51.57082417443911,47.04144807043,44.37680250675992
448,其他能源,321,300842.SZ,帝科股份,38.26059723881513,51.57082417443911,45.86672829068505,45.41750387420367
450,其他能源,322,002459.SZ,晶澳科技,38.22293294074074,51.707990001685424,47.40200215429028,42.63710922666438
451,其他能源,323,601611.SH,中国核建,38.21707780424583,51.57082417443911,45.49395757664624,45.437397625444376
455,其他能源,324,00975.HK,MONGOL MINING,38.200692918000605,51.57082417443911,47.04144807043,44.230559235205895
456,其他能源,325,600151.SH,航天机电,38.18582409370895,51.57082417443911,44.88576028945202,45.743964541839496
457,其他能源,326,300713.SZ,英可瑞,38.18273139622086,51.57082417443911,52.65182435738895,41.977631765613076
458,其他能源,327,01799.HK,XINTE ENERGY,38.180598399608066,51.57082417443911,44.34361616186464,45.66382418938821
459,其他能源,328,301226.SZ,祥明智能,38.17318252208497,51.57082417443911,51.96344613233013,41.87510603642744
460,其他能源,329,603728.SH,鸣志电器,38.16896726080123,51.57082417443911,44.218002312948215,46.03313071914658
461,其他能源,330,603063.SH,禾望电气,38.166543293886384,46.30940782790549,43.85262105868299,51.256038745007615
462,其他能源,331,301232.SZ,飞沃科技,38.160942543694226,51.57082417443911,45.778335514292884,45.263600162639875
463,其他能源,332,301516.SZ,中远通,38.12846701552554,51.57082417443911,43.13016389528619,46.27548328785687
467,其他能源,333,605196.SH,华通线缆,38.09083500499033,51.57082417443911,44.72452882486003,45.5697960800418
468,其他能源,334,300376.SZ,易事特,38.089316020134724,48.17021194636589,47.326394827657445,47.11545683287548
469,其他能源,335,00819.HK,TIANNENG POWER,38.083479416645076,48.4492334104092,44.50084247138264,48.153343514895
471,其他能源,336,688116.SH,天奈科技,38.06480925131154,51.658791917704825,44.928689276473925,45.24452114919932
472,其他能源,337,01713.HK,SICHUAN EN INV,38.05407360976402,50.61897401027637,47.23457215788579,44.0556709220355
475,其他能源,338,688226.SH,威腾电气,38.031858330640304,51.57082417443911,45.46817704668879,44.96564098188642
476,其他能源,339,603829.SH,洛凯股份,38.030500889757676,51.57082417443911,45.71458068757623,44.89656489523653
478,其他能源,340,688390.SH,固德威,38.01745595044453,50.52558114662418,43.66603869788219,46.55055691641423
479,其他能源,341,688616.SH,西力科技,37.99337435921091,51.57082417443911,46.63708867838047,44.33095287586236
480,其他能源,342,00295.HK,KONG SUN HOLD,37.98435702922578,51.57082417443911,47.04144807043,43.30694531906162
483,其他能源,343,02012.HK,SUNSHINE OIL,37.960215627228415,51.57082417443911,47.04144807043,42.887887821138385
484,其他能源,344,600032.SH,浙江新能,37.935458652201476,52.181049134014145,42.74442710846537,44.86610928225522
485,其他能源,345,603628.SH,清源股份,37.88170512990738,51.57082417443911,44.41014566706686,45.07872362218738
486,其他能源,346,300443.SZ,金雷股份,37.87209099222624,51.57082417443911,47.95926139143759,42.68793416114591
487,其他能源,347,600478.SH,科力远,37.85205522835226,51.57082417443911,44.497354144604266,44.63355498748865
488,其他能源,348,688499.SH,利元亨,37.84577514460974,51.57082417443911,49.75415451325532,42.34540301477117
489,其他能源,349,920985.BJ,海泰新能,37.84021169795877,51.57082417443911,44.411592398923915,43.84598663622551
490,其他能源,350,688663.SH,新风光,37.833833392107124,51.57082417443911,46.094643452079445,44.176556140629664
491,其他能源,351,603191.SH,望变电气,37.83236040954054,51.57082417443911,44.28185157750055,44.773918428969324
492,其他能源,352,600416.SH,湘电股份,37.82029421354058,51.57082417443911,45.50892269061005,44.379274447073044
493,其他能源,353,301168.SZ,通灵股份,37.79844339176343,51.57082417443911,43.877289871895826,45.17060480335741
494,其他能源,354,00639.HK,SHOUGANG RES,37.76867772215973,51.57082417443911,47.04144807043,43.099738744749104
495,其他能源,355,688191.SH,智洋创新,37.76115409342003,51.57082417443911,44.184339758512635,44.87282201027141
496,其他能源,356,301327.SZ,华宝新能,37.71962822344914,51.57082417443911,43.41576547005678,44.66473775544813
497,其他能源,357,603097.SH,江苏华辰,37.71644922481733,51.57082417443911,45.01583226315878,44.31277615192114
498,其他能源,358,601619.SH,嘉泽新能,37.70859282906087,51.8801022141698,43.15432469350052,44.408423212239185
499,其他能源,359,920152.BJ,昆工科技,37.706048655391335,51.57082417443911,45.28394249442811,42.93486710726734
500,其他能源,360,600379.SH,宝光股份,37.70425057560171,51.57082417443911,44.00506291909978,44.78261111260112
501,其他能源,361,08270.HK,CHINA CBM,37.67688757935191,51.57082417443911,47.04144807043,42.246982756610755
502,其他能源,362,300626.SZ,华瑞股份,37.64696913849911,51.57082417443911,44.863023833803176,44.07999312747402
503,其他能源,363,301487.SZ,盟固利,37.61476471863948,51.57082417443911,45.787772737857615,43.143462227330126
504,其他能源,364,300670.SZ,大烨智能,37.602515895136506,51.57082417443911,53.3220388192366,39.109328679818304
506,其他能源,365,603016.SH,新宏泰,37.55522298488673,51.57082417443911,47.339656153450235,42.726034369510536
507,其他能源,366,00065.HK,GRAND OCEAN AR,37.54603626984636,51.57082417443911,47.04144807043,41.993421160883045
508,其他能源,367,603489.SH,八方股份,37.535348024269375,51.57082417443911,45.082634351907345,43.68603310862512
509,其他能源,368,00206.HK,CM-ENERGY,37.53142593607144,45.21047235472698,47.04144807043,48.95783976167655
510,其他能源,369,920556.BJ,雅达股份,37.51383348550829,51.57082417443911,45.55077144523648,42.45321497456838
511,其他能源,370,603988.SH,中电电机,37.508315569003905,51.57082417443911,44.14390066475113,44.11169293463424
512,其他能源,371,600869.SH,远东股份,37.48944536922033,51.57082417443911,43.25790612876181,44.44281998836673
513,其他能源,372,300105.SZ,龙源技术,37.489185549239544,48.40771586403122,52.08966439184572,42.756272144387744
514,其他能源,373,601700.SH,风范股份,37.47608138867939,51.57082417443911,44.85666706133469,43.68022026459556
515,其他能源,374,300340.SZ,科恒股份,37.40433775850449,51.57082417443911,47.77670468951443,41.551874373888346
516,其他能源,375,300051.SZ,琏升科技,37.395266454795156,51.57082417443911,48.69379690788643,41.248586646114276
517,其他能源,376,603861.SH,白云电器,37.39259558312668,48.499253728591505,51.615788118290965,42.220857504303964
518,其他能源,377,603798.SH,康普顿,37.38819347066114,51.57082417443911,44.43350185520854,43.45708622576027
519,其他能源,378,600468.SH,百利电气,37.33214674343255,51.57082417443911,43.85194891629946,43.813380342078304
520,其他能源,379,605378.SH,野马电池,37.26490217536836,51.57082417443911,45.54884073980077,42.76458565317496
521,其他能源,380,688707.SH,振华新材,37.25692862750437,51.57082417443911,45.1512689185996,42.8993943395733
522,其他能源,381,605011.SH,杭州热电,37.25461531343252,42.69269077472767,44.67359596185206,51.27672073541513
523,其他能源,382,301349.SZ,信德新材,37.24617141204609,51.57082417443911,54.70419019505083,37.36437542084325
524,其他能源,383,603577.SH,汇金通,37.22938392969133,51.57082417443911,44.15744157015824,43.36611636601443
525,其他能源,384,600868.SH,梅雁吉祥,37.21423920306082,51.57082417443911,44.48957679104607,42.906669697459435
526,其他能源,385,688598.SH,金博股份,37.200819435044224,51.57082417443911,55.69534142078314,37.7480944822323
527,其他能源,386,605162.SH,新中港,37.18878459876722,44.22023162527267,48.85465813541456,47.88696760220261
528,其他能源,387,600167.SH,联美控股,37.16943233392835,40.87937931613564,50.51303620343405,51.27426211088008
529,其他能源,388,688719.SH,爱科赛博,37.14779823818885,51.57082417443911,46.99342718400946,41.58611507784541
530,其他能源,389,688348.SH,昱能科技,37.14012619362341,51.57082417443911,45.43392812777049,42.0070263487913
532,其他能源,390,603026.SH,石大胜华,37.09165822786814,51.57082417443911,44.88382375851034,42.54212179280389
533,其他能源,391,603618.SH,杭电股份,37.08085658446699,51.94282098924784,50.86978810870247,39.008006406491376
534,其他能源,392,688638.SH,誉辰智能,37.07912261728596,51.57082417443911,45.825263259767446,41.94102112205698
536,其他能源,393,603819.SH,神力股份,37.038071127205214,51.57082417443911,44.042225996308204,42.801382427317485
537,其他能源,394,601868.SH,中国能建,37.03694813646031,48.18757289595784,43.83133976677896,45.69927864781176
538,其他能源,395,688275.SH,万润新能,37.01035639925926,51.57082417443911,44.91903660523551,42.11054750875996
539,其他能源,396,002706.SZ,良信股份,36.983442633682955,45.18845357230265,45.75525051608424,47.8420684648175
540,其他能源,397,600979.SH,广安爱众,36.9436596544495,51.57082417443911,44.32514852384098,42.31945037366231
541,其他能源,398,300776.SZ,帝尔激光,36.92939450363479,45.49825798230778,48.25232509074444,45.87024212178703
543,其他能源,399,688733.SH,壹石通,36.90705805407461,51.57082417443911,45.584681179521326,41.56264407120057
545,其他能源,400,688556.SH,高测股份,36.873098018377014,51.57082417443911,44.89731407347827,41.713510785154796
546,其他能源,401,600719.SH,大连热电,36.85357183918722,51.57082417443911,48.473248309458825,40.20769342186689
548,其他能源,402,603806.SH,福斯特,36.83394481548134,51.57082417443911,44.946939406462675,41.70164461454731
550,其他能源,403,603906.SH,龙蟠科技,36.774499172717036,51.961245772445146,45.0161874715152,40.67073984851855
553,其他能源,404,600847.SH,万里股份,36.67093988189541,51.57082417443911,44.41069425710212,41.43352483667457
554,其他能源,405,600725.SH,云维股份,36.595158017912446,51.57082417443911,47.186524823008604,40.062349177198776
555,其他能源,406,688339.SH,亿华通,36.58838335665692,50.869604972540515,49.940071158366685,38.57256205309982
556,其他能源,407,00968.HK,XINYI SOLAR,36.53462516305091,45.350749083953524,47.04144807043,45.40721488187939
557,其他能源,408,688680.SH,海优新材,36.525060889008095,51.57082417443911,47.20591704027142,39.78533401466107
560,其他能源,409,300769.SZ,德方纳米,36.43882762509902,52.64143412799387,44.42525128251077,38.173062949171175
561,其他能源,410,300423.SZ,昇辉科技,36.39933913744957,51.57082417443911,51.09142111339724,37.362678521434155
562,其他能源,411,603212.SH,赛伍技术,36.36049491222097,51.57082417443911,44.76510524383183,40.29898290775413
563,其他能源,412,01250.HK,SDHS NEW ENERGY,36.340130713820535,44.3225349541552,44.9036748056714,46.91396766877418
564,其他能源,413,603032.SH,德新科技,36.338681421472444,51.57082417443911,44.010905057677356,40.750932601696945
565,其他能源,414,600397.SH,江钨装备,36.32178412418686,51.57082417443911,44.598305062898035,39.944228756248876
566,其他能源,415,01738.HK,FS ANTHRACITE,36.28162759765101,51.57082417443911,47.04144807043,38.296155825540374
567,其他能源,416,600207.SH,安彩高科,36.11195721066642,51.57082417443911,43.30121650569253,40.40330860622871
569,其他能源,417,00934.HK,SINOPEC KANTONS,35.97321710973351,51.57082417443911,47.04144807043,37.46503392110904
570,其他能源,418,300490.SZ,华自科技,35.971218566090776,51.57082417443911,46.28960713642907,38.23520241256342
571,其他能源,419,601616.SH,广电电气,35.949953672641655,51.57082417443911,45.44469682984667,39.00772064462029
573,其他能源,420,600241.SH,时代万恒,35.930245349926295,51.57082417443911,55.5606842926747,34.38903754376039
574,其他能源,421,600732.SH,爱旭股份,35.81407760338876,49.37044002885663,44.138751064972965,39.85597658134663
575,其他能源,422,688573.SH,信宇人,35.76978169382915,51.57082417443911,46.9693325244633,37.55845148361704
576,其他能源,423,688148.SH,芳源股份,35.753099703090605,51.57082417443911,43.675880996044114,39.149840478225
577,其他能源,424,300393.SZ,中来股份,35.724968778222696,51.57082417443911,46.656028895717796,36.62126369938489
579,其他能源,425,688353.SH,华盛锂电,35.439715499489054,51.57082417443911,45.516249674566744,37.40756096010388
580,其他能源,426,00332.HK,YUANHENG GAS,35.43673011091237,44.3225349541552,47.04144807043,42.823602991357
581,其他能源,427,300080.SZ,易成新能,35.382818940352436,51.57082417443911,44.846287278054724,37.64095010362549
582,其他能源,428,601666.SH,平煤股份,35.34125292558954,33.41414790475737,59.51806656703335,48.80363270300268
583,其他能源,429,600192.SH,长城电工,35.2370372614273,51.57082417443911,45.12032333401799,36.953635790648
584,其他能源,430,601908.SH,京运通,35.09465970422436,51.57082417443911,45.19433415159079,36.43008157939542
586,其他能源,431,688560.SH,明冠新材,34.98322673269069,51.57082417443911,43.438668740531575,36.77195797139091
588,其他能源,432,600481.SH,双良节能,34.878993735896444,47.21896209472639,43.064267443408845,39.55516499440763
589,其他能源,433,06885.HK,JINMA ENERGY,34.73251317235495,39.34153935334046,47.04144807043,47.19454025266469
594,其他能源,434,00600.HK,AXERA,33.04553310060094,33.744406168790086,47.04144807043,49.21175264194136
596,其他能源,435,600405.SH,动力源,32.21534676293469,51.57082417443911,47.01920860159954,26.98939136383592
599,其他能源,436,000531.SZ,穗恒运Ａ,31.62381467833279,16.596069794275703,69.77317485337616,51.83639618701302
600,其他能源,437,002479.SZ,富春环保,31.274650409971755,22.918254396816867,56.08820351047912,48.14758951497171
602,其他能源,438,02380.HK,CHINA POWER,30.26621375477977,27.919252470019707,47.27361838918585,45.307742979065374
604,其他能源,439,00003.HK,HK & CHINA GAS,0.0,0.0,0.0,0.0
1,新能源材料,1,002259.SZ,升达林业,45.49094694650947,51.57082417443911,47.51532261068568,66.03545636929188
5,新能源材料,2,000819.SZ,岳阳兴长,43.636344309486766,57.45172162127769,47.91779197552886,54.27448308618988
7,新能源材料,3,002056.SZ,横店东磁,43.5111278502918,51.57082417443911,66.40315892106207,49.65532248929391
14,新能源材料,4,300491.SZ,通合科技,42.83476267403139,52.03342970007941,63.04648873492131,49.31173714627974
15,新能源材料,5,300820.SZ,英杰电气,42.80263952747444,59.60836919977385,56.47929584011809,44.92550568527735
16,新能源材料,6,603080.SH,新疆火炬,42.779806894196156,51.57082417443911,51.65250481420676,55.99063251997421
17,新能源材料,7,301358.SZ,湖南裕能,42.721539372426754,54.38143037169818,58.07535458324855,49.81657958023306
18,新能源材料,8,605117.SH,德业股份,42.695174824043555,52.15012765085705,52.6935936770837,54.96962020434369
195,核电,1,002366.SZ,融发核电,40.018255155075394,51.57082417443911,49.104926520218854,48.76522986892893
452,核电,2,601985.SH,中国核电,38.21647339297352,52.12434218183829,44.90613808692889,44.69376483576435
2,水电,1,002039.SZ,黔源电力,45.156906449860855,51.57082417443911,55.047538191961074,62.33904473477775
6,水电,2,600674.SH,川投能源,43.53709311811508,51.659164523324065,65.14698803905873,51.43576632866407
21,水电,3,600900.SH,长江电力,42.51901794443635,52.58785928459973,54.36486720696547,53.17498930772612
48,水电,4,000899.SZ,赣能股份,41.716239244759834,51.57082417443911,56.71705966939998,49.96709164638424
88,水电,5,000993.SZ,闽东电力,41.17167932837588,51.57082417443911,51.22048117726209,51.49648518460301
159,水电,6,600025.SH,华能水电,40.37628146706527,51.57082417443911,47.79248487610343,50.897218354910514
345,水电,7,600236.SH,桂冠电力,39.11972246258417,45.2371057734143,52.76018454872791,51.447180529308035
349,水电,8,600116.SH,三峡水利,39.08996518356656,51.57082417443911,44.3915055415796,48.75148461957055
372,水电,9,600969.SH,郴电国际,38.88393497203356,51.885185021596854,42.864987376235945,48.37113974843386
587,水电,10,600905.SH,三峡能源,34.909417569418764,42.95821864180957,48.27223648940502,42.03338578021033
40,火电,1,002221.SZ,东华能源,41.822086981846276,51.57082417443911,53.210938757893985,52.51582794794408
43,火电,2,600406.SH,国电南瑞,41.78545965081765,51.57082417443911,49.69457669899933,54.11780411005063
67,火电,3,600726.SH,华电能源,41.37737064954302,51.57082417443911,44.37303247000321,55.18594327353115
182,火电,4,600642.SH,申能股份,40.17319071318066,51.64929938730675,47.73742822373008,50.08713195465461
210,火电,5,300069.SZ,金利华电,39.90023909158502,51.57082417443911,53.43313881846019,46.04651053785613
227,火电,6,600863.SH,华能蒙电,39.838236942572394,51.57082417443911,45.47915653293978,50.37433590655338
231,火电,7,600027.SH,华电国际,39.79960092554621,51.57082417443911,45.6685563907817,50.31781165713564
286,火电,8,600396.SH,华电辽能,39.509243096480446,51.57082417443911,47.1865410760592,48.43400794407178
301,火电,9,600886.SH,国投电力,39.43862724059888,51.89940548425521,49.03715940230983,46.98020192188131
306,火电,10,000600.SZ,建投能源,39.412054581699074,48.363783648149635,45.45520503666671,52.595875648844924
320,火电,11,600268.SH,国电南自,39.282212614500764,51.57082417443911,46.15569427893692,48.463312078675855
341,火电,12,600795.SH,国电电力,39.1340777417052,42.17851926063006,62.65150130364997,49.07442139945441
382,火电,13,601669.SH,中国电建,38.80651936612503,51.57082417443911,44.42835243595158,47.77218511439175
470,火电,14,001896.SZ,豫能控股,38.08313813903688,51.57082417443911,50.97733531118427,42.527942554360855
473,火电,15,601991.SH,大唐发电,38.039102981628474,40.799374660961284,60.90221899929915,48.18434478407062
474,火电,16,000539.SZ,粤电力Ａ,38.03269346701209,51.57082417443911,43.40244982261359,45.54468369613512
531,火电,17,600578.SH,京能电力,37.113340282158696,47.22642845623184,44.784825096730344,46.33259990942867
592,火电,18,000543.SZ,皖能电力,34.2347806171537,38.45213343304946,46.64274812288911,46.54192175288825
598,火电,19,000027.SZ,深圳能源,31.85199717813859,29.45931833338617,49.88959006583309,46.96493651722327
601,火电,20,600023.SH,浙能电力,30.503547715228684,23.659725161878946,46.55007744360181,49.47705889401155
603,火电,21,600744.SH,华银电力,29.971284601661086,24.955080121737268,45.375313520980825,47.722910355236856
12,煤炭,1,601225.SH,陕西煤业,43.003042660827276,43.88703510038059,68.07724706603605,58.43321182078507
236,煤炭,2,600188.SH,兖矿能源,39.77895141660491,51.57082417443911,48.85353535232358,48.169287885102534
366,煤炭,3,600395.SH,盘江股份,38.966206015907886,51.57082417443911,44.04412272351034,48.496686646618436
558,煤炭,4,000937.SZ,冀中能源,36.47262800771351,40.89640766847456,58.19172943023091,42.95056348340565
559,煤炭,5,601001.SH,晋控煤业,36.45830558656457,41.68229001937985,48.34518152125372,48.811806568555234
578,煤炭,6,601088.SH,中国神华,35.454048478979104,42.636293730670864,44.8876782183578,46.603537657385644
3,燃气,1,603689.SH,皖天然气,44.40108845804479,55.23779794028804,51.35449662344017,57.967748354203955
4,燃气,2,002911.SZ,佛燃能源,43.732843866082334,51.57082417443911,50.63315645111885,59.833054568813665
29,燃气,3,600917.SH,重庆燃气,42.15334172261099,51.554764187156216,58.87653941794354,50.434172451670555
34,燃气,4,300483.SZ,首华燃气,42.05143525849982,51.57082417443911,48.69414588609587,55.77915066351795
35,燃气,5,605169.SH,洪通燃气,42.00005644164851,51.57082417443911,47.76379664990378,55.5474604670377
39,燃气,6,920010.BJ,凯添燃气,41.87585730331603,51.57082417443911,52.13550214460691,53.39361087798477
64,燃气,7,600803.SH,新奥股份,41.42919715113647,52.26565583126652,53.23437601113791,50.01726226400152
73,燃气,8,603053.SH,成都燃气,41.30992360773635,51.967702002361,46.083265492481296,53.95351267863702
96,燃气,9,002267.SZ,陕天然气,41.07744772981823,51.69570300385293,52.470090560954645,50.14674803132241
114,燃气,10,601139.SH,深圳燃气,40.81397404398339,51.57082417443911,52.53672061700388,49.79618980031095
115,燃气,11,603393.SH,新天然气,40.81395237026963,51.57082417443911,47.18654139375171,52.23142914020234
129,燃气,12,605368.SH,蓝天燃气,40.67203309487277,51.57082417443911,47.10779957558668,51.88351594939747
408,燃气,13,603318.SH,水发燃气,38.647395518641645,51.57082417443911,43.47929894994957,47.96063231134298
464,燃气,14,600903.SH,贵州燃气,38.126838550517235,51.87937576092447,42.4984801919687,46.17210546314617
552,燃气,15,600333.SH,长春燃气,36.73783601340544,51.57082417443911,44.342229856423806,41.77291761850829
8,电力电缆,1,603606.SH,东方电缆,43.308930979417994,51.57082417443911,50.62167282813065,58.26837237646415
74,电力电缆,2,002300.SZ,太阳电缆,41.304342060947256,52.272230778115485,52.16050337771911,50.569917064141464
116,电力电缆,3,002498.SZ,汉缆股份,40.80000834500993,51.57082417443911,51.90637019681228,49.865172358745184
378,电力电缆,4,600973.SH,宝胜股份,38.83617386657184,51.57082417443911,44.58433685455767,47.77456243414104
9,电力设备,1,002560.SZ,通达股份,43.21284843026879,55.657014727550525,53.6853554646261,51.779771483041635
10,电力设备,2,002850.SZ,科达利,43.09884170438082,51.57082417443911,62.999429739952035,50.72310115860998
208,电力设备,3,600875.SH,东方电气,39.93598036873558,51.57082417443911,49.39252207881288,48.26591658634335
226,电力设备,4,002028.SZ,思源电气,39.84825386564484,52.031217598561895,42.80612187523236,51.501032821755174
309,电力设备,5,600312.SH,平高电气,39.39595742807728,51.57082417443911,46.95922776894254,48.33857463524095
363,电力设备,6,002121.SZ,科陆电子,38.97674384654614,51.57082417443911,53.01172579281794,43.054622078103655
390,电力设备,7,600550.SH,保变电气,38.75820564029152,51.57082417443911,45.15835934252584,47.2992909472588
453,电力设备,8,002339.SZ,积成电子,38.213652960364854,51.57082417443911,43.67581417961647,46.13265527145456
466,电力设备,9,601727.SH,上海电气,38.10562788315984,48.47743769355171,43.97670650026916,48.958760011873174
481,电力设备,10,000400.SZ,许继电气,37.97942685628897,47.258055594444706,45.61102718834498,49.01815791305632
593,电力设备,11,600089.SH,特变电工,33.628475514480265,36.98997160836775,47.205586883177126,45.625652061210104
87,石油石化,1,002493.SZ,荣盛石化,41.18396565542246,50.05145173460109,55.50463357977164,50.720425301460764
153,石油石化,2,000096.SZ,广聚能源,40.40940815797111,51.57082417443911,50.59729018410428,49.5608187953714
183,石油石化,3,603619.SH,中曼石油,40.145507464681714,51.57082417443911,46.9346935992918,50.60514043238021
343,石油石化,4,601857.SH,中国石油,39.12713381580818,49.99331668282897,46.07658022430176,49.103458389179416
361,石油石化,5,000703.SZ,恒逸石化,39.01721947231371,51.57082417443911,48.18860287455554,45.933521138357996
404,石油石化,6,603353.SH,和顺石油,38.65604613319571,51.57082417443911,46.65187506274632,46.28503799341223
410,石油石化,7,600688.SH,上海石化,38.61327611998893,48.26571061904771,54.158111040771615,44.63344771322243
425,石油石化,8,600871.SH,石化油服,38.50843637563977,51.23451116257231,46.28392133455749,44.858585474705784
447,石油石化,9,600346.SH,恒力石化,38.29700869583332,45.44124763471747,44.15219300509327,51.83434127944633
449,石油石化,10,600028.SH,中国石化,38.23696130002088,48.225038936350174,49.611368297302164,45.99110072182926
549,石油石化,11,000554.SZ,泰山石油,36.7832895274339,44.3225349541552,51.00787431185939,44.862803394195225
605,石油石化,12,601808.SH,中海油服,0.0,0.0,0.0,0.0
11,综合能源,1,301439.SZ,泓淋电力,43.014424393222015,55.24866846851152,59.57248703098359,48.18901570780903
19,综合能源,2,000690.SZ,宝新能源,42.64560867363383,52.47486473396167,57.830096795995466,51.96569415294817
20,综合能源,3,600681.SH,百川能源,42.6208763048169,51.57082417443911,44.6636223512418,59.28331821959162
25,综合能源,4,002828.SZ,贝肯能源,42.292553626938385,51.57082417443911,52.670444741341825,54.06948342028036
26,综合能源,5,605580.SH,恒盛能源,42.28861699314883,51.64311125188555,46.33825958257358,57.22984675257302
45,综合能源,6,001376.SZ,百通能源,41.77434941400839,51.57082417443911,52.9557365342489,52.47240617772066
76,综合能源,7,600101.SH,明星电力,41.28338524828802,51.96256814847382,45.150696999914814,54.405632290855024
100,综合能源,8,600508.SH,上海能源,40.959316947186764,54.43128190593945,54.77281759422673,45.51434199106845
127,综合能源,9,920046.BJ,亿能电力,40.70068315012418,51.57082417443911,54.09973954370027,48.2102906103654
133,综合能源,10,605090.SH,九丰能源,40.63468942562331,51.57082417443911,45.63741079839004,53.03982250575177
141,综合能源,11,000421.SZ,南京公用,40.533492807617336,51.57082417443911,54.000023496145,47.62735108173139
142,综合能源,12,001331.SZ,胜通能源,40.48873726848976,51.57082417443911,45.86067398213714,52.46922995100046
162,综合能源,13,002128.SZ,电投能源,40.362218841752885,48.85869760973301,58.2183879859915,47.717221201478054
175,综合能源,14,605028.SH,世茂能源,40.23780887628027,49.87908233989383,52.52619905430744,49.274344650746336
194,综合能源,15,920299.BJ,灿能电力,40.02147189840253,51.57082417443911,51.145540031301074,47.509187911687455
201,综合能源,16,001289.SZ,龙源电力,39.98287692551147,51.57082417443911,54.857138156057744,45.22891815019703
214,综合能源,17,688597.SH,煜邦电力,39.883397871522654,51.57082417443911,44.71665395075333,50.91763691360396
215,综合能源,18,000767.SZ,晋控电力,39.88299425502049,52.15440668927633,54.21084021070337,44.45024277776644
219,综合能源,19,603556.SH,海兴电力,39.86221381681068,51.57082417443911,52.12458405490031,47.2271963856969
221,综合能源,20,300332.SZ,天壕能源,39.85476339774059,51.57082417443911,52.80132012094437,46.18521012534451
224,综合能源,21,603530.SH,神马电力,39.85124732601266,51.57082417443911,47.88648236725722,49.25542152788603
235,综合能源,22,000966.SZ,长源电力,39.780363889344144,51.57082417443911,54.68395159059432,45.413991891095655
237,综合能源,23,601918.SH,新集能源,39.77564265041869,50.80403975039838,44.84922910136297,51.163820703001434
243,综合能源,24,920239.BJ,长虹能源,39.73917979169296,51.57082417443911,52.974601149239646,45.533694036820016
248,综合能源,25,600644.SH,乐山电力,39.71883987536496,51.57082417443911,43.84871573043425,50.92421139376154
254,综合能源,26,600157.SH,永泰能源,39.661946790910974,51.72601302881656,52.47954905062799,46.126505529032826
255,综合能源,27,000883.SZ,湖北能源,39.65940223669614,51.74558012360685,47.00911292924261,48.615844553202905
262,综合能源,28,601898.SH,中煤能源,39.622449139387186,51.57082417443911,47.23892253231332,48.64173501544869
263,综合能源,29,000723.SZ,美锦能源,39.62031274885798,51.57082417443911,45.33909879642979,49.916534745058634
264,综合能源,30,600452.SH,涪陵电力,39.61760931083229,51.57082417443911,46.69038110179594,48.84963053698336
272,综合能源,31,600635.SH,大众公用,39.58246439457146,48.39317483080592,51.22710104944652,49.608423643201334
276,综合能源,32,600256.SH,广汇能源,39.5551922151297,51.949460624272206,44.032212781870186,49.862248339687625
285,综合能源,33,600310.SH,广西能源,39.516144686384656,52.52052725087545,53.15934407360507,44.64970829560455
289,综合能源,34,600163.SH,中闽能源,39.49349169238636,52.18828296800145,42.51666041285527,50.32958366021838
300,综合能源,35,002700.SZ,万憬能源,39.44299338989029,51.57082417443911,50.97239034593443,45.813376433855304
339,综合能源,36,600617.SH,国新能源,39.15448158091809,51.57082417443911,44.65259571400248,48.75429786559613
357,综合能源,37,688717.SH,艾罗能源,39.027022824907036,51.57082417443911,45.9772080059087,47.584449824364036
358,综合能源,38,003035.SZ,南网能源,39.02285745482669,50.44993500656063,54.29747648489676,43.85936735961653
370,综合能源,39,600982.SH,宁波能源,38.90237708725272,51.95799928569062,44.98688133689057,47.250254365660254
380,综合能源,40,600505.SH,西昌电力,38.812679800087025,51.57082417443911,45.8538038493884,47.082447067623185
393,综合能源,41,600758.SH,辽宁能源,38.74254683290664,51.57082417443911,45.58566264720021,47.020393878888534
396,综合能源,42,600509.SH,天富能源,38.72149358592289,51.6724794559912,43.99581368839713,47.58883876494599
415,综合能源,43,000862.SZ,银星能源,38.583543720517476,51.42298024342903,43.21231041756491,47.309313337376366
430,综合能源,44,001258.SZ,立新能源,38.47717191922604,50.53614863760715,51.03349678831342,44.46355613582337
435,综合能源,45,600021.SH,上海电力,38.42167552641709,51.57082417443911,46.929647801359486,45.48351694333821
444,综合能源,46,000791.SZ,甘肃能源,38.3127592611398,43.12901155844924,57.33302181635005,48.54910077523581
454,综合能源,47,300438.SZ,鹏辉能源,38.20408841666456,48.8152667955886,44.03746718614333,48.475118241435425
482,综合能源,48,000537.SZ,绿发电力,37.9697989089956,51.57082417443911,44.85289187857114,44.821778506282236
535,综合能源,49,688429.SH,时创能源,37.077547115795824,51.57082417443911,47.85643057838361,41.09485413923526
544,综合能源,50,688303.SH,大全能源,36.90037153011012,48.969317472941576,60.09980359541802,35.48632955949152
547,综合能源,51,001299.SZ,美能能源,36.85301620232521,34.54490673534804,56.12897789111481,52.03148168218929
597,综合能源,52,600780.SH,通宝能源,32.005269617696975,27.219022961853547,42.97334083515077,52.423094306610096
42,风电,1,300129.SZ,泰胜风能,41.79382846653823,54.765871504160756,53.52254186806071,47.86466582459996
119,风电,2,301291.SZ,明阳电气,40.773563632496376,51.57082417443911,47.96049387490522,52.24944644429176
121,风电,3,002487.SZ,大金重工,40.75755158167983,45.623666706133946,60.64594975118598,51.67650493622205
124,风电,4,301155.SZ,海力风电,40.71701431227868,51.57082417443911,48.01204449157763,51.97701306187271
330,风电,5,002531.SZ,天顺风能,39.206691246857616,52.26697799768537,52.81888502718652,42.91008194974135
383,风电,6,002202.SZ,金风科技,38.8041657237365,52.198387327596365,45.4284077617582,45.42473659906891
392,风电,7,300772.SZ,运达股份,38.749366048369474,51.964717949053515,44.08519595116096,46.403064445263915
551,风电,8,601016.SH,节能风电,36.754683722312805,51.57082417443911,43.40071061599168,42.18096352844508
572,风电,9,601615.SH,明阳智能,35.943490842100644,47.55461977117153,45.29101801242849,42.37328710207353
585,风电,10,688660.SH,电气风电,35.03383583597751,47.75022472757571,44.44783820426065,38.9404093004274
