company_code,company_name,score_2024,score_2025,score_change,score_change_pct,rank_2024,rank_2025,rank_change,e_score,s_score,g_score,extracted_count,calculated_count,filled_count
00819.HK,TIANNENG POWER,26.22,38.083479416645076,11.863479416645077,45.245916920843165,277,469,-192,48.4492334104092,44.50084247138264,48.153343514895,9,4,28
688611.SH,杭州柯林,17.73,40.23281957557982,22.502819575579817,126.91945615104238,518,176,342,51.57082417443911,49.72143305172342,49.4312018687164,19,0,19
688680.SH,海优新材,22.53,36.525060889008095,13.995060889008094,62.117447354674184,305,557,-252,51.57082417443911,47.20591704027142,39.78533401466107,21,0,18
002350.SZ,北京科锐,28.31,40.672300157724735,12.362300157724736,43.66760917599695,257,128,129,51.57082417443911,52.144430171243464,49.27089454720707,12,0,28
00934.HK,SINOPEC KANTONS,45.23,35.97321710973351,-9.256782890266486,-20.466024519713656,100,569,-469,51.57082417443911,47.04144807043,37.46503392110904,10,0,28
300626.SZ,华瑞股份,42.49,37.64696913849911,-4.843030861500893,-11.398048626737802,132,502,-370,51.57082417443911,44.863023833803176,44.07999312747402,21,0,19
600339.SH,中油工程,38.77,39.313015820208115,0.5430158202081117,1.4006082543412732,170,318,-148,51.57082417443911,43.689365029807405,49.78451531928233,20,0,18
300510.SZ,金冠股份,16.81,38.74046024191673,21.93046024191673,130.46079858368074,554,394,160,52.15905867619415,43.76768537341213,46.31657360513926,25,0,24
002060.SZ,广东建工,14.1,38.648698471027934,24.548698471027933,174.10424447537542,609,407,202,51.57082417443911,46.905141589151036,45.521869930687814,10,0,29
600719.SH,大连热电,15.66,36.85357183918722,21.193571839187218,135.335707785359,581,546,35,51.57082417443911,48.473248309458825,40.20769342186689,18,0,20
603185.SH,弘元绿能,45.12,39.56019110481898,-5.559808895181014,-12.322271487546574,105,275,-170,51.57082417443911,45.408557829854416,49.64874595454299,18,0,20
600744.SH,华银电力,24.6,29.971284601661086,5.371284601661085,21.834490250654813,288,603,-315,24.955080121737268,45.375313520980825,47.722910355236856,33,0,10
300427.SZ,红相股份,16.61,39.971601617572546,23.361601617572546,140.6478122671436,562,203,359,51.57082417443911,52.57560702768755,46.352193027642315,12,0,26
01621.HK,VICO INTL HLDGS,58.1,39.59375141310654,-18.506248586893463,-31.852407206357082,33,269,-236,51.57082417443911,47.04144807043,48.325118573238846,3,0,34
00042.HK,NE ELECTRIC,37.59,39.017575775964175,1.427575775964172,3.7977541260020535,182,360,-178,51.57082417443911,47.04144807043,46.377788397248175,3,0,34
300001.SZ,特锐德,17.69,39.66572342138227,21.975723421382266,124.22681414009193,519,253,266,52.103016307595134,45.12807931064349,49.03314696852364,32,1,14
002259.SZ,升达林业,19.65,45.49094694650947,25.84094694650947,131.506091330837,397,1,396,51.57082417443911,47.51532261068568,66.03545636929188,21,0,17
301063.SZ,海锅股份,19.16,40.24815894169022,21.08815894169022,110.06346002969845,428,172,256,51.57082417443911,52.55137275195572,47.66045966039392,15,0,25
000862.SZ,银星能源,53.42,38.583543720517476,-14.836456279482526,-27.773224034972905,51,415,-364,51.42298024342903,43.21231041756491,47.309313337376366,22,1,22
601808.SH,中海油服,40.91,0.0,-40.91,-100.0,153,605,-452,0.0,0.0,0.0,1,0,0
688330.SH,宏力达,17.2,41.350643258280506,24.150643258280507,140.41071661790994,540,70,470,51.57082417443911,48.37506361660349,53.51509422851384,20,0,18
000421.SZ,南京公用,16.78,40.533492807617336,23.753492807617334,141.55835999771952,556,141,415,51.57082417443911,54.000023496145,47.62735108173139,11,0,29
603080.SH,新疆火炬,20.17,42.779806894196156,22.609806894196154,112.09621662962891,368,16,352,51.57082417443911,51.65250481420676,55.99063251997421,20,0,18
00384.HK,CHINA GAS HOLD,65.97,38.49727990044534,-27.472720099554657,-41.6442626944894,8,427,-419,48.08865161015429,47.04144807043,48.71138953337695,5,1,32
600188.SH,兖矿能源,53.23,39.77895141660491,-13.451048583395085,-25.269676091292663,53,236,-183,51.57082417443911,48.85353535232358,48.169287885102534,10,0,29
300376.SZ,易事特,38.48,38.089316020134724,-0.3906839798652726,-1.0152910079658852,176,468,-292,48.17021194636589,47.326394827657445,47.11545683287548,39,0,10
600725.SH,云维股份,20.39,36.595158017912446,16.205158017912446,79.47600793483298,359,554,-195,51.57082417443911,47.186524823008604,40.062349177198776,19,0,19
300842.SZ,帝科股份,15.41,38.26059723881513,22.85059723881513,148.28421310068222,585,448,137,51.57082417443911,45.86672829068505,45.41750387420367,21,0,19
600110.SH,诺德股份,19.25,38.708347637563946,19.458347637563946,101.08232538994257,421,398,23,51.57082417443911,44.83509931380878,47.144291229562036,17,0,21
688353.SH,华盛锂电,18.68,35.439715499489054,16.759715499489054,89.72010438698638,470,579,-109,51.57082417443911,45.516249674566744,37.40756096010388,20,0,18
688638.SH,誉辰智能,16.52,37.07912261728596,20.55912261728596,124.44989477776005,565,534,31,51.57082417443911,45.825263259767446,41.94102112205698,19,0,19
300140.SZ,节能环境,14.93,40.40282172436372,25.47282172436372,170.61501489861834,594,154,440,51.66186654457255,45.86068114649075,51.99733823034695,13,1,25
600406.SH,国电南瑞,62.6,41.78545965081765,-20.81454034918235,-33.250064455562864,13,43,-30,51.57082417443911,49.69457669899933,54.11780411005063,20,0,18
06828.HK,BG BLUE SKY,59.9,41.09014476697736,-18.80985523302264,-31.402095547617094,24,94,-70,51.669911203847555,47.04144807043,53.02195485197005,10,0,28
300340.SZ,科恒股份,11.04,37.40433775850449,26.36433775850449,238.80740723283057,626,515,111,51.57082417443911,47.77670468951443,41.551874373888346,17,0,22
601139.SH,深圳燃气,40.04,40.81397404398339,0.7739740439833938,1.9330021078506339,159,114,45,51.57082417443911,52.53672061700388,49.79618980031095,23,0,17
002267.SZ,陕天然气,45.6,41.07744772981823,-4.5225522701817695,-9.917877785486336,96,96,0,51.69570300385293,52.470090560954645,50.14674803132241,25,1,21
300332.SZ,天壕能源,20.83,39.85476339774059,19.024763397740593,91.33347766558134,338,221,117,51.57082417443911,52.80132012094437,46.18521012534451,13,0,25
000537.SZ,绿发电力,23.65,37.9697989089956,14.319798908995601,60.548832596175906,292,482,-190,51.57082417443911,44.85289187857114,44.821778506282236,16,0,24
600192.SH,长城电工,14.24,35.2370372614273,20.997037261427295,147.45110436395572,607,583,24,51.57082417443911,45.12032333401799,36.953635790648,20,0,18
300619.SZ,金银河,18.63,39.71310689123057,21.083106891230567,113.16750880961122,477,249,228,51.57082417443911,52.93865043836531,45.75940920120258,15,0,24
601700.SH,风范股份,17.84,37.47608138867939,19.63608138867939,110.0677207885616,513,514,-1,51.57082417443911,44.85666706133469,43.68022026459556,20,0,18
002493.SZ,荣盛石化,47.05,41.18396565542246,-5.866034344577535,-12.467660668602626,86,87,-1,50.05145173460109,55.50463357977164,50.720425301460764,25,1,18
600863.SH,华能蒙电,38.58,39.838236942572394,1.2582369425723954,3.2613710279222277,174,227,-53,51.57082417443911,45.47915653293978,50.37433590655338,20,0,18
300724.SZ,捷佳伟创,17.08,41.563537702190075,24.483537702190077,143.3462394741808,547,56,491,51.57082417443911,64.11262713716529,46.4357027260306,23,0,16
00975.HK,MONGOL MINING,35.37,38.200692918000605,2.830692918000608,8.003089957592898,202,455,-253,51.57082417443911,47.04144807043,44.230559235205895,10,0,28
301327.SZ,华宝新能,58.28,37.71962822344914,-20.56037177655086,-35.27860634274341,32,496,-464,51.57082417443911,43.41576547005678,44.66473775544813,13,0,27
02386.HK,SINOPEC SEG,43.96,39.7114985119055,-4.248501488094497,-9.664471083017508,117,250,-133,52.24279075411387,49.52472858426638,46.37544249182739,9,0,28
688032.SH,禾迈股份,47.61,38.362810129486796,-9.247189870513203,-19.422789057998745,80,439,-359,52.15450011767491,46.70496299291872,43.7967615917305,36,0,12
300776.SZ,帝尔激光,19.07,36.92939450363479,17.85939450363479,93.65178030222752,436,541,-105,45.49825798230778,48.25232509074444,45.87024212178703,38,1,8
301082.SZ,久盛电气,18.17,39.223073274403504,21.053073274403502,115.8672167000743,494,329,165,51.57082417443911,52.0177060746706,44.80800028894621,13,0,25
000533.SZ,顺钠股份,17.97,41.42285868159262,23.452858681592623,130.51117797213482,503,65,438,52.22548961345508,52.31546100280902,50.94858723085213,24,0,18
603556.SH,海兴电力,19.23,39.86221381681068,20.63221381681068,107.29180351955631,422,219,203,51.57082417443911,52.12458405490031,47.2271963856969,20,0,18
688503.SH,聚和材料,22.28,40.005313025956355,17.725313025956353,79.55706026012726,307,197,110,51.57082417443911,48.00013005660363,49.58834167443383,19,0,19
002506.SZ,协鑫集成,55.84,36.90711776196871,-18.93288223803129,-33.90559140048583,42,542,-500,51.18011096616959,44.32292617878532,41.1698959000303,16,0,23
600868.SH,梅雁吉祥,19.69,37.21423920306082,17.52423920306082,89.00070697339166,395,525,-130,51.57082417443911,44.48957679104607,42.906669697459435,17,0,21
002039.SZ,黔源电力,33.46,45.156906449860855,11.696906449860855,34.9578794078328,221,2,219,51.57082417443911,55.047538191961074,62.33904473477775,14,0,25
603798.SH,康普顿,15.26,37.38819347066114,22.128193470661145,145.00782090865758,588,518,70,51.57082417443911,44.43350185520854,43.45708622576027,18,0,20
02688.HK,ENN ENERGY,70.01,41.36694473090966,-28.643055269090347,-40.912805697886505,2,69,-67,54.684103707464914,47.04144807043,49.495474667559,15,0,24
603032.SH,德新科技,24.28,36.338681421472444,12.058681421472443,49.66507998958996,290,564,-274,51.57082417443911,44.010905057677356,40.750932601696945,20,0,18
688733.SH,壹石通,18.12,36.90705805407461,18.78705805407461,103.68133583926384,497,543,-46,51.57082417443911,45.584681179521326,41.56264407120057,20,0,18
00968.HK,XINYI SOLAR,32.59,36.53462516305091,3.944625163050908,12.103790006293059,224,556,-332,45.350749083953524,47.04144807043,45.40721488187939,14,2,23
301023.SZ,奕帆传动,18.29,39.876396420918915,21.586396420918916,118.02294379944733,487,217,270,51.57082417443911,54.91128688954135,45.7764894110606,22,0,17
600578.SH,京能电力,34.48,37.113340282158696,2.6333402821586986,7.637297802084393,212,531,-319,47.22642845623184,44.784825096730344,46.33259990942867,20,0,26
600875.SH,东方电气,59.84,39.93598036873558,-19.904019631264426,-33.262064891818895,25,208,-183,51.57082417443911,49.39252207881288,48.26591658634335,6,0,32
600973.SH,宝胜股份,50.7,38.83617386657184,-11.863826133428162,-23.4000515452232,68,378,-310,51.57082417443911,44.58433685455767,47.77456243414104,19,0,19
300772.SZ,运达股份,27.54,38.749366048369474,11.209366048369475,40.70212798972213,267,392,-125,51.964717949053515,44.08519595116096,46.403064445263915,26,4,19
03395.HK,JX ENERGY,25.45,39.05266903342436,13.602669033424359,53.448601310115365,284,353,-69,51.57082417443911,47.04144807043,46.4749185591711,2,0,35
603218.SH,日月股份,19.26,41.33003278194724,22.070032781947237,114.5899936757385,419,71,348,51.57082417443911,55.46456048981193,49.209303686305304,8,0,30
601001.SH,晋控煤业,21.46,36.45830558656457,14.99830558656457,69.88958800822259,320,559,-239,41.68229001937985,48.34518152125372,48.811806568555234,34,0,8
000966.SZ,长源电力,34.27,39.780363889344144,5.510363889344141,16.07926434007628,213,235,-22,51.57082417443911,54.68395159059432,45.413991891095655,19,0,20
000543.SZ,皖能电力,20.23,34.2347806171537,14.004780617153703,69.22778357465992,367,592,-225,38.45213343304946,46.64274812288911,46.54192175288825,26,3,20
688339.SH,亿华通,12.6,36.58838335665692,23.988383356656918,190.38399489410253,622,555,67,50.869604972540515,49.940071158366685,38.57256205309982,23,0,17
001283.SZ,豪鹏科技,19.26,40.12448196947991,20.864481969479908,108.33064366292786,420,185,235,51.57082417443911,47.59518258984009,50.271976663054424,14,0,26
00061.HK,GREEN LEADER,44.04,39.06755454059427,-4.972445459405726,-11.290748091293656,115,351,-236,51.57082417443911,47.04144807043,46.52552140761907,4,0,34
300069.SZ,金利华电,13.33,39.90023909158502,26.570239091585023,199.32662484309844,616,210,406,51.57082417443911,53.43313881846019,46.04651053785613,9,0,29
000899.SZ,赣能股份,19.15,41.716239244759834,22.566239244759835,117.83936942433336,429,48,381,51.57082417443911,56.71705966939998,49.96709164638424,19,0,19
688392.SH,骄成超声,18.56,39.12776057723263,20.56776057723263,110.81767552388271,482,342,140,51.57082417443911,47.239656015282385,47.401791556382356,21,0,17
08270.HK,CHINA CBM,38.11,37.67688757935191,-0.4331124206480865,-1.1364797183103819,179,501,-322,51.57082417443911,47.04144807043,42.246982756610755,7,0,31
605011.SH,杭州热电,41.25,37.25461531343252,-3.9953846865674834,-9.685781058345414,148,522,-374,42.69269077472767,44.67359596185206,51.27672073541513,30,0,12
300105.SZ,龙源技术,47.71,37.489185549239544,-10.220814450760457,-21.42279281232542,79,513,-434,48.40771586403122,52.08966439184572,42.756272144387744,25,2,13
01733.HK,E-COMMODITIES,54.95,39.18301537448303,-15.766984625516976,-28.693329618775206,46,334,-288,51.57082417443911,47.04144807043,47.183929354472106,8,0,29
002560.SZ,通达股份,34.56,43.21284843026879,8.65284843026879,25.037177170916635,209,9,200,55.657014727550525,53.6853554646261,51.779771483041635,36,1,13
603988.SH,中电电机,18.41,37.508315569003905,19.098315569003905,103.7388135198474,484,511,-27,51.57082417443911,44.14390066475113,44.11169293463424,20,0,18
01205.HK,CITIC RESOURCES,42.18,39.784955186509215,-2.3950448134907845,-5.678152710978626,136,234,-98,44.3225349541552,47.04144807043,56.63641847808062,10,0,27
00332.HK,YUANHENG GAS,44.46,35.43673011091237,-9.02326988908763,-20.29525391157811,112,580,-468,44.3225349541552,47.04144807043,42.823602991357,4,0,33
603507.SH,振江股份,17.78,39.05892270532594,21.27892270532594,119.67898034491529,516,352,164,51.57082417443911,56.22711957809271,42.50771318620304,19,0,19
301232.SZ,飞沃科技,17.95,38.160942543694226,20.210942543694227,112.59578018771157,504,462,42,51.57082417443911,45.778335514292884,45.263600162639875,21,0,17
300274.SZ,阳光电源,71.98,40.287616505742164,-31.69238349425784,-44.029429694717756,1,166,-165,49.57907993007093,54.70808134737773,48.85681313033404,32,0,17
002629.SZ,仁智股份,14.28,39.61015620147614,25.330156201476136,177.3820462288245,606,267,339,51.615213782961064,51.98883654567937,46.20968688680407,16,1,22
002828.SZ,贝肯能源,10.87,42.292553626938385,31.422553626938388,289.07593033062,628,25,603,51.57082417443911,52.670444741341825,54.06948342028036,22,0,16
600028.SH,中国石化,48.95,38.23696130002088,-10.713038699979123,-21.88567660874182,73,449,-376,48.225038936350174,49.611368297302164,45.99110072182926,20,0,24
002692.SZ,远程股份,18.28,39.17180183304563,20.891801833045626,114.28775619828022,489,336,153,51.57082417443911,52.93714720660707,44.612365769986205,25,0,14
002709.SZ,天赐材料,45.0,39.19365783579829,-5.806342164201709,-12.90298258711491,107,333,-226,51.57082417443911,46.29950332455536,48.140819782823954,24,0,15
301163.SZ,宏德股份,16.09,40.4268834579855,24.336883457985497,151.25471384701987,574,150,424,51.57082417443911,53.94465650310523,47.48833435545642,14,0,24
688556.SH,高测股份,20.67,36.873098018377014,16.203098018377013,78.38944372702956,347,545,-198,51.57082417443911,44.89731407347827,41.713510785154796,17,0,21
01407.HK,JY GAS,56.01,40.31002837607646,-15.699971623923538,-28.030658139481414,41,164,-123,51.94880111669543,47.04144807043,50.11933763116071,12,0,25
603393.SH,新天然气,21.77,40.81395237026963,19.043952370269633,87.47796219692069,313,115,198,51.57082417443911,47.18654139375171,52.23142914020234,17,0,21
600157.SH,永泰能源,20.95,39.661946790910974,18.711946790910975,89.31716845303569,335,254,81,51.72601302881656,52.47954905062799,46.126505529032826,24,2,14
002882.SZ,金龙羽,21.13,40.85268521225309,19.722685212253094,93.33973124587361,331,110,221,51.57082417443911,49.938393637006214,51.24590705609785,13,0,26
002300.SZ,太阳电缆,29.81,41.304342060947256,11.494342060947258,38.55867850032626,246,74,172,52.272230778115485,52.16050337771911,50.569917064141464,17,1,22
300316.SZ,晶盛机电,46.87,38.56909245911719,-8.300907540882804,-17.710491873016437,88,417,-329,51.57082417443911,54.32335838676789,41.90390107712904,23,0,15
002879.SZ,长缆科技,14.71,41.14924345303522,26.439243453035218,179.73652925244878,599,90,509,51.57082417443911,56.98606362424281,47.52787624755084,15,0,25
600871.SH,石化油服,48.06,38.50843637563977,-9.551563624360234,-19.874248073991332,78,425,-347,51.23451116257231,46.28392133455749,44.858585474705784,15,2,27
600098.SH,广州发展,48.61,41.743291831136354,-6.866708168863646,-14.126122544463374,75,47,28,51.67143323738741,51.269218240261296,53.0878768225497,27,1,14
688248.SH,南网科技,59.64,41.32197025465041,-18.31802974534959,-30.714335589117354,28,72,-44,51.66304700911224,53.31102075738244,50.82879193502235,30,1,14
688275.SH,万润新能,20.43,37.01035639925926,16.58035639925926,81.15690846431355,358,538,-180,51.57082417443911,44.91903660523551,42.11054750875996,20,0,19
002364.SZ,中恒电气,14.42,40.77455007903381,26.354550079033807,182.76387017360477,603,118,485,51.57082417443911,53.50487362750892,48.52978127063882,13,0,26
688663.SH,新风光,35.27,37.833833392107124,2.563833392107121,7.2691618715824236,203,490,-287,51.57082417443911,46.094643452079445,44.176556140629664,22,0,17
001299.SZ,美能能源,19.95,36.85301620232521,16.903016202325208,84.72689825726921,377,547,-170,34.54490673534804,56.12897789111481,52.03148168218929,25,2,14
603063.SH,禾望电气,21.83,38.166543293886384,16.336543293886386,74.83528764950246,311,461,-150,46.30940782790549,43.85262105868299,51.256038745007615,39,0,9
600905.SH,三峡能源,46.24,34.909417569418764,-11.330582430581238,-24.50385473741617,93,587,-494,42.95821864180957,48.27223648940502,42.03338578021033,35,0,9
600167.SH,联美控股,41.06,37.16943233392835,-3.8905676660716537,-9.475323102950934,151,528,-377,40.87937931613564,50.51303620343405,51.27426211088008,31,1,14
600617.SH,国新能源,17.34,39.15448158091809,21.814481580918088,125.80439204681713,537,339,198,51.57082417443911,44.65259571400248,48.75429786559613,23,0,16
601865.SH,福莱特,30.86,38.80926835786232,7.949268357862323,25.759132721524054,234,381,-147,51.57082417443911,44.92375367804023,47.60284045610219,21,0,17
002121.SZ,科陆电子,23.05,38.97674384654614,15.926743846546142,69.09650258805267,299,363,-64,51.57082417443911,53.01172579281794,43.054622078103655,13,0,25
601985.SH,中国核电,48.41,38.21647339297352,-10.193526607026477,-21.05665483789812,76,452,-376,52.12434218183829,44.90613808692889,44.69376483576435,30,3,14
600468.SH,百利电气,28.17,37.33214674343255,9.162146743432551,32.52448258229517,260,519,-259,51.57082417443911,43.85194891629946,43.813380342078304,22,0,16
601727.SH,上海电气,60.17,38.10562788315984,-22.06437211684016,-36.67005503879036,22,466,-444,48.47743769355171,43.97670650026916,48.958760011873174,23,1,23
300393.SZ,中来股份,36.12,35.724968778222696,-0.39503122177730177,-1.0936634046990636,195,577,-382,51.57082417443911,46.656028895717796,36.62126369938489,14,0,26
300933.SZ,中辰股份,17.15,38.67361553186242,21.52361553186242,125.50213138112198,542,402,140,51.57082417443911,45.55006696756754,46.666778618659244,13,0,25
603344.SH,星德胜,18.94,39.83104892032162,20.89104892032162,110.30120866062101,448,229,219,51.57082417443911,44.884600563170665,50.560289399542945,20,0,18
002487.SZ,大金重工,18.87,40.75755158167983,21.887551581679826,115.99126434382525,455,121,334,45.623666706133946,60.64594975118598,51.67650493622205,24,2,19
002090.SZ,金智科技,15.25,39.422745559525836,24.172745559525836,158.5098069477104,589,302,287,51.57082417443911,48.05513260561077,47.69810266507235,16,0,23
600116.SH,三峡水利,27.37,39.08996518356656,11.719965183566561,42.82047929691838,268,349,-81,51.57082417443911,44.3915055415796,48.75148461957055,20,0,18
301439.SZ,泓淋电力,20.46,43.014424393222015,22.554424393222014,110.23667836374396,357,11,346,55.24866846851152,59.57248703098359,48.18901570780903,30,0,16
603312.SH,西典新能,19.38,39.52403072416886,20.14403072416886,103.94236699777535,413,282,131,51.57082417443911,47.3837298325107,48.47958860629016,20,0,18
000722.SZ,湖南发展,17.94,39.4492200626417,21.5092200626417,119.89531807492584,505,298,207,51.57082417443911,51.60149292962472,45.17593735396221,7,0,31
301502.SZ,华阳智能,18.76,38.786421364349245,20.026421364349243,106.75064693149916,468,385,83,51.57082417443911,55.281087287158506,42.262327961990565,22,0,18
002616.SZ,长青集团,17.87,38.780456421554305,20.910456421554304,117.01430566062845,510,387,123,51.69177957162571,48.518825935242454,44.513946959245615,12,2,27
688719.SH,爱科赛博,18.65,37.14779823818885,18.49779823818885,99.18390476240671,474,529,-55,51.57082417443911,46.99342718400946,41.58611507784541,21,0,17
000155.SZ,川能动力,56.79,41.243531067071736,-15.546468932928263,-27.37536350225086,40,81,-41,51.57082417443911,52.313132353864034,51.13018978357126,18,0,21
002112.SZ,三变科技,17.36,39.54854087733326,22.18854087733326,127.81417556067547,535,277,258,51.57082417443911,52.905098672466,45.1433569614005,14,0,25
688597.SH,煜邦电力,21.35,39.883397871522654,18.533397871522652,86.80748417575013,323,214,109,51.57082417443911,44.71665395075333,50.91763691360396,19,0,19
000703.SZ,恒逸石化,34.62,39.01721947231371,4.397219472313715,12.701384957578613,208,361,-153,51.57082417443911,48.18860287455554,45.933521138357996,9,0,29
300617.SZ,安靠智电,18.82,39.02032926003917,20.20032926003917,107.33437438915605,461,359,102,52.02443259755838,54.42049699071948,42.86911809564906,21,0,18
600847.SH,万里股份,21.59,36.67093988189541,15.080939881895407,69.85150477950629,316,553,-237,51.57082417443911,44.41069425710212,41.43352483667457,18,0,20
300317.SZ,珈伟新能,18.87,39.636904925211894,20.766904925211893,110.05249032968676,454,258,196,51.57082417443911,50.42563274476544,46.78636778844933,11,0,27
688155.SH,先惠技术,21.45,39.81561210752661,18.365612107526612,85.62056926585834,321,230,91,51.57082417443911,50.68436242249088,47.730644881020815,19,0,19
603728.SH,鸣志电器,20.57,38.16896726080123,17.59896726080123,85.55647671755582,351,460,-109,51.57082417443911,44.218002312948215,46.03313071914658,21,0,17
01555.HK,MIE HOLDINGS,27.59,39.87314099239622,12.283140992396223,44.520264561059165,266,218,48,51.57082417443911,47.04144807043,49.24188383318291,1,0,36
600212.SH,绿能慧充,10.82,38.60281712270047,27.78281712270047,256.7728015037012,629,413,216,53.512716557509606,45.07761780130692,44.06743752203883,9,0,29
03800.HK,GCL TECH,39.46,39.04731902531699,-0.41268097468301335,-1.0458210204840683,162,354,-192,51.57082417443911,44.75541544611746,47.86220679282446,5,0,32
688660.SH,电气风电,52.24,35.03383583597751,-17.20616416402249,-32.9367614165821,59,585,-526,47.75022472757571,44.44783820426065,38.9404093004274,35,0,9
00666.HK,REPT BATTERO,14.04,39.23484776272083,25.194847762720833,179.4504826404618,611,328,283,51.57082417443911,44.67299219706694,48.715513776667386,7,0,30
002527.SZ,新时达,19.29,40.36348901227529,21.07348901227529,109.24566621189886,416,161,255,51.556698771351094,47.23450305706926,51.15319383403486,16,0,24
000723.SZ,美锦能源,43.02,39.62031274885798,-3.3996872511420264,-7.9025738055370205,128,263,-135,51.57082417443911,45.33909879642979,49.916534745058634,19,0,19
301487.SZ,盟固利,17.02,37.61476471863948,20.594764718639478,121.00331797085475,548,503,45,51.57082417443911,45.787772737857615,43.143462227330126,15,0,23
00645.HK,ARES ASIA,36.38,40.7190739962773,4.3390739962773,11.927086300927156,193,123,70,51.57082417443911,47.04144807043,52.12842867985956,3,0,34
688598.SH,金博股份,20.71,37.200819435044224,16.490819435044223,79.62732706443371,345,526,-181,51.57082417443911,55.69534142078314,37.7480944822323,20,0,18
600821.SH,金开新能,57.56,39.39567554719639,-18.164324452803612,-31.55720023072205,36,310,-274,51.389778521456016,56.983999655532685,43.27286173369485,25,2,13
01250.HK,SDHS NEW ENERGY,48.98,36.340130713820535,-12.639869286179461,-25.806184741076894,72,563,-491,44.3225349541552,44.9036748056714,46.91396766877418,11,0,27
002346.SZ,柘中股份,18.84,40.99827027556383,22.158270275563833,117.61289955182501,457,99,358,51.57082417443911,58.79159795532333,46.14681731825923,13,0,27
600969.SH,郴电国际,18.63,38.88393497203356,20.25393497203356,108.71677387028214,478,372,106,51.885185021596854,42.864987376235945,48.37113974843386,23,1,16
603618.SH,杭电股份,26.1,37.08085658446699,10.980856584466991,42.0722474500651,280,533,-253,51.94282098924784,50.86978810870247,39.008006406491376,21,0,17
300423.SZ,昇辉科技,12.47,36.39933913744957,23.929339137449574,191.89526172774316,623,561,62,51.57082417443911,51.09142111339724,37.362678521434155,22,0,17
002276.SZ,万马股份,19.86,38.776007413960784,18.916007413960784,95.24676442074916,385,389,-4,51.57082417443911,43.94444347054351,48.08626803073047,21,0,16
601868.SH,中国能建,16.6,37.03694813646031,20.43694813646031,123.1141454003633,563,537,26,48.18757289595784,43.83133976677896,45.69927864781176,11,1,29
300769.SZ,德方纳米,19.56,36.43882762509902,16.878827625099024,86.29257477044492,403,560,-157,52.64143412799387,44.42525128251077,38.173062949171175,41,2,6
00065.HK,GRAND OCEAN AR,36.72,37.54603626984636,0.8260362698463624,2.249554111782033,190,507,-317,51.57082417443911,47.04144807043,41.993421160883045,7,0,30
301386.SZ,未来电器,19.55,42.0731294443501,22.5231294443501,115.20782324475753,404,31,373,55.118457529055604,58.991287172431015,44.988085889454794,21,0,21
603606.SH,东方电缆,40.91,43.308930979417994,2.3989309794179974,5.863923195839642,153,8,145,51.57082417443911,50.62167282813065,58.26837237646415,19,0,19
600900.SH,长江电力,69.36,42.51901794443635,-26.84098205556365,-38.69807101436513,3,21,-18,52.58785928459973,54.36486720696547,53.17498930772612,30,2,12
600956.SH,新天绿能,67.92,41.670740615762895,-26.249259384237106,-38.64731947031376,5,49,-44,52.9863264074247,62.61871502093766,45.86435015927123,33,3,11
600726.SH,华电能源,23.21,41.37737064954302,18.167370649543017,78.27389336296,298,67,231,51.57082417443911,44.37303247000321,55.18594327353115,18,0,20
601012.SH,隆基绿能,55.63,36.11091781360566,-19.519082186394343,-35.087330912087616,44,568,-524,44.78982910433267,45.45337377856928,45.361165938230315,29,2,10
603829.SH,洛凯股份,19.75,38.030500889757676,18.280500889757676,92.55949817598822,391,476,-85,51.57082417443911,45.71458068757623,44.89656489523653,20,0,18
01083.HK,TG SMART ENERGY,59.78,39.94024543042961,-19.83975456957039,-33.18794675404882,27,207,-180,51.57082417443911,47.04144807043,49.496182068876976,4,0,34
600396.SH,华电辽能,13.76,39.509243096480446,25.74924309648045,187.13112715465442,612,286,326,51.57082417443911,47.1865410760592,48.43400794407178,19,0,19
688499.SH,利元亨,30.09,37.84577514460974,7.755775144609739,25.775258041242072,242,488,-246,51.57082417443911,49.75415451325532,42.34540301477117,19,0,19
03337.HK,ANTON OILFIELD,43.37,38.338564801034146,-5.031435198965852,-11.601187915531133,124,441,-317,47.55815336632782,47.437686168085456,48.59599072366657,8,0,30
300185.SZ,通裕重工,42.17,39.167879328410656,-3.0021206715893456,-7.119090992623536,137,337,-200,51.57082417443911,51.65975878439666,44.737317645381175,15,0,24
00467.HK,UNITEDENERGY GP,47.18,39.164342660324024,-8.015657339675975,-16.989523822967307,84,338,-254,51.57082417443911,47.04144807043,46.99943797794113,6,0,32
600758.SH,辽宁能源,18.92,38.74254683290664,19.82254683290664,104.77033209781521,450,393,57,51.57082417443911,45.58566264720021,47.020393878888534,21,0,17
002255.SZ,海陆重工,17.89,39.74226202123617,21.85226202123617,122.1479151550373,508,241,267,51.655759666673106,51.1365051941618,46.52817197399905,13,1,26
600458.SH,时代新材,18.09,38.539133343462474,20.449133343462474,113.0410908980789,499,421,78,51.57082417443911,45.18141849942279,46.63830602542235,20,0,18
01921.HK,DALIPAL HLDG,45.7,39.76078166990746,-5.939218330092544,-12.9961013787583,95,238,-143,51.57082417443911,47.11859886762262,48.94378165900889,4,0,33
301120.SZ,新特电气,18.77,39.645384598339035,20.875384598339036,111.21675332093253,466,257,209,51.57082417443911,52.89465892653045,45.677913097326446,14,0,25
002606.SZ,大连电瓷,21.61,39.85353882003307,18.243538820033073,84.42174372990779,315,222,93,51.57082417443911,47.71683094399886,49.269721677666936,15,0,24
002533.SZ,金杯电工,21.26,42.286382872437876,21.026382872437875,98.9011423915234,327,27,300,51.57082417443911,55.16667400594296,52.709107651318014,18,0,21
688303.SH,大全能源,57.92,36.90037153011012,-21.01962846988988,-36.29079501016899,35,544,-509,48.969317472941576,60.09980359541802,35.48632955949152,40,0,9
000096.SZ,广聚能源,18.15,40.40940815797111,22.25940815797111,122.64136726154882,496,153,343,51.57082417443911,50.59729018410428,49.5608187953714,23,0,15
301168.SZ,通灵股份,17.87,37.79844339176343,19.928443391763427,111.51898932156365,509,493,16,51.57082417443911,43.877289871895826,45.17060480335741,22,0,17
002546.SZ,新联电子,14.88,39.25934093805788,24.37934093805788,163.83965684178682,596,324,272,51.57082417443911,52.12069878430468,44.54659835001918,11,0,28
603026.SH,石大胜华,20.01,37.09165822786814,17.081658227868136,85.36560833517308,374,532,-158,51.57082417443911,44.88382375851034,42.54212179280389,20,0,18
00392.HK,BEIJING ENT,51.51,39.744721364196465,-11.765278635803533,-22.840766134349703,63,240,-177,51.57082417443911,47.04144807043,48.943588827133624,8,0,29
01713.HK,SICHUAN EN INV,43.33,38.05407360976402,-5.2759263902359805,-12.176151373727166,125,472,-347,50.61897401027637,47.23457215788579,44.0556709220355,10,0,27
301349.SZ,信德新材,18.82,37.24617141204609,18.426171412046088,97.9073932627316,460,523,-63,51.57082417443911,54.70419019505083,37.36437542084325,22,0,17
605196.SH,华通线缆,27.86,38.09083500499033,10.230835004990332,36.722307986325674,261,467,-206,51.57082417443911,44.72452882486003,45.5697960800418,21,0,17
600674.SH,川投能源,30.05,43.53709311811508,13.48709311811508,44.88217343798696,243,6,237,51.659164523324065,65.14698803905873,51.43576632866407,26,0,15
600089.SH,特变电工,43.07,33.628475514480265,-9.441524485519736,-21.921347772277073,127,593,-466,36.98997160836775,47.205586883177126,45.625652061210104,25,0,17
01608.HK,VPOWER GROUP,34.03,38.50001087789796,4.4700108778979555,13.135500669697194,216,426,-210,51.57082417443911,47.04144807043,44.89522750949951,6,0,31
301291.SZ,明阳电气,19.2,40.773563632496376,21.573563632496377,112.36231058591864,424,119,305,51.57082417443911,47.96049387490522,52.24944644429176,17,0,22
000600.SZ,建投能源,19.91,39.412054581699074,19.502054581699074,97.95105264539967,381,306,75,48.363783648149635,45.45520503666671,52.595875648844924,36,1,14
000049.SZ,德赛电池,19.56,40.63648084430366,21.076480844303664,107.75296955165472,402,131,271,51.57082417443911,52.01281070638203,49.05148577755638,6,0,32
600482.SH,中国动力,33.72,39.97705566182351,6.2570556618235145,18.55591833280995,219,202,17,43.24142197683128,65.29269021887977,50.02435019689209,46,1,5
00196.HK,HONGHUA GROUP,40.57,38.778073913478515,-1.7919260865214852,-4.41687475110053,154,388,-234,52.31185649166931,44.674134356775426,45.30321386091256,13,0,24
601088.SH,中国神华,51.27,35.454048478979104,-15.8159515210209,-30.84835482937566,64,578,-514,42.636293730670864,44.8876782183578,46.603537657385644,26,0,22
300360.SZ,炬华科技,19.61,40.39817309993382,20.78817309993382,106.0080219272505,398,156,242,51.57082417443911,54.68861694668139,46.82608697099492,14,0,24
01393.HK,HIDILI INDUSTRY,39.71,39.31775645808031,-0.39224354191969013,-0.9877701886670615,160,317,-157,55.799848025055006,47.04144807043,42.32456704289928,7,0,31
600644.SH,乐山电力,35.39,39.71883987536496,4.328839875364956,12.231816545252771,201,248,-47,51.57082417443911,43.84871573043425,50.92421139376154,22,0,18
000937.SZ,冀中能源,28.52,36.47262800771351,7.9526280077135105,27.88438992886925,256,558,-302,40.89640766847456,58.19172943023091,42.95056348340565,29,2,17
688349.SH,三一重能,38.82,39.83527436209984,1.015274362099838,2.6153383876863416,168,228,-60,51.57082417443911,47.960434647452054,48.884267588860816,8,0,31
300751.SZ,迈为股份,38.21,39.1939964876211,0.9839964876210985,2.5752328909214826,177,332,-155,51.57082417443911,51.76921475429295,44.6331497945762,17,0,22
01878.HK,SOUTHGOBI,14.36,39.628015065112926,25.268015065112927,175.96110769577245,604,260,344,51.57082417443911,47.04144807043,48.54121346905933,6,0,31
600642.SH,申能股份,30.6,40.17319071318066,9.573190713180658,31.284936971178617,236,182,54,51.64929938730675,47.73742822373008,50.08713195465461,22,2,16
600346.SH,恒力石化,34.01,38.29700869583332,4.287008695833322,12.605141710771308,217,447,-230,45.44124763471747,44.15219300509327,51.83434127944633,17,0,20
06885.HK,JINMA ENERGY,37.86,34.73251317235495,-3.1274868276450505,-8.260662513589674,180,589,-409,39.34153935334046,47.04144807043,47.19454025266469,8,0,29
03633.HK,ZHONGYU ENERGY,62.12,39.79157750013539,-22.328422499864608,-35.944015614720875,15,232,-217,51.57082417443911,47.04144807043,48.993721485330134,4,0,34
300207.SZ,欣旺达,36.97,39.06890849010014,2.0989084901001434,5.677328888558678,186,350,-164,51.57082417443911,46.424092141228755,47.39928192154609,14,0,26
300850.SZ,新强联,18.09,40.71599021842819,22.62599021842819,125.07457279396456,498,125,373,51.57082417443911,49.91564840808426,50.78699394998508,13,0,26
000593.SZ,德龙汇能,20.54,41.55374482627631,21.01374482627631,102.30644998187104,353,58,295,51.57082417443911,52.76653776709523,51.894224822622256,15,0,23
301587.SZ,中瑞股份,21.52,38.89764998969076,17.377649989690763,80.75116166213179,318,371,-53,51.95006514453968,46.85679639406319,45.98214372214213,15,1,24
002911.SZ,佛燃能源,43.89,43.732843866082334,-0.1571561339176668,-0.35806820213640195,118,4,114,51.57082417443911,50.63315645111885,59.833054568813665,18,0,21
603105.SH,芯能科技,21.92,41.23304608928006,19.313046089280057,88.10696208613163,310,82,228,51.57082417443911,53.59302337091027,50.47138872569359,22,0,17
002927.SZ,泰永长征,16.66,38.975966482343466,22.315966482343466,133.949378645519,560,364,196,52.222048308562385,50.14597690258931,43.910638591992736,31,2,11
600151.SH,航天机电,45.36,38.18582409370895,-7.1741759062910475,-15.816084449495255,97,456,-359,51.57082417443911,44.88576028945202,45.743964541839496,20,0,18
603053.SH,成都燃气,29.91,41.30992360773635,11.399923607736351,38.11408762198713,244,73,171,51.967702002361,46.083265492481296,53.95351267863702,23,1,17
600312.SH,平高电气,53.17,39.39595742807728,-13.77404257192272,-25.90566592424811,56,309,-253,51.57082417443911,46.95922776894254,48.33857463524095,21,0,17
00836.HK,CHINA RES POWER,43.87,39.73973638445947,-4.130263615540528,-9.414779155551695,119,242,-123,51.57082417443911,47.04144807043,48.87017619434206,7,0,32
300568.SZ,星源材质,30.59,39.396244931307315,8.806244931307315,28.787986045463597,237,308,-71,51.57082417443911,52.825813156191366,45.342401283346994,24,0,14
08347.HK,F8 ENT,43.83,39.75633385498265,-4.073666145017349,-9.29424171804095,121,239,-118,51.57082417443911,47.04144807043,48.91743164069052,5,0,32
600550.SH,保变电气,23.59,38.75820564029152,15.168205640291522,64.29930326533075,294,390,-96,51.57082417443911,45.15835934252584,47.2992909472588,21,0,19
002221.SZ,东华能源,23.54,41.822086981846276,18.282086981846277,77.66392090843787,295,40,255,51.57082417443911,53.210938757893985,52.51582794794408,11,0,27
688388.SH,嘉元科技,23.22,39.52096904363623,16.30096904363623,70.2022783963662,297,283,14,54.28318134756585,44.07334380116389,46.98611811467659,29,0,14
603070.SH,万控智造,21.05,38.6036960871798,17.553696087179798,83.39048022413206,333,412,-79,51.57082417443911,45.05261902319875,46.99791240010382,22,0,16
002218.SZ,拓日新能,18.22,39.26754171995302,21.047541719953024,115.51888979118017,492,322,170,51.57082417443911,51.03344978192628,45.316294296254554,16,0,24
002706.SZ,良信股份,38.81,36.983442633682955,-1.8265573663170471,-4.706409086104218,169,539,-370,45.18845357230265,45.75525051608424,47.8420684648175,12,0,26
601619.SH,嘉泽新能,36.3,37.70859282906087,1.408592829060872,3.8804210166966175,194,498,-304,51.8801022141698,43.15432469350052,44.408423212239185,28,0,15
300073.SZ,当升科技,20.06,39.46722826864931,19.40722826864931,96.74590363234951,373,295,78,50.61912324270057,51.467483551982156,46.707982898127014,38,3,6
03868.HK,XINYI ENERGY,64.51,38.82364070581371,-25.686359294186296,-39.81763958174902,10,379,-369,51.57082417443911,47.11859889627299,46.01427743601291,10,0,29
002015.SZ,协鑫能科,18.95,34.686546608171646,15.736546608171647,83.04246231225144,447,591,-144,39.349775258712555,46.89902095407729,46.475560293392554,24,3,20
600163.SH,中闽能源,26.17,39.49349169238636,13.323491692386355,50.91131712795702,278,289,-11,52.18828296800145,42.51666041285527,50.32958366021838,29,0,13
688707.SH,振华新材,41.62,37.25692862750437,-4.363071372495625,-10.483112379854939,143,521,-378,51.57082417443911,45.1512689185996,42.8993943395733,20,0,18
300409.SZ,道氏技术,16.86,41.62143759396878,24.76143759396878,146.8649916605503,551,52,499,51.57082417443911,49.76981822426766,53.53537270263259,23,0,16
600577.SH,精达股份,20.56,40.93665789856872,20.37665789856872,99.10825826152102,352,103,249,51.57082417443911,50.15974740518159,51.367203669392815,24,0,14
300483.SZ,首华燃气,20.33,42.05143525849982,21.721435258499824,106.84424622970894,361,34,327,51.57082417443911,48.69414588609587,55.77915066351795,14,0,26
000767.SZ,晋控电力,15.1,39.88299425502049,24.78299425502049,164.12578976834763,592,215,377,52.15440668927633,54.21084021070337,44.45024277776644,14,5,24
00607.HK,FULLSHARE,41.87,39.612619715842065,-2.2573802841579322,-5.391402637109941,141,265,-124,51.57082417443911,47.04144807043,48.32324489872228,1,0,36
000037.SZ,深南电A,17.46,39.45268757814762,21.992687578147617,125.96040995502645,532,297,235,51.57082417443911,51.051811700562936,45.80452267226229,14,0,25
300763.SZ,锦浪科技,24.51,39.89252046748766,15.382520467487655,62.76018142589822,289,211,78,51.57082417443911,49.29623266972836,48.504596831103164,16,0,23
600505.SH,西昌电力,38.73,38.812679800087025,0.08267980008702835,0.21347740791899913,171,380,-209,51.57082417443911,45.8538038493884,47.082447067623185,20,0,18
002531.SZ,天顺风能,43.09,39.206691246857616,-3.883308753142387,-9.012088078770914,126,330,-204,52.26697799768537,52.81888502718652,42.91008194974135,17,3,21
000690.SZ,宝新能源,28.64,42.64560867363383,14.00560867363383,48.90226492190583,254,19,235,52.47486473396167,57.830096795995466,51.96569415294817,17,1,20
301456.SZ,盘古智能,17.97,40.096330529685545,22.126330529685546,123.12927395484445,502,186,316,51.57082417443911,54.50708985900877,45.78641677804705,17,0,23
300690.SZ,双一科技,16.47,39.96172880528988,23.49172880528988,142.63344751238546,566,206,360,54.89888478663016,45.982465160049,46.08561059308276,30,3,15
603353.SH,和顺石油,21.81,38.65604613319571,16.84604613319571,77.24000978081482,312,404,-92,51.57082417443911,46.65187506274632,46.28503799341223,20,0,18
301361.SZ,众智科技,18.56,40.241847938042156,21.681847938042157,116.82030139031336,481,173,308,51.57082417443911,52.59171747252354,47.61549569135157,13,0,25
002202.SZ,金风科技,55.25,38.8041657237365,-16.445834276263497,-29.766215884639813,45,383,-338,52.198387327596365,45.4284077617582,45.42473659906891,20,3,21
300222.SZ,科大智能,13.44,40.275426590707525,26.835426590707527,199.668352609431,615,168,447,51.57082417443911,46.05583516667461,51.839264894730306,16,0,23
000407.SZ,胜利股份,19.12,39.413350975772524,20.293350975772523,106.13677288583956,432,305,127,51.57082417443911,45.15227350057183,49.27231670364978,6,0,32
688551.SH,科威尔,19.03,39.02783155966762,19.997831559667617,105.08582007182142,440,356,84,48.840236773514064,54.88141270841737,45.472898672253194,36,0,9
600027.SH,华电国际,38.2,39.79960092554621,1.5996009255462056,4.187436977869647,178,231,-53,51.57082417443911,45.6685563907817,50.31781165713564,7,0,31
688819.SH,天能股份,36.87,40.37945499243247,3.509454992432474,9.518456719372049,187,158,29,47.57511917579823,55.02288628452641,51.271253054977436,39,0,8
605090.SH,九丰能源,32.93,40.63468942562331,7.704689425623307,23.39717408327758,222,133,89,51.57082417443911,45.63741079839004,53.03982250575177,14,0,24
000400.SZ,许继电气,68.89,37.97942685628897,-30.910573143711034,-44.86946312049794,4,481,-477,47.258055594444706,45.61102718834498,49.01815791305632,27,1,18
00002.HK,CLP HOLDINGS,41.17,39.73873249170116,-1.4312675082988449,-3.47648168156144,150,244,-94,49.59932157007405,47.04144807043,50.907268240758974,13,0,26
300932.SZ,三友联众,18.67,39.34908774707045,20.679087747070447,110.76104845779564,471,313,158,50.22173030451456,48.058041224867154,48.576995408460796,23,0,19
002733.SZ,雄韬股份,18.83,39.54185906880494,20.71185906880494,109.99394088584675,459,279,180,51.57082417443911,47.11504250703912,48.51012054868386,12,0,26
301226.SZ,祥明智能,18.76,38.17318252208497,19.41318252208497,103.48178316676422,467,459,8,51.57082417443911,51.96344613233013,41.87510603642744,22,0,16
01940.HK,CGII HLDGS,35.68,39.469330957291454,3.7893309572914546,10.620322189718202,200,292,-92,51.57082417443911,44.687264046088806,49.322738054584825,7,0,30
002953.SZ,日丰股份,19.86,40.558868470674966,20.698868470674967,104.22390972142482,384,138,246,51.57082417443911,53.00174114221253,48.717910647786674,21,0,18
300035.SZ,中科电气,16.97,41.38003485373825,24.410034853738253,143.84227963310698,549,66,483,51.57082417443911,53.607255194576126,50.67397120978736,14,0,26
002851.SZ,麦格米特,57.45,39.88071070716103,-17.569289292838974,-30.581878664645735,37,216,-179,51.57082417443911,47.22162214892412,49.536600543423795,11,0,28
300191.SZ,潜能恒信,21.23,39.85100531369379,18.62100531369379,87.71081165187842,330,225,105,51.57082417443911,51.12841920875755,47.05572765978187,13,0,26
603897.SH,长城科技,16.8,41.43228417201897,24.632284172018966,146.6207391191605,555,63,492,51.57082417443911,53.92297190207584,50.910642144810474,21,0,17
605580.SH,恒盛能源,20.79,42.28861699314883,21.49861699314883,103.40845114549701,340,26,314,51.64311125188555,46.33825958257358,57.22984675257302,22,1,16
000027.SZ,深圳能源,39.08,31.85199717813859,-7.228002821861409,-18.495401284189892,166,598,-432,29.45931833338617,49.88959006583309,46.96493651722327,44,1,7
688717.SH,艾罗能源,22.9,39.027022824907036,16.127022824907037,70.42368045810935,300,357,-57,51.57082417443911,45.9772080059087,47.584449824364036,18,0,20
01303.HK,HUILI RES,40.24,39.46753845279016,-0.7724615472098435,-1.9196360517143227,157,294,-137,51.57082417443911,47.04144807043,48.06198288087365,7,0,30
300750.SZ,宁德时代,57.03,39.96654973944065,-17.06345026055935,-29.920130213149832,39,205,-166,47.6821801305261,54.791124882474485,49.71241825599157,10,1,29
000875.SZ,电投绿能,42.53,38.52844630310953,-4.001553696890468,-9.408778972232469,131,424,-293,51.71353436536595,46.010585864728725,45.434719156281204,13,2,25
688390.SH,固德威,61.62,38.01745595044453,-23.60254404955547,-38.303382099246136,18,478,-460,50.52558114662418,43.66603869788219,46.55055691641423,15,0,23
603016.SH,新宏泰,19.46,37.55522298488673,18.095222984886732,92.98675737351866,409,506,-97,51.57082417443911,47.339656153450235,42.726034369510536,21,0,17
300907.SZ,康平科技,18.63,41.04114682670621,22.41114682670621,120.29601087872364,475,97,378,51.57082417443911,55.51585959934507,48.277889270959015,10,0,28
605368.SH,蓝天燃气,23.6,40.67203309487277,17.072033094872772,72.3391232833592,293,129,164,51.57082417443911,47.10779957558668,51.88351594939747,18,0,20
02798.HK,PER ENERGY,37.4,39.3414118169502,1.9414118169502004,5.190940687032621,184,314,-130,51.57082417443911,47.04144807043,47.4073405771426,2,0,35
002986.SZ,宇新股份,24.98,42.324674587185434,17.344674587185434,69.434245745338,287,24,263,51.57082417443911,54.81916967322168,53.217516431574325,12,0,27
000009.SZ,中国宝安,19.49,40.92018276353167,21.430182763531672,109.95476020283054,407,107,300,51.57082417443911,50.79015453164769,50.91645354182724,12,0,27
002700.SZ,万憬能源,21.72,39.44299338989029,17.72299338989029,81.59757545990006,314,300,14,51.57082417443911,50.97239034593443,45.813376433855304,11,0,27
002518.SZ,科士达,20.34,40.90089159842412,20.560891598424117,101.08599605911562,360,109,251,51.57082417443911,47.57839276413653,52.501901729322135,23,0,16
301325.SZ,曼恩斯特,20.91,38.93584089923661,18.02584089923661,86.2067953095964,336,369,-33,51.57082417443911,49.26823106337798,45.19110551237105,14,0,26
000968.SZ,蓝焰控股,20.27,39.852007644623136,19.582007644623136,96.60585912492914,363,223,140,51.57082417443911,44.41202548681972,51.303288682975825,11,0,27
600795.SH,国电电力,38.77,39.1340777417052,0.364077741705195,0.9390707807717178,170,341,-171,42.17851926063006,62.65150130364997,49.07442139945441,31,1,11
002196.SZ,方正电机,13.09,39.108463511466255,26.018463511466255,198.76595501502106,618,348,270,51.967801726126076,45.001498193930374,47.51667629290273,10,1,28
601016.SH,节能风电,20.87,36.754683722312805,15.884683722312804,76.11252382516915,337,551,-214,51.57082417443911,43.40071061599168,42.18096352844508,19,0,19
603396.SH,金辰股份,16.93,41.29492135638412,24.364921356384123,143.9156606992565,550,75,475,59.710733240802064,44.84134638340178,45.55483801487216,35,1,10
002471.SZ,中超控股,15.23,38.44936985010865,23.219369850108652,152.458108011219,590,432,158,51.57082417443911,45.39899906422123,46.18382864100483,18,0,20
00554.HK,HANS GP HLDGS,45.22,41.27038238583279,-3.9496176141672095,-8.734227364368,101,78,23,51.57082417443911,47.04144807043,53.86630145037924,5,0,32
300444.SZ,双杰电气,14.06,38.86646497435234,24.806464974352338,176.4328945544263,610,375,235,51.57082417443911,52.30087810745528,43.632827253136995,18,0,20
300118.SZ,东方日升,50.99,38.02302512085255,-12.96697487914745,-25.43042729779849,66,477,-411,51.57082417443911,47.05909232440585,43.60287028531368,13,0,26
002805.SZ,丰元股份,17.62,39.53144442150099,21.911444421500992,124.35553020148123,521,280,241,51.57082417443911,54.46594773036504,44.30467389852612,14,0,24
001269.SZ,欧晶科技,21.25,38.119168287790146,16.869168287790146,79.38432135430656,329,465,-136,51.57082417443911,54.21084024176289,40.50812919402028,15,0,24
002534.SZ,西子洁能,22.67,39.90047459876568,17.23047459876568,76.00562240302462,302,209,93,51.96786433890044,48.847017368905384,48.32872289304565,19,1,19
601567.SH,三星电气,21.25,40.55830548434335,19.30830548434335,90.8626140439687,328,139,189,48.13851693438493,58.44530966979858,49.575476900180654,34,1,10
300129.SZ,泰胜风能,17.79,41.79382846653823,24.00382846653823,134.9287715938068,514,42,472,54.765871504160756,53.52254186806071,47.86466582459996,24,1,20
688616.SH,西力科技,25.99,37.99337435921091,12.003374359210913,46.1845877614887,281,479,-198,51.57082417443911,46.63708867838047,44.33095287586236,21,0,18
601179.SH,中国西电,45.28,40.19106218672239,-5.08893781327761,-11.238820259005323,98,180,-82,51.57082417443911,47.912713621485366,50.294596052015194,12,0,26
02012.HK,SUNSHINE OIL,18.98,37.960215627228415,18.980215627228414,100.00113607601904,445,483,-38,51.57082417443911,47.04144807043,42.887887821138385,5,0,34
601225.SH,陕西煤业,44.39,43.003042660827276,-1.3869573391727243,-3.12448150297978,113,12,101,43.88703510038059,68.07724706603605,58.43321182078507,41,1,8
301155.SZ,海力风电,13.46,40.71701431227868,27.257014312278677,202.50382104218926,614,124,490,51.57082417443911,48.01204449157763,51.97701306187271,13,0,27
002270.SZ,华明装备,20.99,41.77493531328207,20.784935313282073,99.02303627099607,334,44,290,51.57082417443911,57.87059787587472,49.568565124308606,14,0,24
02380.HK,CHINA POWER,46.61,30.26621375477977,-16.34378624522023,-35.06497799875613,92,602,-510,27.919252470019707,47.27361838918585,45.307742979065374,16,2,21
01600.HK,TIAN LUN GAS,66.78,39.73772601133919,-27.04227398866081,-40.494570213628045,6,245,-239,53.00805929480386,47.04144807043,46.421492846116124,13,0,24
01938.HK,CHU KONG PIPE,28.23,39.24534086254417,11.015340862544168,39.0199818014317,259,325,-66,51.57082417443911,47.04144807043,47.247182806710654,5,0,32
301152.SZ,天力锂能,18.02,38.882046813844475,20.862046813844476,115.77162493809365,501,373,128,51.57082417443911,47.182513175010556,46.39194208872977,14,0,24
03668.HK,YANCOAL AUS,50.43,38.71313090938135,-11.716869090618651,-23.233926414076247,70,397,-327,51.57082417443911,47.04144807043,45.45654226198264,4,0,33
01251.HK,SPT ENERGY,40.3,38.30199083600379,-1.9980091639962083,-4.957839116615902,156,446,-290,51.57082417443911,47.04144807043,44.37680250675992,7,0,30
688345.SH,博力威,18.58,39.50196475149315,20.92196475149315,112.60476184872526,480,287,193,51.57082417443911,55.45562913869359,44.531725724850084,19,0,19
002056.SZ,横店东磁,27.14,43.5111278502918,16.3711278502918,60.321031135931456,273,7,266,51.57082417443911,66.40315892106207,49.65532248929391,9,0,29
601908.SH,京运通,18.24,35.09465970422436,16.854659704224364,92.40493258894938,491,584,-93,51.57082417443911,45.19433415159079,36.43008157939542,20,0,18
603706.SH,东方环宇,26.13,41.75238365524881,15.622383655248814,59.78715520569773,279,46,233,51.57082417443911,52.04286161605877,52.81127329775075,20,0,18
600968.SH,海油发展,57.37,42.067282734376754,-15.302717265623244,-26.673727149421726,38,32,6,52.20156140646907,55.45618524656069,51.44400408827503,37,3,10
300820.SZ,英杰电气,21.07,42.80263952747444,21.73263952747444,103.14494317738226,332,15,317,59.60836919977385,56.47929584011809,44.92550568527735,40,2,7
002580.SZ,圣阳股份,18.81,40.42636162998795,21.616361629987953,114.91951956399764,463,151,312,51.57082417443911,51.688101934049094,48.806559608382486,15,0,24
600268.SH,国电南自,36.08,39.282212614500764,3.202212614500766,8.8753121244478,196,320,-124,51.57082417443911,46.15569427893692,48.463312078675855,21,0,17
003035.SZ,南网能源,53.21,39.02285745482669,-14.187142545173309,-26.66254941772845,55,358,-303,50.44993500656063,54.29747648489676,43.85936735961653,40,1,9
00346.HK,YANCHANG PETRO,42.05,39.41916003879126,-2.6308399612087356,-6.256456507036233,138,304,-166,51.57082417443911,47.04144807043,47.815333996151885,5,0,32
301388.SZ,欣灵电气,19.77,39.854811249781875,20.084811249781875,101.59236848650417,389,220,169,51.57082417443911,54.61011942594116,45.875096947391626,25,0,15
600903.SH,贵州燃气,27.31,38.126838550517235,10.816838550517236,39.6076109502645,269,464,-195,51.87937576092447,42.4984801919687,46.17210546314617,33,0,13
000791.SZ,甘肃能源,19.28,38.3127592611398,19.0327592611398,98.71763102250935,417,444,-27,43.12901155844924,57.33302181635005,48.54910077523581,27,2,18
688006.SH,杭可科技,42.55,39.401064852944714,-3.1489351470552833,-7.400552637027694,130,307,-177,51.57082417443911,45.86673037192895,48.93516172600579,21,0,17
600688.SH,上海石化,39.34,38.61327611998893,-0.7267238800110718,-1.8472899847764914,164,410,-246,48.26571061904771,54.158111040771615,44.63344771322243,12,4,27
600032.SH,浙江新能,47.33,37.935458652201476,-9.394541347798523,-19.84902038410844,82,484,-402,52.181049134014145,42.74442710846537,44.86610928225522,30,0,14
00135.HK,KUNLUN ENERGY,66.37,40.21998661274611,-26.150013387253892,-39.40035164570422,7,178,-171,47.82036335084351,49.024745161990595,53.54037549959473,10,0,27
600452.SH,涪陵电力,31.23,39.61760931083229,8.387609310832293,26.85753861937974,232,264,-32,51.57082417443911,46.69038110179594,48.84963053698336,7,0,32
002623.SZ,亚玛顿,18.95,40.603980037189416,21.653980037189417,114.26902394295206,446,135,311,51.57082417443911,56.43675301326444,46.09299900297179,15,0,24
300037.SZ,新宙邦,33.89,41.23042198985059,7.34042198985059,21.65955146016698,218,83,135,51.967831833203725,53.69687578704689,49.67161059493463,13,1,26
688472.SH,阿特斯,45.18,38.85152836909588,-6.328471630904119,-14.00724132559566,104,376,-272,51.48299602627667,43.9933786058709,47.91385110300497,32,2,11
001208.SZ,华菱线缆,39.63,40.306436140525065,0.6764361405250625,1.7068789818951866,161,165,-4,51.57082417443911,46.547673597056715,51.58024497410761,11,0,27
601218.SH,吉鑫科技,19.77,38.48568246822252,18.71568246822252,94.6670838048686,388,428,-40,51.57082417443911,44.02390041879117,47.21868827225501,23,0,15
01798.HK,DATANG RENEW,62.17,38.386913596582836,-23.783086403417165,-38.254924245483615,14,437,-423,51.90649140692867,45.62113577241466,44.33784836328375,15,0,22
301040.SZ,中环海陆,16.83,39.10866631098244,22.278666310982445,132.37472555545128,553,347,206,51.57082417443911,53.01124546760991,43.75455426312798,16,0,24
01623.HK,HILONG,59.5,39.44696968727223,-20.05303031272777,-33.70257195416432,29,299,-270,51.57082417443911,47.04144807043,47.787155177351885,4,0,35
688772.SH,珠海冠宇,41.42,40.00062051276853,-1.419379487231474,-3.4267974100228726,146,199,-53,51.57082417443911,58.1259985476381,44.55853665292699,21,0,17
688676.SH,金盘科技,60.86,41.49421459750578,-19.365785402494218,-31.82021919568554,20,62,-42,54.82580243596556,52.62079360351279,47.99464306663532,40,2,8
02728.HK,JINTAI ENERGY H,34.1,39.5993478549658,5.499347854965798,16.12711980928386,214,268,-54,51.57082417443911,47.04144807043,48.51550097847536,9,0,28
600379.SH,宝光股份,44.69,37.70425057560171,-6.985749424398286,-15.631571770862129,108,500,-392,51.57082417443911,44.00506291909978,44.78261111260112,23,0,17
600438.SH,通威股份,65.13,38.44513286588611,-26.684867134113887,-40.97169834809441,9,434,-425,55.53998334685995,44.21237966019752,42.68256849946992,15,0,22
600256.SH,广汇能源,34.9,39.5551922151297,4.655192215129702,13.33865964220545,207,276,-69,51.949460624272206,44.032212781870186,49.862248339687625,21,1,17
600405.SH,动力源,26.41,32.21534676293469,5.805346762934693,21.98162348706813,276,596,-320,51.57082417443911,47.01920860159954,26.98939136383592,19,0,19
601611.SH,中国核建,15.67,38.21707780424583,22.54707780424583,143.8869036646192,580,451,129,51.57082417443911,45.49395757664624,45.437397625444376,18,0,20
03899.HK,CIMC ENRIC,59.79,39.51856434862694,-20.27143565137306,-33.90439145571678,26,284,-258,51.57082417443911,47.04144807043,48.36488511063222,13,0,24
300648.SZ,星云股份,14.82,40.35306467296817,25.533064672968173,172.2878857825113,597,163,434,51.57082417443911,53.02756035657689,48.08230651763711,21,0,18
600021.SH,上海电力,45.27,38.42167552641709,-6.848324473582913,-15.127732435570826,99,435,-336,51.57082417443911,46.929647801359486,45.48351694333821,21,0,17
600241.SH,时代万恒,19.11,35.930245349926295,16.820245349926296,88.0180290420005,433,573,-140,51.57082417443911,55.5606842926747,34.38903754376039,21,0,17
603689.SH,皖天然气,23.51,44.40108845804479,20.891088458044788,88.86043580623048,296,3,293,55.23779794028804,51.35449662344017,57.967748354203955,32,0,11
002340.SZ,格林美,39.44,40.045129195853214,0.6051291958532161,1.5343032349219476,163,192,-29,51.977598354012926,47.991619772012726,48.54194509617494,26,3,17
603861.SH,白云电器,27.67,37.39259558312668,9.722595583126676,35.13767829102521,262,517,-255,48.499253728591505,51.615788118290965,42.220857504303964,28,0,12
300870.SZ,欧陆通,18.66,40.37622289854696,21.716222898546963,116.3784721251177,473,160,313,51.57082417443911,49.02040260466629,50.26782916087066,16,0,22
000637.SZ,茂化实华,17.92,40.45357562721788,22.53357562721788,125.7453997054569,506,146,360,51.57082417443911,55.32184212862903,46.727577521731455,8,0,30
01811.HK,CGN NEW ENERGY,36.71,39.69149552939638,2.9814955293963763,8.121753008434695,191,252,-61,51.57082417443911,47.04144807043,48.76461244322272,10,0,29
002850.SZ,科达利,20.64,43.09884170438082,22.458841704380816,108.81221755998457,348,10,338,51.57082417443911,62.999429739952035,50.72310115860998,10,0,28
300514.SZ,友讯达,18.69,40.01618006005496,21.326180060054956,114.10476222608321,469,196,273,51.57082417443911,53.58152591782062,46.98878047817507,21,0,18
688779.SH,五矿新能,36.03,39.4210677752732,3.3910677752732,9.411789551132944,197,303,-106,51.57082417443911,53.2668334452872,45.22232185391049,23,0,16
000883.SZ,湖北能源,48.36,39.65940223669614,-8.700597763303861,-17.99131051138102,77,255,-178,51.74558012360685,47.00911292924261,48.615844553202905,15,3,23
002358.SZ,森源电气,16.29,38.75808867459316,22.46808867459316,137.92565177773582,570,391,179,51.57082417443911,50.30163086337853,44.17000374667092,15,0,23
001301.SZ,尚太科技,20.12,42.376039249468825,22.256039249468824,110.61649726376154,371,23,348,51.66196467577432,53.86790174805951,53.70589371634583,22,1,16
02236.HK,WISON ENGRG,52.81,41.12517581867393,-11.684824181326071,-22.126158267991045,57,92,-35,52.28558234185442,47.04144807043,52.31283042588232,12,0,25
300283.SZ,温州宏丰,16.85,40.82253039110702,23.97253039110702,142.27021003624344,552,113,439,51.57082417443911,52.22681495089781,49.682286369940606,12,0,27
300080.SZ,易成新能,19.71,35.382818940352436,15.672818940352435,79.51709254364503,394,581,-187,51.57082417443911,44.846287278054724,37.64095010362549,23,0,16
600481.SH,双良节能,19.02,34.878993735896444,15.858993735896444,83.38061901102232,441,588,-147,47.21896209472639,43.064267443408845,39.55516499440763,35,0,12
601778.SH,晶科科技,17.55,41.25651011521074,23.706510115210737,135.07982971630048,528,80,448,54.87402502240471,51.534458111488654,47.89081265685466,33,1,12
002339.SZ,积成电子,17.79,38.213652960364854,20.423652960364855,114.80412006950453,515,453,62,51.57082417443911,43.67581417961647,46.13265527145456,13,0,26
000682.SZ,东方电子,51.99,41.22427633687838,-10.76572366312162,-20.707296909254893,60,85,-25,51.57082417443911,53.45100626991165,50.311986333134456,11,0,27
000554.SZ,泰山石油,19.44,36.7832895274339,17.3432895274339,89.2144523016147,411,549,-138,44.3225349541552,51.00787431185939,44.862803394195225,18,0,28
300062.SZ,中能电气,29.15,40.06490445543046,10.91490445543046,37.44392609067053,252,190,62,51.57082417443911,54.487709508092834,46.21956430647039,19,0,20
601669.SH,中国电建,16.77,38.80651936612503,22.03651936612503,131.40440886180698,557,382,175,51.57082417443911,44.42835243595158,47.77218511439175,20,0,18
003021.SZ,兆威机电,17.9,38.69846206375511,20.79846206375511,116.19252549583861,507,399,108,51.57082417443911,47.26913200113253,45.8001180175563,17,0,23
300051.SZ,琏升科技,17.15,37.395266454795156,20.245266454795157,118.04820090259567,541,516,25,51.57082417443911,48.69379690788643,41.248586646114276,19,0,21
002892.SZ,科力尔,17.54,41.129433537010186,23.589433537010187,134.48935881989846,529,91,438,51.57082417443911,54.09702547800899,49.49928710199165,13,0,26
600101.SH,明星电力,34.04,41.28338524828802,7.243385248288021,21.279040094853176,215,76,139,51.96256814847382,45.150696999914814,54.405632290855024,27,2,15
00579.HK,JNCEC,53.61,39.273908149419505,-14.336091850580495,-26.741450943071243,50,321,-271,51.57082417443911,44.49229179937582,48.80142328318349,9,0,28
000692.SZ,惠天热电,10.03,38.31259277031672,28.282592770316718,281.9799877399474,633,445,188,51.57082417443911,51.967416881908505,41.573842674944096,13,0,26
300569.SZ,天能重工,58.01,40.44373792988924,-17.56626207011076,-30.28143780401786,34,147,-113,51.70496826133959,52.73379047778268,47.83234796824741,16,2,24
688517.SH,金冠电气,25.12,39.56912092919231,14.449120929192308,57.52038586461906,286,274,12,48.93500387263515,52.99108137168132,48.21517763459223,30,1,10
300880.SZ,迦南智能,20.14,39.889381609077105,19.749381609077105,98.06048465281582,370,212,158,52.337968706283334,52.92717305999073,45.78489103086489,28,0,12
688516.SH,奥特维,20.27,38.572785892396105,18.302785892396106,90.29494766845637,362,416,-54,51.57082417443911,52.03169664746683,43.28639708995341,21,0,18
601615.SH,明阳智能,61.05,35.943490842100644,-25.106509157899353,-41.12450312514227,19,572,-553,47.55461977117153,45.29101801242849,42.37328710207353,22,0,17
688223.SH,晶科能源,45.19,34.69219547780832,-10.497804522191679,-23.23037070633255,103,590,-487,51.57082417443911,44.7528846599594,34.68197985775564,13,0,25
300265.SZ,通光线缆,19.07,40.26579489502353,21.195794895023532,111.14732509189058,439,171,268,51.57082417443911,52.43685680224771,47.66642627717296,11,0,29
600995.SH,南网储能,44.65,40.59686251746112,-4.0531374825388795,-9.077575548799283,109,136,-27,47.69815896231433,58.5197882433183,50.18717451160017,40,0,8
600478.SH,科力远,19.07,37.85205522835226,18.782055228352263,98.49006412350427,438,487,-49,51.57082417443911,44.497354144604266,44.63355498748865,14,0,24
300882.SZ,万胜智能,48.79,42.07630785144614,-6.713692148553861,-13.760385629337692,74,30,44,51.57082417443911,52.64777736279191,53.46298904047924,24,0,15
300438.SZ,鹏辉能源,19.57,38.20408841666456,18.63408841666456,95.2176209333907,400,454,-54,48.8152667955886,44.03746718614333,48.475118241435425,26,2,22
600580.SH,卧龙电驱,30.47,38.65561719539019,8.185617195390194,26.86451327663339,240,405,-165,51.57082417443911,45.86085500630776,46.680068319861064,21,0,17
301238.SZ,瑞泰新材,20.01,39.611000951433084,19.601000951433083,97.95602674379352,375,266,109,51.57082417443911,47.805788158144345,48.376531696450094,13,0,26
601898.SH,中煤能源,51.01,39.622449139387186,-11.387550860612812,-22.324153814179205,65,262,-197,51.57082417443911,47.23892253231332,48.64173501544869,8,0,30
603619.SH,中曼石油,20.78,40.145507464681714,19.365507464681713,93.19300993590815,342,183,159,51.57082417443911,46.9346935992918,50.60514043238021,21,0,17
00006.HK,POWER ASSETS,27.62,39.575331819524536,11.955331819524535,43.285053655049,265,273,-8,51.57082417443911,47.04144807043,48.24031727315082,3,0,35
688599.SH,天合光能,63.29,32.721381485478574,-30.568618514521425,-48.299286640103375,12,595,-583,40.123720951964245,45.09174089298345,39.897779308001205,28,0,14
09689.HK,JTF INTL,41.61,42.935683007898234,1.3256830078982347,3.1859721410676154,144,13,131,58.60824923986949,47.04144807043,51.24972656561135,7,0,30
603333.SH,尚纬股份,17.56,38.325051777652696,20.765051777652697,118.25200328959396,526,443,83,51.57082417443911,44.98448958467769,45.901627085314296,15,0,23
688778.SH,厦钨新能,42.35,39.284075560169136,-3.065924439830866,-7.23949100314254,133,319,-186,53.420647083631664,48.42921698976225,44.59313025720333,32,3,11
600483.SH,福能股份,41.22,40.75882067828379,-0.4611793217162088,-1.1188241671911907,149,120,29,48.99835009645503,63.22856614342735,46.41839124723952,31,5,9
688567.SH,孚能科技,41.44,38.59172026701696,-2.8482797329830376,-6.873261903916597,145,414,-269,51.57082417443911,45.09173941765663,46.763443252639355,20,0,18
301295.SZ,美硕科技,19.93,39.008827271877465,19.078827271877465,95.72918851920454,379,362,17,51.57082417443911,45.411205118655985,47.875882221327394,14,0,24
002366.SZ,融发核电,18.08,40.018255155075394,21.938255155075396,121.33990683116924,500,195,305,51.57082417443911,49.104926520218854,48.76522986892893,7,0,31
03303.HK,JUTAL OIL SER,34.49,39.47212871281967,4.982128712819666,14.445139787821587,211,291,-80,50.44559767911217,47.04144807043,49.15142021611204,9,0,28
00295.HK,KONG SUN HOLD,41.95,37.98435702922578,-3.9656429707742262,-9.453260955361682,139,480,-341,51.57082417443911,47.04144807043,43.30694531906162,7,0,31
600869.SH,远东股份,18.35,37.48944536922033,19.139445369220326,104.30215460065573,486,512,-26,51.57082417443911,43.25790612876181,44.44281998836673,19,0,19
01738.HK,FS ANTHRACITE,34.91,36.28162759765101,1.3716275976510133,3.929039237041001,206,566,-360,51.57082417443911,47.04144807043,38.296155825540374,8,0,29
002335.SZ,科华数据,19.48,42.412196479081416,22.932196479081416,117.72174783922698,408,22,386,51.57082417443911,57.079960036880586,52.1480779614864,14,0,25
601991.SH,大唐发电,40.11,38.039102981628474,-2.070897018371525,-5.1630441744490785,158,473,-315,40.799374660961284,60.90221899929915,48.18434478407062,25,2,21
688191.SH,智洋创新,22.58,37.76115409342003,15.181154093420034,67.23274620646606,304,495,-191,51.57082417443911,44.184339758512635,44.87282201027141,19,0,18
300713.SZ,英可瑞,12.75,38.18273139622086,25.43273139622086,199.47240310761458,621,457,164,51.57082417443911,52.65182435738895,41.977631765613076,21,0,19
002893.SZ,京能热力,36.56,41.279131972418995,4.719131972418992,12.907910209023502,192,77,115,51.57082417443911,52.8547018290565,51.025490426014635,20,0,18
300953.SZ,震裕科技,16.26,39.62695518348826,23.366955183488262,143.7082114605674,571,261,310,48.55177002433885,49.103447243703826,50.90475805068454,14,0,26
00689.HK,EPI (HOLDINGS),25.35,39.336224112377124,13.986224112377123,55.17248170562967,285,316,-31,51.57082417443911,47.04144807043,47.500692382111154,4,0,33
300410.SZ,正业科技,13.16,38.87422521341016,25.714225213410163,195.39684812621704,617,374,243,51.57082417443911,44.7103374388497,47.698088595513006,13,0,27
002459.SZ,晶澳科技,61.94,38.22293294074074,-23.717067059259257,-38.2903891818845,16,450,-434,51.707990001685424,47.40200215429028,42.63710922666438,19,1,23
600397.SH,江钨装备,15.03,36.32178412418686,21.29178412418686,141.66190368720467,593,565,28,51.57082417443911,44.598305062898035,39.944228756248876,16,0,22
002125.SZ,湘潭电化,20.23,41.58379912127376,21.353799121273763,105.55511182043382,366,54,312,51.57082417443911,58.827628881487875,47.57541774686926,15,0,24
300827.SZ,上能电气,17.5,40.393788523988576,22.893788523988576,130.82164870850613,531,157,374,51.57082417443911,47.11438715460916,51.30701672364815,13,0,27
300040.SZ,九洲集团,18.2,39.58404658457991,21.38404658457991,117.49476145373576,493,271,222,51.57082417443911,53.0830705210044,45.83063574259258,22,0,17
01080.HK,SHENGLI PIPE,36.78,40.07271973325923,3.2927197332592257,8.95247344551176,189,188,1,51.57082417443911,47.04144807043,49.951581134125576,5,0,32
301292.SZ,海科新源,19.83,39.244153229797526,19.414153229797527,97.90294114875205,387,326,61,51.57082417443911,47.54483065989871,47.2899459018219,12,0,26
301278.SZ,快可电子,19.14,41.887077344543094,22.747077344543094,118.84575415121783,430,38,392,51.57082417443911,58.99034307060916,49.50146425610063,14,0,25
002857.SZ,三晖电气,15.53,39.59326985707229,24.063269857072292,154.94700487490206,584,270,314,51.57082417443911,51.97746221823679,45.81373986030691,11,0,27
603806.SH,福斯特,45.02,36.83394481548134,-8.186055184518665,-18.183152342333774,106,548,-442,51.57082417443911,44.946939406462675,41.70164461454731,20,0,18
002865.SZ,钧达股份,20.6,38.61230281281938,18.012302812819378,87.4383631690261,350,411,-61,53.46927697512582,43.310929503929806,44.944244973709125,29,1,14
01799.HK,XINTE ENERGY,18.9,38.180598399608066,19.280598399608067,102.01374814607445,452,458,-6,51.57082417443911,44.34361616186464,45.66382418938821,14,0,23
600777.SH,*ST新潮,29.38,39.19755874026296,9.817558740262964,33.415788768764344,248,331,-83,50.980297797353245,47.11860211833029,47.91000177888601,19,1,19
002608.SZ,江苏国信,43.84,40.55381620868182,-3.28618379131818,-7.495857188225775,120,140,-20,51.57082417443911,46.38397659287093,52.332475695737585,10,0,29
001896.SZ,豫能控股,14.58,38.08313813903688,23.503138139036885,161.20122180409388,601,470,131,51.57082417443911,50.97733531118427,42.527942554360855,21,0,18
01277.HK,KINETIC DEV,41.35,39.1160533655654,-2.233946634434602,-5.402531159454902,147,346,-199,51.682420699247324,47.04144807043,46.69987788614054,10,0,27
600475.SH,华光环能,46.78,38.97214556775272,-7.807854432247282,-16.690582369062167,89,365,-276,51.68713648191105,46.784603879219475,46.84533729403245,21,2,17
603050.SH,科林电气,17.13,38.649757755599865,21.519757755599866,125.62613984588364,545,406,139,51.57082417443911,45.59874410889946,46.8040210615682,21,0,17
000720.SZ,新能泰山,30.85,40.579703104279304,9.729703104279302,31.538745880970183,235,137,98,51.57082417443911,54.766340470827174,47.82234416683761,13,0,25
000591.SZ,太阳能,20.5,40.063641415318585,19.563641415318585,95.43239714789554,355,191,164,51.70755006617708,53.07773569883213,46.2949903429451,12,2,26
301222.SZ,浙江恒威,19.85,39.734090265270936,19.884090265270935,100.17173937164199,386,246,140,51.57082417443911,56.34859178955146,43.532361509851285,17,0,22
301121.SZ,紫建电子,17.52,39.79006211435287,22.27006211435287,127.1122266800963,530,233,297,51.57082417443911,52.6429879456491,46.439001895622845,19,0,21
600886.SH,国投电力,46.76,39.43862724059888,-7.321372759401115,-15.657341230541308,90,301,-211,51.89940548425521,49.03715940230983,46.98020192188131,21,0,16
688063.SH,派能科技,55.65,39.88456215985931,-15.765437840140692,-28.3296277450866,43,213,-170,53.72065285839496,49.450538613136686,45.22250831441934,24,1,20
605117.SH,德业股份,21.3,42.695174824043555,21.395174824043554,100.44683015982889,324,18,306,52.15012765085705,52.6935936770837,54.96962020434369,28,1,14
00866.HK,CHINA QINFA,36.82,40.43626641669956,3.6162664166995597,9.82147315779348,188,149,39,51.57082417443911,47.04144807043,51.12476636466323,7,0,31
00003.HK,HK & CHINA GAS,54.78,0.0,-54.78,-100.0,47,604,-557,0.0,0.0,0.0,1,0,0
600509.SH,天富能源,16.3,38.72149358592289,22.421493585922892,137.55517537376008,569,396,173,51.6724794559912,43.99581368839713,47.58883876494599,25,2,14
601311.SH,骆驼股份,31.52,41.55918374735913,10.039183747359129,31.850202244159675,230,57,173,51.57082417443911,47.32517728214788,54.59832061841743,21,0,17
300390.SZ,天华新能,21.53,39.25958571506066,17.729585715060658,82.34828478894872,317,323,-6,51.57082417443911,52.54180780790255,44.80424685924836,15,0,23
002801.SZ,微光股份,30.51,38.547491419694836,8.037491419694835,26.343793574876546,239,420,-181,51.57082417443911,46.74138444319946,45.93635605788609,21,0,17
00228.HK,CHINA ENERGY,43.53,38.52847743676496,-5.001522563235042,-11.489828998931868,123,423,-300,51.57082417443911,47.04144807043,45.09087179545951,8,0,30
002129.SZ,TCL中环,60.4,38.790950305810405,-21.609049694189594,-35.7765723413735,21,384,-363,50.959741403439935,52.614596343024886,43.417524939502336,22,1,21
02178.HK,PETRO-KING,33.63,40.466438919557646,6.836438919557644,20.328394051613568,220,145,75,51.57082417443911,45.05121554146203,52.449828428821306,6,0,31
603191.SH,望变电气,19.93,37.83236040954054,17.90236040954054,89.82619372574281,378,491,-113,51.57082417443911,44.28185157750055,44.773918428969324,16,0,23
002074.SZ,国轩高科,43.54,40.930074423740855,-2.609925576259144,-5.994316895404557,122,104,18,53.69916753877788,52.724798456511486,46.86712461421882,36,1,12
300491.SZ,通合科技,18.29,42.83476267403139,24.54476267403139,134.19771828338648,488,14,474,52.03342970007941,63.04648873492131,49.31173714627974,31,1,16
000539.SZ,粤电力Ａ,26.71,38.03269346701209,11.322693467012087,42.391214777282244,274,474,-200,51.57082417443911,43.40244982261359,45.54468369613512,7,0,30
601126.SH,四方股份,53.92,40.924560934328014,-12.995439065671988,-24.10133357876852,49,105,-56,51.925122652623024,50.74934917117967,50.63438254819921,24,1,16
300443.SZ,金雷股份,17.23,37.87209099222624,20.64209099222624,119.80319786550342,539,486,53,51.57082417443911,47.95926139143759,42.68793416114591,15,0,23
000819.SZ,岳阳兴长,27.24,43.636344309486766,16.396344309486768,60.19215972645656,271,5,266,57.45172162127769,47.91779197552886,54.27448308618988,27,2,19
300450.SZ,先导智能,39.22,41.22510905801735,2.0051090580173536,5.112465726714313,165,84,81,51.57082417443911,55.53374189578697,49.46023273658861,22,0,17
301511.SZ,德福科技,19.07,40.130924269948,21.060924269947996,110.44008531697953,437,184,253,47.64292461946197,53.82680757171317,50.614652567062464,16,0,23
301358.SZ,湖南裕能,19.12,42.721539372426754,23.601539372426753,123.43901345411481,431,17,414,54.38143037169818,58.07535458324855,49.81657958023306,31,3,9
688681.SH,科汇股份,35.08,38.6807766482529,3.6007766482529036,10.264471631279658,205,401,-196,51.57082417443911,46.430464339376066,46.54220446477152,22,0,16
601222.SH,林洋能源,28.65,37.576518836861275,8.926518836861277,31.157133811034125,253,505,-252,51.57082417443911,44.90016739616465,44.00347569840209,21,0,17
600025.SH,华能水电,37.38,40.37628146706527,2.996281467065266,8.015734261811842,185,159,26,51.57082417443911,47.79248487610343,50.897218354910514,22,0,16
300407.SZ,凯发电气,20.09,41.63219181435505,21.542191814355053,107.2284311316827,372,50,322,51.57082417443911,53.06068794811448,51.9530119005317,14,0,25
01229.HK,NAN NAN RES,32.03,41.54255532492135,9.512555324921351,29.698892678493134,227,59,168,51.57082417443911,47.04144807043,54.731557971213235,5,0,32
600395.SH,盘江股份,21.42,38.966206015907886,17.546206015907885,81.91506076520953,322,366,-44,51.57082417443911,44.04412272351034,48.496686646618436,22,0,16
002479.SZ,富春环保,46.12,31.274650409971755,-14.845349590028242,-32.18852903301874,94,600,-506,22.918254396816867,56.08820351047912,48.14758951497171,43,0,6
600979.SH,广安爱众,19.74,36.9436596544495,17.2036596544495,87.1512647135233,392,540,-148,51.57082417443911,44.32514852384098,42.31945037366231,20,0,19
600416.SH,湘电股份,29.29,37.82029421354058,8.530294213540579,29.123571913760937,249,492,-243,51.57082417443911,45.50892269061005,44.379274447073044,20,0,18
688560.SH,明冠新材,34.54,34.98322673269069,0.4432267326906896,1.2832273673731605,210,586,-376,51.57082417443911,43.438668740531575,36.77195797139091,18,0,20
300432.SZ,富临精工,20.25,40.954317934280134,20.704317934280134,102.2435453544698,365,101,264,51.57082417443911,48.78380957273612,52.21023272435847,11,0,28
688147.SH,微导纳米,18.81,40.47902159350168,21.66902159350168,115.19947683945604,464,143,321,51.57082417443911,54.43366682038418,46.87282221898161,8,0,30
00632.HK,CHK OIL,44.14,41.9150751785447,-2.2249248214553035,-5.040609020061856,114,37,77,58.07148356596504,47.04144807043,46.97970387823812,7,0,30
600149.SH,廊坊发展,15.31,40.60592653832381,25.295926538323805,165.22486308506728,587,134,453,51.57082417443911,44.39736225222577,52.90373568966737,19,0,19
301012.SZ,扬电科技,19.19,38.35953983032103,19.169539830321032,99.89338108557077,425,440,-15,51.57082417443911,43.362267811052305,46.811570424315214,13,0,25
00600.HK,AXERA,31.39,33.04553310060094,1.655533100600941,5.274078052248936,231,594,-363,33.744406168790086,47.04144807043,49.21175264194136,2,0,35
301150.SZ,中一科技,19.97,40.71246885856515,20.742468858565154,103.86814651259466,376,126,250,51.57082417443911,54.889151259461585,47.91726928966914,20,0,18
300853.SZ,申昊科技,12.32,39.35719971886925,27.037199718869253,219.4577899258868,624,312,312,51.57082417443911,47.96592764378797,47.37670849750182,12,0,27
002498.SZ,汉缆股份,29.56,40.80000834500993,11.24000834500993,38.02438547026363,247,116,131,51.57082417443911,51.90637019681228,49.865172358745184,13,0,25
600023.SH,浙能电力,31.65,30.503547715228684,-1.1464522847713141,-3.6222821003832992,229,601,-372,23.659725161878946,46.55007744360181,49.47705889401155,28,0,13
603577.SH,汇金通,28.29,37.22938392969133,8.939383929691331,31.5990948380747,258,524,-266,51.57082417443911,44.15744157015824,43.36611636601443,22,0,16
300660.SZ,江苏雷利,18.62,40.002750485371735,21.382750485371734,114.83754288599212,479,198,281,51.57082417443911,48.109826632603856,49.48773653962708,13,0,27
603628.SH,清源股份,21.5,37.88170512990738,16.38170512990738,76.19397734840643,319,485,-166,51.57082417443911,44.41014566706686,45.07872362218738,20,0,18
600884.SH,杉杉股份,27.3,38.41765476083204,11.117654760832043,40.72401011293788,270,436,-166,51.57082417443911,53.83533513706538,42.35046671111509,21,0,17
600236.SH,桂冠电力,47.0,39.11972246258417,-7.880277537415829,-16.76654795194857,87,345,-258,45.2371057734143,52.76018454872791,51.447180529308035,44,1,6
000601.SZ,韶能股份,15.91,38.62768381963926,22.71768381963926,142.78871036856856,575,409,166,51.57082417443911,43.72769506345531,47.432191715070296,10,0,30
301179.SZ,泽宇智能,19.53,39.238036265900845,19.708036265900844,100.91160402406987,405,327,78,51.57082417443911,53.01243023966377,43.87325212277018,15,0,23
688573.SH,信宇人,17.14,35.76978169382915,18.629781693829152,108.69184185431244,544,575,-31,51.57082417443911,46.9693325244633,37.55845148361704,18,0,20
002128.SZ,电投能源,27.63,40.362218841752885,12.732218841752886,46.08113949241001,264,162,102,48.85869760973301,58.2183879859915,47.717221201478054,31,1,18
601857.SH,中国石油,52.26,39.12713381580818,-13.132866184191819,-25.12986257977769,58,343,-285,49.99331668282897,46.07658022430176,49.103458389179416,10,0,33
601616.SH,广电电气,26.49,35.949953672641655,9.459953672641657,35.711414392758236,275,571,-296,51.57082417443911,45.44469682984667,39.00772064462029,22,0,16
300670.SZ,大烨智能,10.66,37.602515895136506,26.942515895136506,252.74405154912293,630,504,126,51.57082417443911,53.3220388192366,39.109328679818304,13,0,26
600780.SH,通宝能源,32.41,32.005269617696975,-0.40473038230302194,-1.248782419941444,225,597,-372,27.219022961853547,42.97334083515077,52.423094306610096,34,0,11
002823.SZ,凯中精密,18.78,40.84490158651866,22.06490158651866,117.49148874610573,465,111,354,51.57082417443911,52.89132763930233,49.60359415406821,17,0,22
002245.SZ,蔚蓝锂芯,19.56,39.48395735444208,19.923957354442084,101.86072267097181,401,290,111,48.434389960868984,51.39126427079389,49.37362768191083,21,1,24
300919.SZ,中伟新材,38.7,41.61357451570881,2.9135745157088095,7.5286163196610065,172,53,119,55.37755116870765,49.68166379245189,49.1678545301476,30,4,13
002490.SZ,山东墨龙,32.0,39.65070946088167,7.6507094608816715,23.908467065255223,228,256,-28,51.57082417443911,52.74418454388463,46.246577826118134,23,0,17
600938.SH,中国海油,59.49,39.5307886984063,-19.959211301593704,-33.550531688676585,30,281,-251,51.57082417443911,44.22012221999995,49.806399484200895,3,0,34
600982.SH,宁波能源,29.16,38.90237708725272,9.742377087252716,33.410072315681475,250,370,-120,51.95799928569062,44.98688133689057,47.250254365660254,21,1,17
300014.SZ,亿纬锂能,53.32,40.23991032036066,-13.080089679639343,-24.53130097456741,52,174,-122,51.57082417443911,54.91223328210844,46.99219545823508,24,0,16
002452.SZ,长高电新,15.6,40.837881532804396,25.237881532804394,161.78129187695126,583,112,471,51.57082417443911,53.16465933194291,49.414661800854404,16,0,23
603727.SH,博迈科,17.1,38.53596200464787,21.43596200464787,125.35650295115713,546,422,124,51.57082417443911,48.67410987389289,44.95517577444808,22,0,16
603819.SH,神力股份,16.77,37.038071127205214,20.268071127205214,120.85910034111637,558,536,22,51.57082417443911,44.042225996308204,42.801382427317485,20,0,18
002249.SZ,大洋电机,51.88,42.0598547903929,-9.820145209607105,-18.928575963005212,61,33,28,51.57082417443911,55.238059991731376,52.06479958162691,24,0,16
300286.SZ,安科瑞,20.77,40.91150091390751,20.14150091390751,96.97400536305976,343,108,235,51.57082417443911,55.92641595442193,47.56871085389855,13,0,26
01193.HK,CHINA RES GAS,45.2,40.06700051836801,-5.132999481631991,-11.356193543433609,102,189,-87,51.57082417443911,47.04144807043,49.93672263001906,7,0,31
001331.SZ,胜通能源,20.15,40.48873726848976,20.33873726848976,100.93666138208317,369,142,227,51.57082417443911,45.86067398213714,52.46922995100046,12,0,27
300141.SZ,和顺电气,15.72,39.73363216279324,24.013632162793243,152.75847431802316,579,247,332,51.57082417443911,51.63097415488675,46.39198909052862,12,0,27
603659.SH,璞泰来,47.1,39.179076864424346,-7.920923135575656,-16.817246572347464,85,335,-250,51.57082417443911,46.02227703229314,48.16742901847523,22,0,16
00206.HK,CM-ENERGY,47.26,37.53142593607144,-9.728574063928555,-20.585218078562324,83,509,-426,45.21047235472698,47.04144807043,48.95783976167655,6,0,33
300693.SZ,盛弘股份,50.78,40.92038330930819,-9.859616690691809,-19.41633850077158,67,106,-39,51.57082417443911,48.0960364165247,52.511558642185335,16,0,24
600310.SH,广西能源,44.56,39.516144686384656,-5.043855313615346,-11.319244420142157,111,285,-174,52.52052725087545,53.15934407360507,44.64970829560455,21,0,17
301266.SZ,宇邦新材,19.22,40.07870862442168,20.85870862442168,108.52605944027931,423,187,236,51.57082417443911,47.51011667968661,50.10711922531008,15,0,24
002169.SZ,智光电气,19.65,40.02939905328974,20.379399053289738,103.71195446966787,396,193,203,51.57082417443911,46.489906520562364,50.51826485841828,7,0,32
301157.SZ,华塑科技,19.88,39.99449066643867,20.114490666438673,101.17953051528508,382,200,182,51.57082417443911,57.00971334589078,43.856827904561946,12,0,27
603212.SH,赛伍技术,19.11,36.36049491222097,17.250494912220972,90.2694657887021,434,562,-128,51.57082417443911,44.76510524383183,40.29898290775413,19,0,20
002980.SZ,华盛昌,18.24,39.54510672409544,21.30510672409544,116.80431318034783,490,278,212,51.57082417443911,49.8422017300974,47.04134563233842,15,0,25
605028.SH,世茂能源,29.9,40.23780887628027,10.33780887628027,34.57461162635542,245,175,70,49.87908233989383,52.52619905430744,49.274344650746336,10,1,29
000531.SZ,穗恒运Ａ,15.79,31.62381467833279,15.83381467833279,100.27748371331722,578,599,-21,16.596069794275703,69.77317485337616,51.83639618701302,42,0,6
603097.SH,江苏华辰,19.43,37.71644922481733,18.286449224817332,94.1145096490856,412,497,-85,51.57082417443911,45.01583226315878,44.31277615192114,20,0,18
00686.HK,BJ ENERGY INTL,64.12,38.37860462752283,-25.74139537247717,-40.14565716231623,11,438,-427,51.57082417443911,47.04144807043,44.69886896675487,8,0,29
300490.SZ,华自科技,11.61,35.971218566090776,24.361218566090777,209.82961727899033,625,570,55,51.57082417443911,46.28960713642907,38.23520241256342,22,0,17
301217.SZ,铜冠铜箔,24.03,41.509727313378264,17.479727313378262,72.74127055088748,291,61,230,51.57082417443911,54.21073650617526,50.92669633179443,13,0,25
003022.SZ,联泓新科,22.22,40.27093611407219,18.050936114072194,81.23733624694957,308,170,138,51.57082417443911,53.672433590368684,46.89739215044891,12,0,27
00639.HK,SHOUGANG RES,50.66,37.76867772215973,-12.891322277840267,-25.44674748882801,69,494,-425,51.57082417443911,47.04144807043,43.099738744749104,11,0,26
688429.SH,时创能源,22.62,37.077547115795824,14.457547115795823,63.914885569389135,303,535,-232,51.57082417443911,47.85643057838361,41.09485413923526,20,0,18
001376.SZ,百通能源,22.89,41.77434941400839,18.88434941400839,82.50043431196326,301,45,256,51.57082417443911,52.9557365342489,52.47240617772066,14,0,26
605162.SH,新中港,20.77,37.18878459876722,16.41878459876722,79.05047953185952,344,527,-183,44.22023162527267,48.85465813541456,47.88696760220261,30,5,10
603489.SH,八方股份,20.26,37.535348024269375,17.275348024269373,85.26825283449838,364,508,-144,51.57082417443911,45.082634351907345,43.68603310862512,21,0,18
605378.SH,野马电池,19.51,37.26490217536836,17.75490217536836,91.00411161131912,406,520,-114,51.57082417443911,45.54884073980077,42.76458565317496,21,0,17
301516.SZ,中远通,18.84,38.12846701552554,19.288467015525537,102.38039817157929,458,463,-5,51.57082417443911,43.13016389528619,46.27548328785687,15,0,24
605222.SH,起帆电缆,17.59,38.67352081750463,21.08352081750463,119.86083466460849,523,403,120,51.57082417443911,45.09513788724643,47.16650140094198,21,0,17
600635.SH,大众公用,47.42,39.58246439457146,-7.837535605428542,-16.527911441224255,81,272,-191,48.39317483080592,51.22710104944652,49.608423643201334,26,3,16
688408.SH,中信博,30.54,38.78333123242633,8.243331232426328,26.991916281684112,238,386,-148,51.57082417443911,47.813530260025765,46.00059356296507,19,0,19
600207.SH,安彩高科,18.99,36.11195721066642,17.12195721066642,90.16301848692166,444,567,-123,51.57082417443911,43.30121650569253,40.40330860622871,22,0,17
00951.HK,CHAOWEI POWER,18.85,40.40220245502043,21.552202455020428,114.33529153856989,456,155,301,50.849376482968644,47.04144807043,51.730169400577886,9,1,28
300457.SZ,赢合科技,15.79,40.2255406826963,24.4355406826963,154.75326588154718,577,177,400,51.57082417443911,51.881293195577,47.89973578463402,13,0,27
600681.SH,百川能源,20.64,42.6208763048169,21.980876304816903,106.4964937248881,349,20,329,51.57082417443911,44.6636223512418,59.28331821959162,18,0,19
688226.SH,威腾电气,32.08,38.031858330640304,5.951858330640306,18.5531743473825,226,475,-249,51.57082417443911,45.46817704668879,44.96564098188642,19,0,19
300153.SZ,科泰电源,18.63,39.467573058263866,20.837573058263867,111.84956016244696,476,293,183,51.57082417443911,50.52257815866237,46.322020097279164,18,0,22
603031.SH,安孚科技,22.52,41.56811204798324,19.048112047983242,84.58309079921511,306,55,251,52.31197123284119,48.386962537484024,53.52286846540354,41,1,5
002028.SZ,思源电气,19.18,39.84825386564484,20.668253865644843,107.75940493036936,426,226,200,52.031217598561895,42.80612187523236,51.501032821755174,16,1,24
600508.SH,上海能源,25.6,40.959316947186764,15.359316947186763,59.99733182494828,283,100,183,54.43128190593945,54.77281759422673,45.51434199106845,37,2,9
002441.SZ,众业达,18.46,42.17617614426427,23.716176144264267,128.47332689200576,483,28,455,51.57082417443911,54.61798016216019,52.840674113746786,12,0,26
300904.SZ,威力传动,17.75,38.956521433218995,21.206521433218995,119.47336018714927,517,368,149,51.57082417443911,52.5572693376982,43.48270191065058,15,0,23
08536.HK,TL NATURAL GAS,32.9,39.38284813549061,6.482848135490613,19.704705578998823,223,311,-88,51.57082417443911,47.04144807043,47.55074688365579,2,0,35
600885.SH,宏发股份,49.69,41.16776202914724,-8.522237970852757,-17.150810969717764,71,89,-18,52.04414085956619,48.11747515061852,52.46044772560217,36,1,10
002309.SZ,中利集团,14.29,40.207415847458925,25.917415847458926,181.3675006820079,605,179,426,51.57082417443911,53.512560518844765,47.14417036289342,14,0,25
601918.SH,新集能源,37.71,39.77564265041869,2.065642650418688,5.477705251706943,181,237,-56,50.80403975039838,44.84922910136297,51.163820703001434,21,0,17
00451.HK,GCL NEWENERGY,35.71,39.12558326188405,3.415583261884052,9.564780906984184,199,344,-145,52.5532978704732,44.4013976858635,46.18075298938549,9,0,28
603906.SH,龙蟠科技,18.67,36.774499172717036,18.104499172717034,96.97107216238368,472,550,-78,51.961245772445146,45.0161874715152,40.67073984851855,20,1,18
688348.SH,昱能科技,19.91,37.14012619362341,17.23012619362341,86.54006124371377,380,530,-150,51.57082417443911,45.43392812777049,42.0070263487913,14,0,24
600732.SH,爱旭股份,61.67,35.81407760338876,-25.85592239661124,-41.92625652117925,17,574,-557,49.37044002885663,44.138751064972965,39.85597658134663,35,1,10
605066.SH,天正电气,15.65,38.698076289636326,23.048076289636327,147.2720529689222,582,400,182,51.57082417443911,45.606665141749815,46.84987062421901,18,0,20
00276.HK,MONGOLIA ENERGY,37.58,39.63573850781853,2.055738507818532,5.470299382167462,183,259,-76,51.57082417443911,47.04144807043,48.404248849111376,2,0,36
688148.SH,芳源股份,16.18,35.753099703090605,19.573099703090605,120.9709499572967,573,576,-3,51.57082417443911,43.675880996044114,39.149840478225,20,0,18
08132.HK,CENTURY EN INTL,14.44,38.472514094130595,24.032514094130597,166.43015300644458,602,431,171,51.57082417443911,47.04144807043,44.630839579136406,4,0,33
301002.SZ,崧盛股份,19.77,41.372272999139376,21.602272999139377,109.26794637905604,390,68,322,51.57082417443911,52.43750913507898,51.45751072222006,12,0,26
300593.SZ,新雷能,19.44,39.040598593237064,19.600598593237063,100.82612445080792,410,355,55,51.57082417443911,46.41256756577444,47.28596084662853,11,0,27
001258.SZ,立新能源,40.31,38.47717191922604,-1.8328280807739645,-4.5468322519820505,155,430,-275,50.53614863760715,51.03349678831342,44.46355613582337,25,0,14
601877.SH,正泰电器,53.22,40.942099424297744,-12.277900575702255,-23.070087515411977,54,102,-48,54.17180053186318,57.988768319325985,44.65121406910815,33,0,11
600803.SH,新奥股份,58.71,41.42919715113647,-17.28080284886353,-29.43417279656537,31,64,-33,52.26565583126652,53.23437601113791,50.01726226400152,22,0,25
600917.SH,重庆燃气,38.52,42.15334172261099,3.633341722610986,9.432351304805259,175,29,146,51.554764187156216,58.87653941794354,50.434172451670555,32,0,13
688116.SH,天奈科技,25.73,38.06480925131154,12.334809251311537,47.93940634011479,282,471,-189,51.658791917704825,44.928689276473925,45.24452114919932,24,1,16
001289.SZ,龙源电力,51.82,39.98287692551147,-11.837123074488531,-22.842769344825417,62,201,-139,51.57082417443911,54.857138156057744,45.22891815019703,9,0,29
600152.SH,维科技术,17.34,38.4835383583889,21.1435383583889,121.9350539699475,536,429,107,51.57082417443911,46.05728243368238,45.928522381324825,17,0,21
301210.SZ,金杨精密,18.99,39.13561874141604,20.14561874141604,106.08540674784646,443,340,103,51.57082417443911,47.0754393459137,47.296474912889586,14,0,24
603693.SH,江苏新能,29.16,40.42283789609443,11.262837896094428,38.62427262035126,251,152,99,51.66002672861201,58.38151360906717,45.56052614262626,27,1,14
605169.SH,洪通燃气,20.81,42.00005644164851,21.19005644164851,101.82631639427444,339,35,304,51.57082417443911,47.76379664990378,55.5474604670377,20,0,18
000922.SZ,佳电股份,46.75,41.532082559730796,-5.217917440269204,-11.161320727848564,91,60,31,51.57082417443911,47.751654414958395,54.88615276116962,14,0,25
603530.SH,神马电力,15.19,39.85124732601266,24.661247326012663,162.35185863076146,591,224,367,51.57082417443911,47.88648236725722,49.25542152788603,22,0,17
603320.SH,迪贝电气,27.64,38.55104877584998,10.911048775849977,39.47557444229369,263,419,-156,51.72686706536196,46.58358109543211,45.68803229185185,23,1,15
002576.SZ,通达动力,17.85,40.2798333030679,22.429833303067902,125.65732942895183,511,167,344,51.57082417443911,50.135453569499305,49.12311647332019,10,0,28
000993.SZ,闽东电力,28.53,41.17167932837588,12.64167932837588,44.3101273339498,255,88,167,51.57082417443911,51.22048117726209,51.49648518460301,13,0,25
601233.SH,桐昆股份,17.55,39.96939993687255,22.419399936872548,127.74586858616837,527,204,323,51.66184241133845,43.14871988272907,51.6549756610855,25,1,17
603318.SH,水发燃气,30.26,38.647395518641645,8.387395518641643,27.71776443701799,241,408,-167,51.57082417443911,43.47929894994957,47.96063231134298,21,0,17
002451.SZ,摩恩电气,17.67,40.63519402633978,22.96519402633978,129.96714219773503,520,132,388,51.57082417443911,50.87271131752443,49.915753625999976,11,0,27
300018.SZ,中元股份,16.42,40.46738941719882,24.047389417198815,146.45182349085758,567,144,423,51.57082417443911,54.10301375440434,47.66891379798248,14,0,24
00182.HK,CONCORD NE,44.57,38.326541491907754,-6.243458508092246,-14.00820845432409,110,442,-332,51.51133848640684,47.04144807043,44.32703375650465,9,0,29
603985.SH,恒润股份,14.1,38.95995826297019,24.85995826297019,176.31176073028502,608,367,241,51.43404377371119,43.97125866253931,48.16749532425978,29,1,14
600333.SH,长春燃气,15.34,36.73783601340544,21.397836013405442,139.4904564107265,586,552,34,51.57082417443911,44.342229856423806,41.77291761850829,20,0,18
