stock_code,company_name,exchange,report_year,annual_status,esg_status,next_action,priority
00702.HK,SINO OIL & GAS,HKEX,2025,missing,missing,discover_annual_and_esg,1
01101.HK,HUARONG ENERGY,HKEX,2025,missing,missing,discover_annual_and_esg,1
920010.BJ,凯添燃气,BSE,2025,collected,missing,discover_esg_or_scan_annual,2
920046.BJ,亿能电力,BSE,2025,collected,missing,discover_esg_or_scan_annual,2
920062.BJ,科润智控,BSE,2025,collected,missing,discover_esg_or_scan_annual,2
920110.BJ,雷特科技,BSE,2025,collected,missing,discover_esg_or_scan_annual,2
920152.BJ,昆工科技,BSE,2025,collected,missing,discover_esg_or_scan_annual,2
920167.BJ,同享科技,BSE,2025,collected,missing,discover_esg_or_scan_annual,2
920185.BJ,贝特瑞,BSE,2025,collected,missing,discover_esg_or_scan_annual,2
920237.BJ,力佳科技,BSE,2025,collected,missing,discover_esg_or_scan_annual,2
920239.BJ,长虹能源,BSE,2025,collected,missing,discover_esg_or_scan_annual,2
920252.BJ,天宏锂电,BSE,2025,collected,missing,discover_esg_or_scan_annual,2
920299.BJ,灿能电力,BSE,2025,collected,missing,discover_esg_or_scan_annual,2
920368.BJ,连城数控,BSE,2025,collected,missing,discover_esg_or_scan_annual,2
920375.BJ,派诺科技,BSE,2025,collected,missing,discover_esg_or_scan_annual,2
920414.BJ,欧普泰,BSE,2025,collected,missing,discover_esg_or_scan_annual,2
920496.BJ,许昌智能,BSE,2025,collected,missing,discover_esg_or_scan_annual,2
920522.BJ,纳科诺尔,BSE,2025,collected,missing,discover_esg_or_scan_annual,2
920523.BJ,德瑞锂电,BSE,2025,collected,missing,discover_esg_or_scan_annual,2
920556.BJ,雅达股份,BSE,2025,collected,missing,discover_esg_or_scan_annual,2
920627.BJ,力王股份,BSE,2025,collected,missing,discover_esg_or_scan_annual,2
920639.BJ,晨光电缆,BSE,2025,collected,missing,discover_esg_or_scan_annual,2
920682.BJ,球冠电缆,BSE,2025,collected,missing,discover_esg_or_scan_annual,2
920770.BJ,艾能聚,BSE,2025,collected,missing,discover_esg_or_scan_annual,2
920779.BJ,武汉蓝电,BSE,2025,collected,missing,discover_esg_or_scan_annual,2
920809.BJ,安达科技,BSE,2025,collected,missing,discover_esg_or_scan_annual,2
920914.BJ,远航精密,BSE,2025,collected,missing,discover_esg_or_scan_annual,2
920985.BJ,海泰新能,BSE,2025,collected,missing,discover_esg_or_scan_annual,2
00002.HK,CLP HOLDINGS,HKEX,2025,collected,missing,discover_esg_or_scan_annual,2
00065.HK,GRAND OCEAN AR,HKEX,2025,collected,missing,discover_esg_or_scan_annual,2
00206.HK,CM-ENERGY,HKEX,2025,collected,missing,discover_esg_or_scan_annual,2
00276.HK,MONGOLIA ENERGY,HKEX,2025,collected,missing,discover_esg_or_scan_annual,2
00295.HK,KONG SUN HOLD,HKEX,2025,collected,missing,discover_esg_or_scan_annual,2
00332.HK,YUANHENGGAS-NEW,HKEX,2025,collected,missing,discover_esg_or_scan_annual,2
00600.HK,AXERA,HKEX,2025,collected,missing,discover_esg_or_scan_annual,2
00632.HK,CHK OIL,HKEX,2025,collected,missing,discover_esg_or_scan_annual,2
00639.HK,SHOUGANG RES,HKEX,2025,collected,missing,discover_esg_or_scan_annual,2
00645.HK,ARES ASIA,HKEX,2025,collected,missing,discover_esg_or_scan_annual,2
00650.HK,PRODUCTIVE TECH,HKEX,2025,collected,missing,discover_esg_or_scan_annual,2
00689.HK,EPI (HOLDINGS),HKEX,2025,collected,missing,discover_esg_or_scan_annual,2
00704.HK,HUSCOKE HLDGS,HKEX,2025,collected,missing,discover_esg_or_scan_annual,2
00866.HK,CHINA QINFA,HKEX,2025,collected,missing,discover_esg_or_scan_annual,2
00931.HK,CHINA HK POWER,HKEX,2025,collected,missing,discover_esg_or_scan_annual,2
00975.HK,MONGOL MINING,HKEX,2025,collected,missing,discover_esg_or_scan_annual,2
01080.HK,SHENGLI PIPE,HKEX,2025,collected,missing,discover_esg_or_scan_annual,2
01229.HK,NAN NAN RES,HKEX,2025,collected,missing,discover_esg_or_scan_annual,2
01251.HK,SPT ENERGY,HKEX,2025,collected,missing,discover_esg_or_scan_annual,2
01277.HK,KINETIC DEV,HKEX,2025,collected,missing,discover_esg_or_scan_annual,2
01393.HK,HIDILI INDUSTRY,HKEX,2025,collected,missing,discover_esg_or_scan_annual,2
01555.HK,MIE HOLDINGS,HKEX,2025,collected,missing,discover_esg_or_scan_annual,2
01621.HK,VICO INTL HLDGS,HKEX,2025,collected,missing,discover_esg_or_scan_annual,2
01798.HK,DATANG RENEW,HKEX,2025,collected,missing,discover_esg_or_scan_annual,2
01878.HK,SOUTHGOBI,HKEX,2025,collected,missing,discover_esg_or_scan_annual,2
01921.HK,DALIPAL HLDG,HKEX,2025,collected,missing,discover_esg_or_scan_annual,2
01938.HK,CHU KONG PIPE,HKEX,2025,collected,missing,discover_esg_or_scan_annual,2
02178.HK,PETRO-KING,HKEX,2025,collected,missing,discover_esg_or_scan_annual,2
02798.HK,PER ENERGY,HKEX,2025,collected,missing,discover_esg_or_scan_annual,2
03395.HK,JX ENERGY,HKEX,2025,collected,missing,discover_esg_or_scan_annual,2
06885.HK,JINMA ENERGY,HKEX,2025,collected,missing,discover_esg_or_scan_annual,2
08132.HK,CENTURY EN INTL,HKEX,2025,collected,missing,discover_esg_or_scan_annual,2
08347.HK,F8 ENT,HKEX,2025,collected,missing,discover_esg_or_scan_annual,2
08536.HK,TL NATURAL GAS,HKEX,2025,collected,missing,discover_esg_or_scan_annual,2
08631.HK,SUN KONG HLDGS,HKEX,2025,collected,missing,discover_esg_or_scan_annual,2
09689.HK,JTF INTL,HKEX,2025,collected,missing,discover_esg_or_scan_annual,2
600011.SH,华能国际,SSE,2025,collected,missing,discover_esg_or_scan_annual,2
600021.SH,上海电力,SSE,2025,collected,missing,discover_esg_or_scan_annual,2
600025.SH,华能水电,SSE,2025,collected,missing,discover_esg_or_scan_annual,2
600027.SH,华电国际,SSE,2025,collected,missing,discover_esg_or_scan_annual,2
600110.SH,诺德股份,SSE,2025,collected,missing,discover_esg_or_scan_annual,2
600116.SH,三峡水利,SSE,2025,collected,missing,discover_esg_or_scan_annual,2
600149.SH,廊坊发展,SSE,2025,collected,missing,discover_esg_or_scan_annual,2
600151.SH,航天机电,SSE,2025,collected,missing,discover_esg_or_scan_annual,2
600152.SH,维科技术,SSE,2025,collected,missing,discover_esg_or_scan_annual,2
600157.SH,永泰能源,SSE,2025,collected,missing,discover_esg_or_scan_annual,2
600188.SH,兖矿能源,SSE,2025,collected,missing,discover_esg_or_scan_annual,2
600192.SH,长城电工,SSE,2025,collected,missing,discover_esg_or_scan_annual,2
600212.SH,绿能慧充,SSE,2025,collected,missing,discover_esg_or_scan_annual,2
600241.SH,时代万恒,SSE,2025,collected,missing,discover_esg_or_scan_annual,2
600268.SH,国电南自,SSE,2025,collected,missing,discover_esg_or_scan_annual,2
600310.SH,广西能源,SSE,2025,collected,missing,discover_esg_or_scan_annual,2
600312.SH,平高电气,SSE,2025,collected,missing,discover_esg_or_scan_annual,2
600333.SH,长春燃气,SSE,2025,collected,missing,discover_esg_or_scan_annual,2
600339.SH,中油工程,SSE,2025,collected,missing,discover_esg_or_scan_annual,2
600379.SH,宝光股份,SSE,2025,collected,missing,discover_esg_or_scan_annual,2
600396.SH,华电辽能,SSE,2025,collected,missing,discover_esg_or_scan_annual,2
600397.SH,江钨装备,SSE,2025,collected,missing,discover_esg_or_scan_annual,2
600405.SH,动力源,SSE,2025,collected,missing,discover_esg_or_scan_annual,2
600406.SH,国电南瑞,SSE,2025,collected,missing,discover_esg_or_scan_annual,2
600416.SH,湘电股份,SSE,2025,collected,missing,discover_esg_or_scan_annual,2
600452.SH,涪陵电力,SSE,2025,collected,missing,discover_esg_or_scan_annual,2
600458.SH,时代新材,SSE,2025,collected,missing,discover_esg_or_scan_annual,2
600468.SH,百利电气,SSE,2025,collected,missing,discover_esg_or_scan_annual,2
600475.SH,华光环能,SSE,2025,collected,missing,discover_esg_or_scan_annual,2
600478.SH,科力远,SSE,2025,collected,missing,discover_esg_or_scan_annual,2
600505.SH,西昌电力,SSE,2025,collected,missing,discover_esg_or_scan_annual,2
600509.SH,天富能源,SSE,2025,collected,missing,discover_esg_or_scan_annual,2
600550.SH,保变电气,SSE,2025,collected,missing,discover_esg_or_scan_annual,2
600577.SH,精达股份,SSE,2025,collected,missing,discover_esg_or_scan_annual,2
600580.SH,卧龙电驱,SSE,2025,collected,missing,discover_esg_or_scan_annual,2
600617.SH,国新能源,SSE,2025,collected,missing,discover_esg_or_scan_annual,2
600642.SH,申能股份,SSE,2025,collected,missing,discover_esg_or_scan_annual,2
600644.SH,乐山电力,SSE,2025,collected,missing,discover_esg_or_scan_annual,2
600681.SH,百川能源,SSE,2025,collected,missing,discover_esg_or_scan_annual,2
600719.SH,大连热电,SSE,2025,collected,missing,discover_esg_or_scan_annual,2
600726.SH,华电能源,SSE,2025,collected,missing,discover_esg_or_scan_annual,2
600758.SH,辽宁能源,SSE,2025,collected,missing,discover_esg_or_scan_annual,2
600863.SH,华能蒙电,SSE,2025,collected,missing,discover_esg_or_scan_annual,2
600868.SH,梅雁吉祥,SSE,2025,collected,missing,discover_esg_or_scan_annual,2
600869.SH,远东股份,SSE,2025,collected,missing,discover_esg_or_scan_annual,2
600875.SH,东方电气,SSE,2025,collected,missing,discover_esg_or_scan_annual,2
600884.SH,杉杉股份,SSE,2025,collected,missing,discover_esg_or_scan_annual,2
600886.SH,国投电力,SSE,2025,collected,missing,discover_esg_or_scan_annual,2
600925.SH,苏能股份,SSE,2025,collected,missing,discover_esg_or_scan_annual,2
600938.SH,中国海油,SSE,2025,collected,missing,discover_esg_or_scan_annual,2
600973.SH,宝胜股份,SSE,2025,collected,missing,discover_esg_or_scan_annual,2
600979.SH,广安爱众,SSE,2025,collected,missing,discover_esg_or_scan_annual,2
600982.SH,宁波能源,SSE,2025,collected,missing,discover_esg_or_scan_annual,2
601016.SH,节能风电,SSE,2025,collected,missing,discover_esg_or_scan_annual,2
601179.SH,中国西电,SSE,2025,collected,missing,discover_esg_or_scan_annual,2
601218.SH,吉鑫科技,SSE,2025,collected,missing,discover_esg_or_scan_annual,2
601222.SH,林洋能源,SSE,2025,collected,missing,discover_esg_or_scan_annual,2
601311.SH,骆驼股份,SSE,2025,collected,missing,discover_esg_or_scan_annual,2
601611.SH,中国核建,SSE,2025,collected,missing,discover_esg_or_scan_annual,2
601616.SH,广电电气,SSE,2025,collected,missing,discover_esg_or_scan_annual,2
601669.SH,中国电建,SSE,2025,collected,missing,discover_esg_or_scan_annual,2
601700.SH,风范股份,SSE,2025,collected,missing,discover_esg_or_scan_annual,2
601808.SH,中海油服,SSE,2025,collected,missing,discover_esg_or_scan_annual,2
601865.SH,福莱特,SSE,2025,collected,missing,discover_esg_or_scan_annual,2
601868.SH,中国能建,SSE,2025,collected,missing,discover_esg_or_scan_annual,2
601898.SH,中煤能源,SSE,2025,collected,missing,discover_esg_or_scan_annual,2
601908.SH,京运通,SSE,2025,collected,missing,discover_esg_or_scan_annual,2
603016.SH,新宏泰,SSE,2025,collected,missing,discover_esg_or_scan_annual,2
603026.SH,石大胜华,SSE,2025,collected,missing,discover_esg_or_scan_annual,2
603050.SH,科林电气,SSE,2025,collected,missing,discover_esg_or_scan_annual,2
603070.SH,万控智造,SSE,2025,collected,missing,discover_esg_or_scan_annual,2
603080.SH,新疆火炬,SSE,2025,collected,missing,discover_esg_or_scan_annual,2
603097.SH,江苏华辰,SSE,2025,collected,missing,discover_esg_or_scan_annual,2
603105.SH,芯能科技,SSE,2025,collected,missing,discover_esg_or_scan_annual,2
603185.SH,弘元绿能,SSE,2025,collected,missing,discover_esg_or_scan_annual,2
603191.SH,望变电气,SSE,2025,collected,missing,discover_esg_or_scan_annual,2
603212.SH,赛伍技术,SSE,2025,collected,missing,discover_esg_or_scan_annual,2
603218.SH,日月股份,SSE,2025,collected,missing,discover_esg_or_scan_annual,2
603312.SH,西典新能,SSE,2025,collected,missing,discover_esg_or_scan_annual,2
603318.SH,水发燃气,SSE,2025,collected,missing,discover_esg_or_scan_annual,2
603333.SH,福华尚纬,SSE,2025,collected,missing,discover_esg_or_scan_annual,2
603344.SH,星德胜,SSE,2025,collected,missing,discover_esg_or_scan_annual,2
603353.SH,和顺石油,SSE,2025,collected,missing,discover_esg_or_scan_annual,2
603393.SH,新天然气,SSE,2025,collected,missing,discover_esg_or_scan_annual,2
603489.SH,八方股份,SSE,2025,collected,missing,discover_esg_or_scan_annual,2
603530.SH,神马电力,SSE,2025,collected,missing,discover_esg_or_scan_annual,2
603556.SH,海兴电力,SSE,2025,collected,missing,discover_esg_or_scan_annual,2
603577.SH,汇金通,SSE,2025,collected,missing,discover_esg_or_scan_annual,2
603606.SH,东方电缆,SSE,2025,collected,missing,discover_esg_or_scan_annual,2
603619.SH,中曼石油,SSE,2025,collected,missing,discover_esg_or_scan_annual,2
603628.SH,清源股份,SSE,2025,collected,missing,discover_esg_or_scan_annual,2
603659.SH,璞泰来,SSE,2025,collected,missing,discover_esg_or_scan_annual,2
603727.SH,博迈科,SSE,2025,collected,missing,discover_esg_or_scan_annual,2
603728.SH,鸣志电器,SSE,2025,collected,missing,discover_esg_or_scan_annual,2
603798.SH,康普顿,SSE,2025,collected,missing,discover_esg_or_scan_annual,2
603806.SH,福斯特,SSE,2025,collected,missing,discover_esg_or_scan_annual,2
603819.SH,神力股份,SSE,2025,collected,missing,discover_esg_or_scan_annual,2
603829.SH,洛凯股份,SSE,2025,collected,missing,discover_esg_or_scan_annual,2
603897.SH,长城科技,SSE,2025,collected,missing,discover_esg_or_scan_annual,2
603906.SH,龙蟠科技,SSE,2025,collected,missing,discover_esg_or_scan_annual,2
603988.SH,中电电机,SSE,2025,collected,missing,discover_esg_or_scan_annual,2
605066.SH,天正电气,SSE,2025,collected,missing,discover_esg_or_scan_annual,2
605090.SH,九丰能源,SSE,2025,collected,missing,discover_esg_or_scan_annual,2
605169.SH,洪通燃气,SSE,2025,collected,missing,discover_esg_or_scan_annual,2
605222.SH,起帆电缆,SSE,2025,collected,missing,discover_esg_or_scan_annual,2
605368.SH,蓝天燃气,SSE,2025,collected,missing,discover_esg_or_scan_annual,2
605378.SH,野马电池,SSE,2025,collected,missing,discover_esg_or_scan_annual,2
688147.SH,微导纳米,SSE,2025,collected,missing,discover_esg_or_scan_annual,2
688148.SH,芳源股份,SSE,2025,collected,missing,discover_esg_or_scan_annual,2
688155.SH,先惠技术,SSE,2025,collected,missing,discover_esg_or_scan_annual,2
688191.SH,智洋创新,SSE,2025,collected,missing,discover_esg_or_scan_annual,2
688223.SH,晶科能源,SSE,2025,collected,missing,discover_esg_or_scan_annual,2
688226.SH,威腾电气,SSE,2025,collected,missing,discover_esg_or_scan_annual,2
688275.SH,万润新能,SSE,2025,collected,missing,discover_esg_or_scan_annual,2
688330.SH,宏力达,SSE,2025,collected,missing,discover_esg_or_scan_annual,2
688345.SH,博力威,SSE,2025,collected,missing,discover_esg_or_scan_annual,2
688348.SH,昱能科技,SSE,2025,collected,missing,discover_esg_or_scan_annual,2
688349.SH,三一重能,SSE,2025,collected,missing,discover_esg_or_scan_annual,2
688353.SH,华盛锂电,SSE,2025,collected,missing,discover_esg_or_scan_annual,2
688392.SH,骄成超声,SSE,2025,collected,missing,discover_esg_or_scan_annual,2
688408.SH,中信博,SSE,2025,collected,missing,discover_esg_or_scan_annual,2
688429.SH,时创能源,SSE,2025,collected,missing,discover_esg_or_scan_annual,2
688499.SH,利元亨,SSE,2025,collected,missing,discover_esg_or_scan_annual,2
688503.SH,聚和材料,SSE,2025,collected,missing,discover_esg_or_scan_annual,2
688516.SH,奥特维,SSE,2025,collected,missing,discover_esg_or_scan_annual,2
688556.SH,高测股份,SSE,2025,collected,missing,discover_esg_or_scan_annual,2
688560.SH,明冠新材,SSE,2025,collected,missing,discover_esg_or_scan_annual,2
688567.SH,孚能科技,SSE,2025,collected,missing,discover_esg_or_scan_annual,2
688573.SH,信宇人,SSE,2025,collected,missing,discover_esg_or_scan_annual,2
688597.SH,煜邦电力,SSE,2025,collected,missing,discover_esg_or_scan_annual,2
688598.SH,金博股份,SSE,2025,collected,missing,discover_esg_or_scan_annual,2
688611.SH,杭州柯林,SSE,2025,collected,missing,discover_esg_or_scan_annual,2
688616.SH,西力科技,SSE,2025,collected,missing,discover_esg_or_scan_annual,2
688638.SH,誉辰智能,SSE,2025,collected,missing,discover_esg_or_scan_annual,2
688663.SH,DR新风光,SSE,2025,collected,missing,discover_esg_or_scan_annual,2
688680.SH,海优新材,SSE,2025,collected,missing,discover_esg_or_scan_annual,2
688681.SH,科汇股份,SSE,2025,collected,missing,discover_esg_or_scan_annual,2
688707.SH,振华新材,SSE,2025,collected,missing,discover_esg_or_scan_annual,2
688717.SH,艾罗能源,SSE,2025,collected,missing,discover_esg_or_scan_annual,2
688719.SH,爱科赛博,SSE,2025,collected,missing,discover_esg_or_scan_annual,2
688733.SH,壹石通,SSE,2025,collected,missing,discover_esg_or_scan_annual,2
688772.SH,珠海冠宇,SSE,2025,collected,missing,discover_esg_or_scan_annual,2
688779.SH,五矿新能,SSE,2025,collected,missing,discover_esg_or_scan_annual,2
000037.SZ,深南电A,SZSE,2025,collected,missing,discover_esg_or_scan_annual,2
000049.SZ,德赛电池,SZSE,2025,collected,missing,discover_esg_or_scan_annual,2
000096.SZ,广聚能源,SZSE,2025,collected,missing,discover_esg_or_scan_annual,2
000155.SZ,川能动力,SZSE,2025,collected,missing,discover_esg_or_scan_annual,2
000407.SZ,胜利股份,SZSE,2025,collected,missing,discover_esg_or_scan_annual,2
000421.SZ,南京公用,SZSE,2025,collected,missing,discover_esg_or_scan_annual,2
000537.SZ,绿发电力,SZSE,2025,collected,missing,discover_esg_or_scan_annual,2
000539.SZ,粤电力Ａ,SZSE,2025,collected,missing,discover_esg_or_scan_annual,2
000591.SZ,太阳能,SZSE,2025,collected,missing,discover_esg_or_scan_annual,2
000593.SZ,德龙汇能,SZSE,2025,collected,missing,discover_esg_or_scan_annual,2
000601.SZ,韶能股份,SZSE,2025,collected,missing,discover_esg_or_scan_annual,2
000637.SZ,茂化实华,SZSE,2025,collected,missing,discover_esg_or_scan_annual,2
000682.SZ,东方电子,SZSE,2025,collected,missing,discover_esg_or_scan_annual,2
000692.SZ,惠天热电,SZSE,2025,collected,missing,discover_esg_or_scan_annual,2
000703.SZ,恒逸石化,SZSE,2025,collected,missing,discover_esg_or_scan_annual,2
000720.SZ,新能泰山,SZSE,2025,collected,missing,discover_esg_or_scan_annual,2
000722.SZ,湖南发展,SZSE,2025,collected,missing,discover_esg_or_scan_annual,2
000862.SZ,银星能源,SZSE,2025,collected,missing,discover_esg_or_scan_annual,2
000875.SZ,电投绿能,SZSE,2025,collected,missing,discover_esg_or_scan_annual,2
000883.SZ,湖北能源,SZSE,2025,collected,missing,discover_esg_or_scan_annual,2
000899.SZ,赣能股份,SZSE,2025,collected,missing,discover_esg_or_scan_annual,2
000922.SZ,佳电股份,SZSE,2025,collected,missing,discover_esg_or_scan_annual,2
000937.SZ,冀中能源,SZSE,2025,collected,missing,discover_esg_or_scan_annual,2
000966.SZ,长源电力,SZSE,2025,collected,missing,discover_esg_or_scan_annual,2
000968.SZ,蓝焰控股,SZSE,2025,collected,missing,discover_esg_or_scan_annual,2
000993.SZ,闽东电力,SZSE,2025,collected,missing,discover_esg_or_scan_annual,2
001208.SZ,华菱线缆,SZSE,2025,collected,missing,discover_esg_or_scan_annual,2
001258.SZ,立新能源,SZSE,2025,collected,missing,discover_esg_or_scan_annual,2
001269.SZ,欧晶科技,SZSE,2025,collected,missing,discover_esg_or_scan_annual,2
001283.SZ,豪鹏科技,SZSE,2025,collected,missing,discover_esg_or_scan_annual,2
001289.SZ,龙源电力,SZSE,2025,collected,missing,discover_esg_or_scan_annual,2
001299.SZ,美能能源,SZSE,2025,collected,missing,discover_esg_or_scan_annual,2
001301.SZ,尚太科技,SZSE,2025,collected,missing,discover_esg_or_scan_annual,2
001331.SZ,胜通能源,SZSE,2025,collected,missing,discover_esg_or_scan_annual,2
001376.SZ,百通能源,SZSE,2025,collected,missing,discover_esg_or_scan_annual,2
001896.SZ,豫能控股,SZSE,2025,collected,missing,discover_esg_or_scan_annual,2
002015.SZ,协鑫能科,SZSE,2025,collected,missing,discover_esg_or_scan_annual,2
002028.SZ,思源电气,SZSE,2025,collected,missing,discover_esg_or_scan_annual,2
002039.SZ,黔源电力,SZSE,2025,collected,missing,discover_esg_or_scan_annual,2
002056.SZ,横店东磁,SZSE,2025,collected,missing,discover_esg_or_scan_annual,2
002060.SZ,广东建工,SZSE,2025,collected,missing,discover_esg_or_scan_annual,2
002074.SZ,国轩高科,SZSE,2025,collected,missing,discover_esg_or_scan_annual,2
002090.SZ,金智科技,SZSE,2025,collected,missing,discover_esg_or_scan_annual,2
002112.SZ,三变科技,SZSE,2025,collected,missing,discover_esg_or_scan_annual,2
002121.SZ,科陆电子,SZSE,2025,collected,missing,discover_esg_or_scan_annual,2
002125.SZ,湘潭电化,SZSE,2025,collected,missing,discover_esg_or_scan_annual,2
002128.SZ,电投能源,SZSE,2025,collected,missing,discover_esg_or_scan_annual,2
002129.SZ,TCL中环,SZSE,2025,collected,missing,discover_esg_or_scan_annual,2
002169.SZ,智光电气,SZSE,2025,collected,missing,discover_esg_or_scan_annual,2
002196.SZ,方正电机,SZSE,2025,collected,missing,discover_esg_or_scan_annual,2
002202.SZ,金风科技,SZSE,2025,collected,missing,discover_esg_or_scan_annual,2
002218.SZ,拓日新能,SZSE,2025,collected,missing,discover_esg_or_scan_annual,2
002221.SZ,东华能源,SZSE,2025,collected,missing,discover_esg_or_scan_annual,2
002245.SZ,蔚蓝锂芯,SZSE,2025,collected,missing,discover_esg_or_scan_annual,2
002249.SZ,大洋电机,SZSE,2025,collected,missing,discover_esg_or_scan_annual,2
002255.SZ,海陆重工,SZSE,2025,collected,missing,discover_esg_or_scan_annual,2
002259.SZ,升达林业,SZSE,2025,collected,missing,discover_esg_or_scan_annual,2
002267.SZ,陕天然气,SZSE,2025,collected,missing,discover_esg_or_scan_annual,2
002270.SZ,华明装备,SZSE,2025,collected,missing,discover_esg_or_scan_annual,2
002276.SZ,万马股份,SZSE,2025,collected,missing,discover_esg_or_scan_annual,2
002300.SZ,太阳电缆,SZSE,2025,collected,missing,discover_esg_or_scan_annual,2
002309.SZ,中利集团,SZSE,2025,collected,missing,discover_esg_or_scan_annual,2
002335.SZ,科华数据,SZSE,2025,collected,missing,discover_esg_or_scan_annual,2
002339.SZ,积成电子,SZSE,2025,collected,missing,discover_esg_or_scan_annual,2
002340.SZ,格林美,SZSE,2025,collected,missing,discover_esg_or_scan_annual,2
002346.SZ,柘中股份,SZSE,2025,collected,missing,discover_esg_or_scan_annual,2
002350.SZ,北京科锐,SZSE,2025,collected,missing,discover_esg_or_scan_annual,2
002358.SZ,森源电气,SZSE,2025,collected,missing,discover_esg_or_scan_annual,2
002364.SZ,中恒电气,SZSE,2025,collected,missing,discover_esg_or_scan_annual,2
002366.SZ,融发核电,SZSE,2025,collected,missing,discover_esg_or_scan_annual,2
002441.SZ,众业达,SZSE,2025,collected,missing,discover_esg_or_scan_annual,2
002451.SZ,摩恩电气,SZSE,2025,collected,missing,discover_esg_or_scan_annual,2
002452.SZ,长高电气,SZSE,2025,collected,missing,discover_esg_or_scan_annual,2
002459.SZ,晶澳科技,SZSE,2025,collected,missing,discover_esg_or_scan_annual,2
002471.SZ,中超控股,SZSE,2025,collected,missing,discover_esg_or_scan_annual,2
002479.SZ,富春环保,SZSE,2025,collected,missing,discover_esg_or_scan_annual,2
002487.SZ,大金重工,SZSE,2025,collected,missing,discover_esg_or_scan_annual,2
002490.SZ,山东墨龙,SZSE,2025,collected,missing,discover_esg_or_scan_annual,2
002493.SZ,荣盛石化,SZSE,2025,collected,missing,discover_esg_or_scan_annual,2
002498.SZ,汉缆股份,SZSE,2025,collected,missing,discover_esg_or_scan_annual,2
002506.SZ,协鑫集成,SZSE,2025,collected,missing,discover_esg_or_scan_annual,2
002518.SZ,科士达,SZSE,2025,collected,missing,discover_esg_or_scan_annual,2
002527.SZ,新时达,SZSE,2025,collected,missing,discover_esg_or_scan_annual,2
002531.SZ,天顺风能,SZSE,2025,collected,missing,discover_esg_or_scan_annual,2
002533.SZ,金杯电工,SZSE,2025,collected,missing,discover_esg_or_scan_annual,2
002534.SZ,西子洁能,SZSE,2025,collected,missing,discover_esg_or_scan_annual,2
002546.SZ,新联电子,SZSE,2025,collected,missing,discover_esg_or_scan_annual,2
002560.SZ,通达股份,SZSE,2025,collected,missing,discover_esg_or_scan_annual,2
002576.SZ,通达动力,SZSE,2025,collected,missing,discover_esg_or_scan_annual,2
002580.SZ,圣阳股份,SZSE,2025,collected,missing,discover_esg_or_scan_annual,2
002606.SZ,大连电瓷,SZSE,2025,collected,missing,discover_esg_or_scan_annual,2
002608.SZ,江苏国信,SZSE,2025,collected,missing,discover_esg_or_scan_annual,2
002616.SZ,长青集团,SZSE,2025,collected,missing,discover_esg_or_scan_annual,2
002623.SZ,亚玛顿,SZSE,2025,collected,missing,discover_esg_or_scan_annual,2
002629.SZ,仁智股份,SZSE,2025,collected,missing,discover_esg_or_scan_annual,2
002692.SZ,远程股份,SZSE,2025,collected,missing,discover_esg_or_scan_annual,2
002700.SZ,万憬能源,SZSE,2025,collected,missing,discover_esg_or_scan_annual,2
002706.SZ,良信股份,SZSE,2025,collected,missing,discover_esg_or_scan_annual,2
002709.SZ,天赐材料,SZSE,2025,collected,missing,discover_esg_or_scan_annual,2
002733.SZ,雄韬股份,SZSE,2025,collected,missing,discover_esg_or_scan_annual,2
002801.SZ,微光股份,SZSE,2025,collected,missing,discover_esg_or_scan_annual,2
002805.SZ,丰元股份,SZSE,2025,collected,missing,discover_esg_or_scan_annual,2
002812.SZ,恩捷股份,SZSE,2025,collected,missing,discover_esg_or_scan_annual,2
002823.SZ,凯中精密,SZSE,2025,collected,missing,discover_esg_or_scan_annual,2
002828.SZ,贝肯能源,SZSE,2025,collected,missing,discover_esg_or_scan_annual,2
002850.SZ,科达利,SZSE,2025,collected,missing,discover_esg_or_scan_annual,2
002851.SZ,麦格米特,SZSE,2025,collected,missing,discover_esg_or_scan_annual,2
002857.SZ,三晖电气,SZSE,2025,collected,missing,discover_esg_or_scan_annual,2
002865.SZ,钧达股份,SZSE,2025,collected,missing,discover_esg_or_scan_annual,2
002879.SZ,长缆科技,SZSE,2025,collected,missing,discover_esg_or_scan_annual,2
002882.SZ,金龙羽,SZSE,2025,collected,missing,discover_esg_or_scan_annual,2
002892.SZ,科力尔,SZSE,2025,collected,missing,discover_esg_or_scan_annual,2
002893.SZ,京能热力,SZSE,2025,collected,missing,discover_esg_or_scan_annual,2
002911.SZ,佛燃能源,SZSE,2025,collected,missing,discover_esg_or_scan_annual,2
002927.SZ,泰永长征,SZSE,2025,collected,missing,discover_esg_or_scan_annual,2
002953.SZ,日丰股份,SZSE,2025,collected,missing,discover_esg_or_scan_annual,2
002980.SZ,华盛昌,SZSE,2025,collected,missing,discover_esg_or_scan_annual,2
002986.SZ,宇新股份,SZSE,2025,collected,missing,discover_esg_or_scan_annual,2
003021.SZ,兆威机电,SZSE,2025,collected,missing,discover_esg_or_scan_annual,2
003022.SZ,联泓新科,SZSE,2025,collected,missing,discover_esg_or_scan_annual,2
003035.SZ,南网能源,SZSE,2025,collected,missing,discover_esg_or_scan_annual,2
003816.SZ,中国广核,SZSE,2025,collected,missing,discover_esg_or_scan_annual,2
300001.SZ,特锐德,SZSE,2025,collected,missing,discover_esg_or_scan_annual,2
300014.SZ,亿纬锂能,SZSE,2025,collected,missing,discover_esg_or_scan_annual,2
300018.SZ,中元股份,SZSE,2025,collected,missing,discover_esg_or_scan_annual,2
300035.SZ,中科电气,SZSE,2025,collected,missing,discover_esg_or_scan_annual,2
300037.SZ,新宙邦,SZSE,2025,collected,missing,discover_esg_or_scan_annual,2
300040.SZ,九洲集团,SZSE,2025,collected,missing,discover_esg_or_scan_annual,2
300051.SZ,琏升科技,SZSE,2025,collected,missing,discover_esg_or_scan_annual,2
300062.SZ,中能电气,SZSE,2025,collected,missing,discover_esg_or_scan_annual,2
300069.SZ,金利华电,SZSE,2025,collected,missing,discover_esg_or_scan_annual,2
300073.SZ,当升科技,SZSE,2025,collected,missing,discover_esg_or_scan_annual,2
300080.SZ,易成新能,SZSE,2025,collected,missing,discover_esg_or_scan_annual,2
300105.SZ,龙源技术,SZSE,2025,collected,missing,discover_esg_or_scan_annual,2
300118.SZ,东方日升,SZSE,2025,collected,missing,discover_esg_or_scan_annual,2
300129.SZ,泰胜风能,SZSE,2025,collected,missing,discover_esg_or_scan_annual,2
300140.SZ,节能环境,SZSE,2025,collected,missing,discover_esg_or_scan_annual,2
300141.SZ,和顺电气,SZSE,2025,collected,missing,discover_esg_or_scan_annual,2
300153.SZ,科泰电源,SZSE,2025,collected,missing,discover_esg_or_scan_annual,2
300185.SZ,通裕重工,SZSE,2025,collected,missing,discover_esg_or_scan_annual,2
300191.SZ,潜能恒信,SZSE,2025,collected,missing,discover_esg_or_scan_annual,2
300207.SZ,欣旺达,SZSE,2025,collected,missing,discover_esg_or_scan_annual,2
300222.SZ,科大智能,SZSE,2025,collected,missing,discover_esg_or_scan_annual,2
300265.SZ,通光线缆,SZSE,2025,collected,missing,discover_esg_or_scan_annual,2
300274.SZ,阳光电源,SZSE,2025,collected,missing,discover_esg_or_scan_annual,2
300283.SZ,温州宏丰,SZSE,2025,collected,missing,discover_esg_or_scan_annual,2
300286.SZ,安科瑞,SZSE,2025,collected,missing,discover_esg_or_scan_annual,2
300316.SZ,晶盛机电,SZSE,2025,collected,missing,discover_esg_or_scan_annual,2
300317.SZ,珈伟新能,SZSE,2025,collected,missing,discover_esg_or_scan_annual,2
300332.SZ,天壕能源,SZSE,2025,collected,missing,discover_esg_or_scan_annual,2
300340.SZ,科恒股份,SZSE,2025,collected,missing,discover_esg_or_scan_annual,2
300360.SZ,炬华科技,SZSE,2025,collected,missing,discover_esg_or_scan_annual,2
300376.SZ,易事特,SZSE,2025,collected,missing,discover_esg_or_scan_annual,2
300390.SZ,天华新能,SZSE,2025,collected,missing,discover_esg_or_scan_annual,2
300393.SZ,中来股份,SZSE,2025,collected,missing,discover_esg_or_scan_annual,2
300407.SZ,凯发电气,SZSE,2025,collected,missing,discover_esg_or_scan_annual,2
300409.SZ,道氏技术,SZSE,2025,collected,missing,discover_esg_or_scan_annual,2
300410.SZ,正业科技,SZSE,2025,collected,missing,discover_esg_or_scan_annual,2
300423.SZ,昇辉科技,SZSE,2025,collected,missing,discover_esg_or_scan_annual,2
300427.SZ,红相股份,SZSE,2025,collected,missing,discover_esg_or_scan_annual,2
300432.SZ,富临精工,SZSE,2025,collected,missing,discover_esg_or_scan_annual,2
300438.SZ,鹏辉能源,SZSE,2025,collected,missing,discover_esg_or_scan_annual,2
300443.SZ,金雷股份,SZSE,2025,collected,missing,discover_esg_or_scan_annual,2
300444.SZ,双杰电气,SZSE,2025,collected,missing,discover_esg_or_scan_annual,2
300450.SZ,先导智能,SZSE,2025,collected,missing,discover_esg_or_scan_annual,2
300457.SZ,赢合科技,SZSE,2025,collected,missing,discover_esg_or_scan_annual,2
300483.SZ,首华燃气,SZSE,2025,collected,missing,discover_esg_or_scan_annual,2
300490.SZ,华自科技,SZSE,2025,collected,missing,discover_esg_or_scan_annual,2
300491.SZ,通合科技,SZSE,2025,collected,missing,discover_esg_or_scan_annual,2
300510.SZ,金冠股份,SZSE,2025,collected,missing,discover_esg_or_scan_annual,2
300514.SZ,友讯达,SZSE,2025,collected,missing,discover_esg_or_scan_annual,2
300568.SZ,星源材质,SZSE,2025,collected,missing,discover_esg_or_scan_annual,2
300569.SZ,天能重工,SZSE,2025,collected,missing,discover_esg_or_scan_annual,2
300593.SZ,新雷能,SZSE,2025,collected,missing,discover_esg_or_scan_annual,2
300617.SZ,安靠智电,SZSE,2025,collected,missing,discover_esg_or_scan_annual,2
300619.SZ,金银河,SZSE,2025,collected,missing,discover_esg_or_scan_annual,2
300626.SZ,华瑞股份,SZSE,2025,collected,missing,discover_esg_or_scan_annual,2
300648.SZ,星云股份,SZSE,2025,collected,missing,discover_esg_or_scan_annual,2
300660.SZ,江苏雷利,SZSE,2025,collected,missing,discover_esg_or_scan_annual,2
300670.SZ,大烨智能,SZSE,2025,collected,missing,discover_esg_or_scan_annual,2
300690.SZ,双一科技,SZSE,2025,collected,missing,discover_esg_or_scan_annual,2
300693.SZ,盛弘股份,SZSE,2025,collected,missing,discover_esg_or_scan_annual,2
300713.SZ,英可瑞,SZSE,2025,collected,missing,discover_esg_or_scan_annual,2
300724.SZ,捷佳伟创,SZSE,2025,collected,missing,discover_esg_or_scan_annual,2
300750.SZ,宁德时代,SZSE,2025,collected,missing,discover_esg_or_scan_annual,2
300751.SZ,迈为股份,SZSE,2025,collected,missing,discover_esg_or_scan_annual,2
300763.SZ,锦浪科技,SZSE,2025,collected,missing,discover_esg_or_scan_annual,2
300769.SZ,德方纳米,SZSE,2025,collected,missing,discover_esg_or_scan_annual,2
300772.SZ,运达股份,SZSE,2025,collected,missing,discover_esg_or_scan_annual,2
300776.SZ,帝尔激光,SZSE,2025,collected,missing,discover_esg_or_scan_annual,2
300820.SZ,英杰电气,SZSE,2025,collected,missing,discover_esg_or_scan_annual,2
300827.SZ,上能电气,SZSE,2025,collected,missing,discover_esg_or_scan_annual,2
300842.SZ,帝科股份,SZSE,2025,collected,missing,discover_esg_or_scan_annual,2
300850.SZ,新强联,SZSE,2025,collected,missing,discover_esg_or_scan_annual,2
300853.SZ,申昊科技,SZSE,2025,collected,missing,discover_esg_or_scan_annual,2
300870.SZ,欧陆通,SZSE,2025,collected,missing,discover_esg_or_scan_annual,2
300880.SZ,迦南智能,SZSE,2025,collected,missing,discover_esg_or_scan_annual,2
300882.SZ,万胜智能,SZSE,2025,collected,missing,discover_esg_or_scan_annual,2
300904.SZ,威力传动,SZSE,2025,collected,missing,discover_esg_or_scan_annual,2
300907.SZ,康平科技,SZSE,2025,collected,missing,discover_esg_or_scan_annual,2
300919.SZ,中伟新材,SZSE,2025,collected,missing,discover_esg_or_scan_annual,2
300932.SZ,三友联众,SZSE,2025,collected,missing,discover_esg_or_scan_annual,2
300933.SZ,中辰股份,SZSE,2025,collected,missing,discover_esg_or_scan_annual,2
300953.SZ,震裕科技,SZSE,2025,collected,missing,discover_esg_or_scan_annual,2
301002.SZ,崧盛股份,SZSE,2025,collected,missing,discover_esg_or_scan_annual,2
301012.SZ,扬电科技,SZSE,2025,collected,missing,discover_esg_or_scan_annual,2
301023.SZ,奕帆传动,SZSE,2025,collected,missing,discover_esg_or_scan_annual,2
301040.SZ,中环海陆,SZSE,2025,collected,missing,discover_esg_or_scan_annual,2
301063.SZ,海锅股份,SZSE,2025,collected,missing,discover_esg_or_scan_annual,2
301082.SZ,久盛电气,SZSE,2025,collected,missing,discover_esg_or_scan_annual,2
301120.SZ,新特电气,SZSE,2025,collected,missing,discover_esg_or_scan_annual,2
301121.SZ,紫建电子,SZSE,2025,collected,missing,discover_esg_or_scan_annual,2
301150.SZ,中一科技,SZSE,2025,collected,missing,discover_esg_or_scan_annual,2
301152.SZ,天力锂能,SZSE,2025,collected,missing,discover_esg_or_scan_annual,2
301155.SZ,海力风电,SZSE,2025,collected,missing,discover_esg_or_scan_annual,2
301157.SZ,华塑科技,SZSE,2025,collected,missing,discover_esg_or_scan_annual,2
301163.SZ,宏德股份,SZSE,2025,collected,missing,discover_esg_or_scan_annual,2
301168.SZ,通灵股份,SZSE,2025,collected,missing,discover_esg_or_scan_annual,2
301179.SZ,泽宇智能,SZSE,2025,collected,missing,discover_esg_or_scan_annual,2
301210.SZ,金杨精密,SZSE,2025,collected,missing,discover_esg_or_scan_annual,2
301217.SZ,铜冠铜箔,SZSE,2025,collected,missing,discover_esg_or_scan_annual,2
301222.SZ,浙江恒威,SZSE,2025,collected,missing,discover_esg_or_scan_annual,2
301226.SZ,祥明智能,SZSE,2025,collected,missing,discover_esg_or_scan_annual,2
301232.SZ,飞沃科技,SZSE,2025,collected,missing,discover_esg_or_scan_annual,2
301238.SZ,瑞泰新材,SZSE,2025,collected,missing,discover_esg_or_scan_annual,2
301266.SZ,宇邦新材,SZSE,2025,collected,missing,discover_esg_or_scan_annual,2
301278.SZ,快可电子,SZSE,2025,collected,missing,discover_esg_or_scan_annual,2
301291.SZ,明阳电气,SZSE,2025,collected,missing,discover_esg_or_scan_annual,2
301292.SZ,海科新源,SZSE,2025,collected,missing,discover_esg_or_scan_annual,2
301295.SZ,美硕科技,SZSE,2025,collected,missing,discover_esg_or_scan_annual,2
301325.SZ,曼恩斯特,SZSE,2025,collected,missing,discover_esg_or_scan_annual,2
301327.SZ,华宝新能,SZSE,2025,collected,missing,discover_esg_or_scan_annual,2
301349.SZ,信德新材,SZSE,2025,collected,missing,discover_esg_or_scan_annual,2
301358.SZ,湖南裕能,SZSE,2025,collected,missing,discover_esg_or_scan_annual,2
301361.SZ,众智科技,SZSE,2025,collected,missing,discover_esg_or_scan_annual,2
301386.SZ,未来电器,SZSE,2025,collected,missing,discover_esg_or_scan_annual,2
301388.SZ,欣灵电气,SZSE,2025,collected,missing,discover_esg_or_scan_annual,2
301439.SZ,泓淋电力,SZSE,2025,collected,missing,discover_esg_or_scan_annual,2
301456.SZ,盘古智能,SZSE,2025,collected,missing,discover_esg_or_scan_annual,2
301487.SZ,盟固利,SZSE,2025,collected,missing,discover_esg_or_scan_annual,2
301502.SZ,华阳智能,SZSE,2025,collected,missing,discover_esg_or_scan_annual,2
301511.SZ,德福科技,SZSE,2025,collected,missing,discover_esg_or_scan_annual,2
301516.SZ,中远通,SZSE,2025,collected,missing,discover_esg_or_scan_annual,2
301587.SZ,中瑞股份,SZSE,2025,collected,missing,discover_esg_or_scan_annual,2
00003.HK,HK & CHINA GAS,HKEX,2025,collected,collected,ready_for_extraction,3
00006.HK,POWER ASSETS,HKEX,2025,collected,collected,ready_for_extraction,3
00042.HK,NE ELECTRIC,HKEX,2025,collected,collected,ready_for_extraction,3
00061.HK,GREEN LEAD-NEW,HKEX,2025,collected,collected,ready_for_extraction,3
00135.HK,KUNLUN ENERGY,HKEX,2025,collected,collected,ready_for_extraction,3
00182.HK,CONCORD NE,HKEX,2025,collected,collected,ready_for_extraction,3
00196.HK,HONGHUA GROUP,HKEX,2025,collected,collected,ready_for_extraction,3
00228.HK,CHINA ENERGY,HKEX,2025,collected,collected,ready_for_extraction,3
00346.HK,YANCHANG PETRO,HKEX,2025,collected,collected,ready_for_extraction,3
00353.HK,ENERGY INTINV,HKEX,2025,collected,collected,ready_for_extraction,3
00384.HK,CHINA GAS HOLD,HKEX,2025,collected,collected,ready_for_extraction,3
00392.HK,BEIJING ENT,HKEX,2025,collected,collected,ready_for_extraction,3
00451.HK,DYNASTY DIGITAL,HKEX,2025,collected,collected,ready_for_extraction,3
00467.HK,UNITEDENERGY GP,HKEX,2025,collected,collected,ready_for_extraction,3
00554.HK,HANS GP HLDGS,HKEX,2025,collected,collected,ready_for_extraction,3
00579.HK,JNCEC,HKEX,2025,collected,collected,ready_for_extraction,3
00607.HK,FULLSHARE,HKEX,2025,collected,collected,ready_for_extraction,3
00666.HK,REPT BATTERO,HKEX,2025,collected,collected,ready_for_extraction,3
00686.HK,BJ ENERGY INTL,HKEX,2025,collected,collected,ready_for_extraction,3
00819.HK,TIANNENG POWER,HKEX,2025,collected,collected,ready_for_extraction,3
00836.HK,CHINA RES POWER,HKEX,2025,collected,collected,ready_for_extraction,3
00934.HK,SINOPEC KANTONS,HKEX,2025,collected,collected,ready_for_extraction,3
00951.HK,CHAOWEI POWER,HKEX,2025,collected,collected,ready_for_extraction,3
00968.HK,XINYI SOLAR,HKEX,2025,collected,collected,ready_for_extraction,3
01083.HK,TG SMART ENERGY,HKEX,2025,collected,collected,ready_for_extraction,3
01193.HK,CHINA RES GAS,HKEX,2025,collected,collected,ready_for_extraction,3
01205.HK,CITIC RESOURCES,HKEX,2025,collected,collected,ready_for_extraction,3
01250.HK,SDHS NEW ENERGY,HKEX,2025,collected,collected,ready_for_extraction,3
01303.HK,HUILI RES,HKEX,2025,collected,collected,ready_for_extraction,3
01407.HK,JY GAS,HKEX,2025,collected,collected,ready_for_extraction,3
01600.HK,TIAN LUN GAS,HKEX,2025,collected,collected,ready_for_extraction,3
01608.HK,VPOWER GROUP,HKEX,2025,collected,collected,ready_for_extraction,3
01623.HK,HILONG,HKEX,2025,collected,collected,ready_for_extraction,3
01713.HK,SICHUAN EN INV,HKEX,2025,collected,collected,ready_for_extraction,3
01733.HK,E-COMMODITIES,HKEX,2025,collected,collected,ready_for_extraction,3
01738.HK,FS ANTHRACITE,HKEX,2025,collected,collected,ready_for_extraction,3
01799.HK,XINTE ENERGY,HKEX,2025,collected,collected,ready_for_extraction,3
01811.HK,CGN NEW ENERGY,HKEX,2025,collected,collected,ready_for_extraction,3
01940.HK,CGII HLDGS,HKEX,2025,collected,collected,ready_for_extraction,3
02012.HK,SUNSHINE OIL,HKEX,2025,collected,collected,ready_for_extraction,3
02236.HK,WISON ENGRG,HKEX,2025,collected,collected,ready_for_extraction,3
02380.HK,CHINA POWER,HKEX,2025,collected,collected,ready_for_extraction,3
02386.HK,SINOPEC SEG,HKEX,2025,collected,collected,ready_for_extraction,3
02688.HK,ENN ENERGY,HKEX,2025,collected,collected,ready_for_extraction,3
02728.HK,JINTAI ENERGY H,HKEX,2025,collected,collected,ready_for_extraction,3
03303.HK,JUTAL OIL SER,HKEX,2025,collected,collected,ready_for_extraction,3
03337.HK,ANTON OILFIELD,HKEX,2025,collected,collected,ready_for_extraction,3
03633.HK,ZHONGYU ENERGY,HKEX,2025,collected,collected,ready_for_extraction,3
03668.HK,YANCOAL AUS,HKEX,2025,collected,collected,ready_for_extraction,3
03800.HK,GCL TECH,HKEX,2025,collected,collected,ready_for_extraction,3
03868.HK,XINYI ENERGY,HKEX,2025,collected,collected,ready_for_extraction,3
03899.HK,CIMC ENRIC,HKEX,2025,collected,collected,ready_for_extraction,3
06828.HK,BG BLUE SKY,HKEX,2025,collected,collected,ready_for_extraction,3
08270.HK,CHINA CBM,HKEX,2025,collected,collected,ready_for_extraction,3
600023.SH,浙能电力,SSE,2025,collected,collected,ready_for_extraction,3
600028.SH,中国石化,SSE,2025,collected,collected,ready_for_extraction,3
600032.SH,浙江新能,SSE,2025,collected,collected,ready_for_extraction,3
600089.SH,特变电工,SSE,2025,collected,collected,ready_for_extraction,3
600098.SH,广州发展,SSE,2025,collected,collected,ready_for_extraction,3
600101.SH,明星电力,SSE,2025,collected,collected,ready_for_extraction,3
600163.SH,中闽能源,SSE,2025,collected,collected,ready_for_extraction,3
600167.SH,联美控股,SSE,2025,collected,collected,ready_for_extraction,3
600207.SH,安彩高科,SSE,2025,collected,collected,ready_for_extraction,3
600236.SH,桂冠电力,SSE,2025,collected,collected,ready_for_extraction,3
600256.SH,广汇能源,SSE,2025,collected,collected,ready_for_extraction,3
600346.SH,恒力石化,SSE,2025,collected,collected,ready_for_extraction,3
600395.SH,盘江股份,SSE,2025,collected,collected,ready_for_extraction,3
600438.SH,通威股份,SSE,2025,collected,collected,ready_for_extraction,3
600481.SH,双良节能,SSE,2025,collected,collected,ready_for_extraction,3
600482.SH,中国动力,SSE,2025,collected,collected,ready_for_extraction,3
600483.SH,福能股份,SSE,2025,collected,collected,ready_for_extraction,3
600508.SH,上海能源,SSE,2025,collected,collected,ready_for_extraction,3
600578.SH,京能电力,SSE,2025,collected,collected,ready_for_extraction,3
600635.SH,大众公用,SSE,2025,collected,collected,ready_for_extraction,3
600674.SH,川投能源,SSE,2025,collected,collected,ready_for_extraction,3
600688.SH,上海石化,SSE,2025,collected,collected,ready_for_extraction,3
600725.SH,云维股份,SSE,2025,collected,collected,ready_for_extraction,3
600732.SH,爱旭股份,SSE,2025,collected,collected,ready_for_extraction,3
600744.SH,华银电力,SSE,2025,collected,collected,ready_for_extraction,3
600777.SH,新潮能源,SSE,2025,collected,collected,ready_for_extraction,3
600780.SH,XD通宝能,SSE,2025,collected,collected,ready_for_extraction,3
600795.SH,国电电力,SSE,2025,collected,collected,ready_for_extraction,3
600803.SH,新奥股份,SSE,2025,collected,collected,ready_for_extraction,3
600821.SH,金开新能,SSE,2025,collected,collected,ready_for_extraction,3
600847.SH,万里股份,SSE,2025,collected,collected,ready_for_extraction,3
600871.SH,石化油服,SSE,2025,collected,collected,ready_for_extraction,3
600885.SH,宏发股份,SSE,2025,collected,collected,ready_for_extraction,3
600900.SH,长江电力,SSE,2025,collected,collected,ready_for_extraction,3
600903.SH,贵州燃气,SSE,2025,collected,collected,ready_for_extraction,3
600905.SH,三峡能源,SSE,2025,collected,collected,ready_for_extraction,3
600917.SH,重庆燃气,SSE,2025,collected,collected,ready_for_extraction,3
600956.SH,新天绿能,SSE,2025,collected,collected,ready_for_extraction,3
600968.SH,海油发展,SSE,2025,collected,collected,ready_for_extraction,3
600969.SH,郴电国际,SSE,2025,collected,collected,ready_for_extraction,3
600995.SH,南网储能,SSE,2025,collected,collected,ready_for_extraction,3
601001.SH,晋控煤业,SSE,2025,collected,collected,ready_for_extraction,3
601012.SH,隆基绿能,SSE,2025,collected,collected,ready_for_extraction,3
601088.SH,中国神华,SSE,2025,collected,collected,ready_for_extraction,3
601126.SH,四方股份,SSE,2025,collected,collected,ready_for_extraction,3
601139.SH,深圳燃气,SSE,2025,collected,collected,ready_for_extraction,3
601225.SH,陕西煤业,SSE,2025,collected,collected,ready_for_extraction,3
601233.SH,桐昆股份,SSE,2025,collected,collected,ready_for_extraction,3
601567.SH,三星电气,SSE,2025,collected,collected,ready_for_extraction,3
601615.SH,明阳智能,SSE,2025,collected,collected,ready_for_extraction,3
601619.SH,嘉泽新能,SSE,2025,collected,collected,ready_for_extraction,3
601666.SH,平煤股份,SSE,2025,collected,collected,ready_for_extraction,3
601727.SH,上海电气,SSE,2025,collected,collected,ready_for_extraction,3
601778.SH,晶科科技,SSE,2025,collected,collected,ready_for_extraction,3
601857.SH,中国石油,SSE,2025,collected,collected,ready_for_extraction,3
601877.SH,正泰电器,SSE,2025,collected,collected,ready_for_extraction,3
601918.SH,新集能源,SSE,2025,collected,collected,ready_for_extraction,3
601985.SH,中国核电,SSE,2025,collected,collected,ready_for_extraction,3
601991.SH,大唐发电,SSE,2025,collected,collected,ready_for_extraction,3
603031.SH,安孚科技,SSE,2025,collected,collected,ready_for_extraction,3
603032.SH,德新科技,SSE,2025,collected,collected,ready_for_extraction,3
603053.SH,成都燃气,SSE,2025,collected,collected,ready_for_extraction,3
603063.SH,禾望电气,SSE,2025,collected,collected,ready_for_extraction,3
603320.SH,迪贝电气,SSE,2025,collected,collected,ready_for_extraction,3
603396.SH,金辰股份,SSE,2025,collected,collected,ready_for_extraction,3
603507.SH,振江股份,SSE,2025,collected,collected,ready_for_extraction,3
603618.SH,杭电股份,SSE,2025,collected,collected,ready_for_extraction,3
603689.SH,皖天然气,SSE,2025,collected,collected,ready_for_extraction,3
603693.SH,江苏新能,SSE,2025,collected,collected,ready_for_extraction,3
603706.SH,东方环宇,SSE,2025,collected,collected,ready_for_extraction,3
603861.SH,白云电器,SSE,2025,collected,collected,ready_for_extraction,3
603985.SH,恒润股份,SSE,2025,collected,collected,ready_for_extraction,3
605011.SH,杭州热电,SSE,2025,collected,collected,ready_for_extraction,3
605028.SH,世茂能源,SSE,2025,collected,collected,ready_for_extraction,3
605117.SH,德业股份,SSE,2025,collected,collected,ready_for_extraction,3
605162.SH,新中港,SSE,2025,collected,collected,ready_for_extraction,3
605196.SH,华通线缆,SSE,2025,collected,collected,ready_for_extraction,3
605580.SH,恒盛能源,SSE,2025,collected,collected,ready_for_extraction,3
688005.SH,容百科技,SSE,2025,collected,collected,ready_for_extraction,3
688006.SH,杭可科技,SSE,2025,collected,collected,ready_for_extraction,3
688032.SH,禾迈股份,SSE,2025,collected,collected,ready_for_extraction,3
688063.SH,派能科技,SSE,2025,collected,collected,ready_for_extraction,3
688116.SH,天奈科技,SSE,2025,collected,collected,ready_for_extraction,3
688248.SH,南网科技,SSE,2025,collected,collected,ready_for_extraction,3
688303.SH,大全能源,SSE,2025,collected,collected,ready_for_extraction,3
688339.SH,亿华通,SSE,2025,collected,collected,ready_for_extraction,3
688388.SH,嘉元科技,SSE,2025,collected,collected,ready_for_extraction,3
688390.SH,固德威,SSE,2025,collected,collected,ready_for_extraction,3
688472.SH,阿特斯,SSE,2025,collected,collected,ready_for_extraction,3
688517.SH,金冠电气,SSE,2025,collected,collected,ready_for_extraction,3
688551.SH,科威尔,SSE,2025,collected,collected,ready_for_extraction,3
688599.SH,天合光能,SSE,2025,collected,collected,ready_for_extraction,3
688660.SH,电气风电,SSE,2025,collected,collected,ready_for_extraction,3
688676.SH,金盘科技,SSE,2025,collected,collected,ready_for_extraction,3
688778.SH,厦钨新能,SSE,2025,collected,collected,ready_for_extraction,3
688819.SH,天能股份,SSE,2025,collected,collected,ready_for_extraction,3
000009.SZ,中国宝安,SZSE,2025,collected,collected,ready_for_extraction,3
000027.SZ,深圳能源,SZSE,2025,collected,collected,ready_for_extraction,3
000400.SZ,许继电气,SZSE,2025,collected,collected,ready_for_extraction,3
000531.SZ,穗恒运Ａ,SZSE,2025,collected,collected,ready_for_extraction,3
000533.SZ,顺钠股份,SZSE,2025,collected,collected,ready_for_extraction,3
000543.SZ,皖能电力,SZSE,2025,collected,collected,ready_for_extraction,3
000554.SZ,泰山石油,SZSE,2025,collected,collected,ready_for_extraction,3
000600.SZ,建投能源,SZSE,2025,collected,collected,ready_for_extraction,3
000690.SZ,宝新能源,SZSE,2025,collected,collected,ready_for_extraction,3
000723.SZ,美锦能源,SZSE,2025,collected,collected,ready_for_extraction,3
000767.SZ,晋控电力,SZSE,2025,collected,collected,ready_for_extraction,3
000791.SZ,甘肃能源,SZSE,2025,collected,collected,ready_for_extraction,3
000819.SZ,岳阳兴长,SZSE,2025,collected,collected,ready_for_extraction,3
