stock_code,historical_stock_code,historical_name,historical_abbr,current_chinese_name,current_chinese_short_name,hsic_sub_sector,continuity_status,industry_review_status,h_share_clue,priority,next_action,evidence_url,resolution_evidence_url,reason
00042.HK,00042.HK,东北电气发展股份有限公司,东北电气,東北電氣發展股份有限公司 - H股,東北電氣,工業零件及器材,name_difference,manual_review,True,0,review_issuer_identity_and_industry,https://www.hkex.com.hk/Market-Data/Securities-Prices/Equities/Equities-Quote?sc_lang=zh-HK&sym=42,,历史与当前名称不做简繁或模糊自动归并，需证据复核
00600.HK,00600.HK,中国基建投资有限公司,中国基建投资,愛芯元智半導體股份有限公司 - H股,愛芯元智,半導體,name_difference,manual_review,True,0,review_issuer_identity_and_industry,https://www.hkex.com.hk/Market-Data/Securities-Prices/Equities/Equities-Quote?sc_lang=zh-HK&sym=600,,历史与当前名称不做简繁或模糊自动归并，需证据复核
00607.HK,00607.HK,丰盛控股有限公司,丰盛控股,豐盛控股有限公司,豐盛控股,環保工程,name_difference,manual_review,False,0,review_issuer_identity_and_industry,https://www.hkex.com.hk/Market-Data/Securities-Prices/Equities/Equities-Quote?sc_lang=zh-HK&sym=607,,历史与当前名称不做简繁或模糊自动归并，需证据复核
00650.HK,00650.HK,普达特科技有限公司,普达特科技,普達特科技有限公司,普達特科技,半導體設備與材料,name_difference,manual_review,False,0,review_issuer_identity_and_industry,https://www.hkex.com.hk/Market-Data/Securities-Prices/Equities/Equities-Quote?sc_lang=zh-HK&sym=650,,历史与当前名称不做简繁或模糊自动归并，需证据复核
00002.HK,00002.HK,中电控股有限公司,中电控股,中電控股有限公司,中電控股,常規電力,name_difference,proposed,False,2,verify_name_continuity,https://www.hkex.com.hk/Market-Data/Securities-Prices/Equities/Equities-Quote?sc_lang=zh-HK&sym=2,,历史与当前名称不做简繁或模糊自动归并，需证据复核
00003.HK,00003.HK,香港中华煤气有限公司,香港中华煤气,香港中華煤氣有限公司,香港中華煤氣,燃氣供應,name_difference,proposed,False,2,verify_name_continuity,https://www.hkex.com.hk/Market-Data/Securities-Prices/Equities/Equities-Quote?sc_lang=zh-HK&sym=3,,历史与当前名称不做简繁或模糊自动归并，需证据复核
00006.HK,00006.HK,电能实业有限公司,电能实业,電能實業有限公司,電能實業,常規電力,name_difference,proposed,False,2,verify_name_continuity,https://www.hkex.com.hk/Market-Data/Securities-Prices/Equities/Equities-Quote?sc_lang=zh-HK&sym=6,,历史与当前名称不做简繁或模糊自动归并，需证据复核
00061.HK,00061.HK,绿领控股集团有限公司,绿领控股,綠領控股集團有限公司,綠領控股（新）,煤炭,name_difference,proposed,False,2,verify_name_continuity,https://www.hkex.com.hk/Market-Data/Securities-Prices/Equities/Equities-Quote?sc_lang=zh-HK&sym=61,,历史与当前名称不做简繁或模糊自动归并，需证据复核
00065.HK,00065.HK,弘海高新资源有限公司,弘海高新资源,弘海高新資源有限公司,弘海高新資源,煤炭,name_difference,proposed,False,2,verify_name_continuity,https://www.hkex.com.hk/Market-Data/Securities-Prices/Equities/Equities-Quote?sc_lang=zh-HK&sym=65,,历史与当前名称不做简繁或模糊自动归并，需证据复核
00135.HK,00135.HK,昆仑能源有限公司,昆仑能源,昆侖能源有限公司,昆侖能源,燃氣供應,name_difference,proposed,False,2,verify_name_continuity,https://www.hkex.com.hk/Market-Data/Securities-Prices/Equities/Equities-Quote?sc_lang=zh-HK&sym=135,,历史与当前名称不做简繁或模糊自动归并，需证据复核
00182.HK,00182.HK,协合新能源集团有限公司,协合新能源,協合新能源集團有限公司,協合新能源,非傳統/ 可再生能源,name_difference,proposed,False,2,verify_name_continuity,https://www.hkex.com.hk/Market-Data/Securities-Prices/Equities/Equities-Quote?sc_lang=zh-HK&sym=182,,历史与当前名称不做简繁或模糊自动归并，需证据复核
00196.HK,00196.HK,宏华集团有限公司,宏华集团,宏華集團有限公司,宏華集團,油氣設備與服務,name_difference,proposed,False,2,verify_name_continuity,https://www.hkex.com.hk/Market-Data/Securities-Prices/Equities/Equities-Quote?sc_lang=zh-HK&sym=196,,历史与当前名称不做简繁或模糊自动归并，需证据复核
00206.HK,00206.HK,华商能源科技股份有限公司,华商能源,華商能源科技股份有限公司,華商能源,油氣設備與服務,name_difference,proposed,False,2,verify_name_continuity,https://www.hkex.com.hk/Market-Data/Securities-Prices/Equities/Equities-Quote?sc_lang=zh-HK&sym=206,,历史与当前名称不做简繁或模糊自动归并，需证据复核
00332.HK,00332.HK,元亨燃气控股有限公司,元亨燃气,元亨燃氣控股有限公司,元亨燃氣（新）,油氣生產商,name_difference,proposed,False,2,verify_name_continuity,https://www.hkex.com.hk/Market-Data/Securities-Prices/Equities/Equities-Quote?sc_lang=zh-HK&sym=332,,历史与当前名称不做简繁或模糊自动归并，需证据复核
00346.HK,00346.HK,延长石油国际有限公司,延长石油国际,延長石油國際有限公司,延長石油國際,油氣生產商,name_difference,proposed,False,2,verify_name_continuity,https://www.hkex.com.hk/Market-Data/Securities-Prices/Equities/Equities-Quote?sc_lang=zh-HK&sym=346,,历史与当前名称不做简繁或模糊自动归并，需证据复核
00353.HK,00353.HK,能源国际投资控股有限公司,能源国际投资,能源國際投資控股有限公司,能源國際投資,油氣設備與服務,name_difference,proposed,False,2,verify_name_continuity,https://www.hkex.com.hk/Market-Data/Securities-Prices/Equities/Equities-Quote?sc_lang=zh-HK&sym=353,,历史与当前名称不做简繁或模糊自动归并，需证据复核
00384.HK,00384.HK,中国燃气控股有限公司,中国燃气,中國燃氣控股有限公司,中國燃氣,燃氣供應,name_difference,proposed,False,2,verify_name_continuity,https://www.hkex.com.hk/Market-Data/Securities-Prices/Equities/Equities-Quote?sc_lang=zh-HK&sym=384,,历史与当前名称不做简繁或模糊自动归并，需证据复核
00451.HK,00451.HK,协鑫新能源控股有限公司,协鑫新能源,時代數字控股有限公司,時代數字,非傳統/ 可再生能源,name_difference,proposed,False,2,verify_name_continuity,https://www.hkex.com.hk/Market-Data/Securities-Prices/Equities/Equities-Quote?sc_lang=zh-HK&sym=451,,历史与当前名称不做简繁或模糊自动归并，需证据复核
00467.HK,00467.HK,联合能源集团有限公司,联合能源集团,聯合能源集團有限公司,聯合能源集團,油氣生產商,name_difference,proposed,False,2,verify_name_continuity,https://www.hkex.com.hk/Market-Data/Securities-Prices/Equities/Equities-Quote?sc_lang=zh-HK&sym=467,,历史与当前名称不做简繁或模糊自动归并，需证据复核
00554.HK,00554.HK,汉思能源有限公司,汉思能源,漢思集團控股有限公司,漢思集團控股,油氣設備與服務,name_difference,proposed,False,2,verify_name_continuity,https://www.hkex.com.hk/Market-Data/Securities-Prices/Equities/Equities-Quote?sc_lang=zh-HK&sym=554,,历史与当前名称不做简繁或模糊自动归并，需证据复核
00579.HK,00579.HK,北京京能清洁能源电力股份有限公司,京能清洁能源,北京京能清潔能源電力股份有限公司 - H股,京能清潔能源,非傳統/ 可再生能源,name_difference,proposed,True,2,verify_name_continuity,https://www.hkex.com.hk/Market-Data/Securities-Prices/Equities/Equities-Quote?sc_lang=zh-HK&sym=579,,历史与当前名称不做简繁或模糊自动归并，需证据复核
00639.HK,00639.HK,首钢福山资源集团有限公司,首钢资源,首鋼福山資源集團有限公司,首鋼資源,煤炭,name_difference,proposed,False,2,verify_name_continuity,https://www.hkex.com.hk/Market-Data/Securities-Prices/Equities/Equities-Quote?sc_lang=zh-HK&sym=639,,历史与当前名称不做简繁或模糊自动归并，需证据复核
00645.HK,00645.HK,安域亚洲有限公司,安域亚洲,安域亞洲有限公司,安域亞洲,煤炭,name_difference,proposed,False,2,verify_name_continuity,https://www.hkex.com.hk/Market-Data/Securities-Prices/Equities/Equities-Quote?sc_lang=zh-HK&sym=645,,历史与当前名称不做简繁或模糊自动归并，需证据复核
00666.HK,00666.HK,瑞浦兰钧能源股份有限公司,瑞浦兰钧,瑞浦蘭鈞能源股份有限公司 - H股,瑞浦蘭鈞,能源儲存裝置,name_difference,proposed,True,2,verify_name_continuity,https://www.hkex.com.hk/Market-Data/Securities-Prices/Equities/Equities-Quote?sc_lang=zh-HK&sym=666,,历史与当前名称不做简繁或模糊自动归并，需证据复核
00686.HK,00686.HK,北京能源国际控股有限公司,北京能源国际,北京能源國際控股有限公司,北京能源國際－新,非傳統/ 可再生能源,name_difference,proposed,False,2,verify_name_continuity,https://www.hkex.com.hk/Market-Data/Securities-Prices/Equities/Equities-Quote?sc_lang=zh-HK&sym=686,,历史与当前名称不做简繁或模糊自动归并，需证据复核
00689.HK,00689.HK,长盈集团(控股)有限公司,长盈集团(控股),長盈集團(控股)有限公司,長盈集團（控股）,油氣生產商,name_difference,proposed,False,2,verify_name_continuity,https://www.hkex.com.hk/Market-Data/Securities-Prices/Equities/Equities-Quote?sc_lang=zh-HK&sym=689,,历史与当前名称不做简繁或模糊自动归并，需证据复核
00702.HK,00702.HK,中国油气控股有限公司,中国油气控股,中國油氣控股有限公司,中國油氣控股,油氣生產商,name_difference,proposed,False,2,verify_name_continuity,https://www.hkex.com.hk/Market-Data/Securities-Prices/Equities/Equities-Quote?sc_lang=zh-HK&sym=702,,历史与当前名称不做简繁或模糊自动归并，需证据复核
00819.HK,00819.HK,天能动力国际有限公司,天能动力,天能動力國際有限公司,天能動力,能源儲存裝置,name_difference,proposed,False,2,verify_name_continuity,https://www.hkex.com.hk/Market-Data/Securities-Prices/Equities/Equities-Quote?sc_lang=zh-HK&sym=819,,历史与当前名称不做简繁或模糊自动归并，需证据复核
00836.HK,00836.HK,华润电力控股有限公司,华润电力,華潤電力控股有限公司,華潤電力,常規電力,name_difference,proposed,False,2,verify_name_continuity,https://www.hkex.com.hk/Market-Data/Securities-Prices/Equities/Equities-Quote?sc_lang=zh-HK&sym=836,,历史与当前名称不做简繁或模糊自动归并，需证据复核
00866.HK,00866.HK,中国秦发集团有限公司,中国秦发,中國秦發集團有限公司,中國秦發,煤炭,name_difference,proposed,False,2,verify_name_continuity,https://www.hkex.com.hk/Market-Data/Securities-Prices/Equities/Equities-Quote?sc_lang=zh-HK&sym=866,,历史与当前名称不做简繁或模糊自动归并，需证据复核
00951.HK,00951.HK,超威动力控股有限公司,超威动力,超威動力控股有限公司,超威動力,能源儲存裝置,name_difference,proposed,False,2,verify_name_continuity,https://www.hkex.com.hk/Market-Data/Securities-Prices/Equities/Equities-Quote?sc_lang=zh-HK&sym=951,,历史与当前名称不做简繁或模糊自动归并，需证据复核
00968.HK,00968.HK,信义光能控股有限公司,信义光能,信義光能控股有限公司,信義光能,新能源物料,name_difference,proposed,False,2,verify_name_continuity,https://www.hkex.com.hk/Market-Data/Securities-Prices/Equities/Equities-Quote?sc_lang=zh-HK&sym=968,,历史与当前名称不做简繁或模糊自动归并，需证据复核
01080.HK,01080.HK,胜利油气管道控股有限公司,胜利管道,勝利油氣管道控股有限公司,勝利管道,油氣設備與服務,name_difference,proposed,False,2,verify_name_continuity,https://www.hkex.com.hk/Market-Data/Securities-Prices/Equities/Equities-Quote?sc_lang=zh-HK&sym=1080,,历史与当前名称不做简繁或模糊自动归并，需证据复核
01083.HK,01083.HK,港华智慧能源有限公司,港华智慧能源,港華智慧能源有限公司,港華智慧能源,燃氣供應,name_difference,proposed,False,2,verify_name_continuity,https://www.hkex.com.hk/Market-Data/Securities-Prices/Equities/Equities-Quote?sc_lang=zh-HK&sym=1083,,历史与当前名称不做简繁或模糊自动归并，需证据复核
01101.HK,01101.HK,中国华荣能源股份有限公司,华荣能源,中國華榮能源股份有限公司,華榮能源,油氣生產商,name_difference,proposed,False,2,verify_name_continuity,https://www.hkex.com.hk/Market-Data/Securities-Prices/Equities/Equities-Quote?sc_lang=zh-HK&sym=1101,,历史与当前名称不做简繁或模糊自动归并，需证据复核
01193.HK,01193.HK,华润燃气控股有限公司,华润燃气(一百),華潤燃氣控股有限公司,華潤燃氣,燃氣供應,name_difference,proposed,False,2,verify_name_continuity,https://www.hkex.com.hk/Market-Data/Securities-Prices/Equities/Equities-Quote?sc_lang=zh-HK&sym=1193,,历史与当前名称不做简繁或模糊自动归并，需证据复核
01205.HK,01205.HK,中信资源控股有限公司,中信资源,中信資源控股有限公司,中信資源,油氣生產商,name_difference,proposed,False,2,verify_name_continuity,https://www.hkex.com.hk/Market-Data/Securities-Prices/Equities/Equities-Quote?sc_lang=zh-HK&sym=1205,,历史与当前名称不做简繁或模糊自动归并，需证据复核
01229.HK,01229.HK,南南资源实业有限公司,南南资源,南南資源實業有限公司,南南資源,煤炭,name_difference,proposed,False,2,verify_name_continuity,https://www.hkex.com.hk/Market-Data/Securities-Prices/Equities/Equities-Quote?sc_lang=zh-HK&sym=1229,,历史与当前名称不做简繁或模糊自动归并，需证据复核
01251.HK,01251.HK,华油能源集团有限公司,华油能源,華油能源集團有限公司,華油能源,油氣設備與服務,name_difference,proposed,False,2,verify_name_continuity,https://www.hkex.com.hk/Market-Data/Securities-Prices/Equities/Equities-Quote?sc_lang=zh-HK&sym=1251,,历史与当前名称不做简繁或模糊自动归并，需证据复核
01277.HK,01277.HK,力量发展集团有限公司,力量发展,力量發展集團有限公司,力量發展,煤炭,name_difference,proposed,False,2,verify_name_continuity,https://www.hkex.com.hk/Market-Data/Securities-Prices/Equities/Equities-Quote?sc_lang=zh-HK&sym=1277,,历史与当前名称不做简繁或模糊自动归并，需证据复核
01303.HK,01303.HK,汇力资源(集团)有限公司,汇力资源,滙力資源(集團)有限公司,滙力資源,煤炭,name_difference,proposed,False,2,verify_name_continuity,https://www.hkex.com.hk/Market-Data/Securities-Prices/Equities/Equities-Quote?sc_lang=zh-HK&sym=1303,,历史与当前名称不做简繁或模糊自动归并，需证据复核
01393.HK,01393.HK,恒鼎实业国际发展有限公司,恒鼎实业,恒鼎實業國際發展有限公司,恒鼎實業,煤炭,name_difference,proposed,False,2,verify_name_continuity,https://www.hkex.com.hk/Market-Data/Securities-Prices/Equities/Equities-Quote?sc_lang=zh-HK&sym=1393,,历史与当前名称不做简繁或模糊自动归并，需证据复核
01407.HK,01407.HK,交运燃气有限公司,交运燃气,交運燃氣有限公司,交運燃氣,油氣生產商,name_difference,proposed,False,2,verify_name_continuity,https://www.hkex.com.hk/Market-Data/Securities-Prices/Equities/Equities-Quote?sc_lang=zh-HK&sym=1407,,历史与当前名称不做简繁或模糊自动归并，需证据复核
01555.HK,01555.HK,MI能源控股有限公司,MI能源,ＭＩ能源控股有限公司,ＭＩ能源,油氣生產商,name_difference,proposed,False,2,verify_name_continuity,https://www.hkex.com.hk/Market-Data/Securities-Prices/Equities/Equities-Quote?sc_lang=zh-HK&sym=1555,,历史与当前名称不做简繁或模糊自动归并，需证据复核
01600.HK,01600.HK,天伦燃气控股有限公司,天伦燃气,天倫燃氣控股有限公司,天倫燃氣,燃氣供應,name_difference,proposed,False,2,verify_name_continuity,https://www.hkex.com.hk/Market-Data/Securities-Prices/Equities/Equities-Quote?sc_lang=zh-HK&sym=1600,,历史与当前名称不做简繁或模糊自动归并，需证据复核
01608.HK,01608.HK,伟能集团国际控股有限公司,伟能集团,偉能集團國際控股有限公司,偉能集團,常規電力,name_difference,proposed,False,2,verify_name_continuity,https://www.hkex.com.hk/Market-Data/Securities-Prices/Equities/Equities-Quote?sc_lang=zh-HK&sym=1608,,历史与当前名称不做简繁或模糊自动归并，需证据复核
01621.HK,01621.HK,域高国际控股有限公司,域高国际控股,域高國際控股有限公司,域高國際控股,油氣生產商,name_difference,proposed,False,2,verify_name_continuity,https://www.hkex.com.hk/Market-Data/Securities-Prices/Equities/Equities-Quote?sc_lang=zh-HK&sym=1621,,历史与当前名称不做简繁或模糊自动归并，需证据复核
01713.HK,01713.HK,四川能投发展股份有限公司,四川能投发展,四川能投發展股份有限公司 - H股,四川能投發展,常規電力,name_difference,proposed,True,2,verify_name_continuity,https://www.hkex.com.hk/Market-Data/Securities-Prices/Equities/Equities-Quote?sc_lang=zh-HK&sym=1713,,历史与当前名称不做简繁或模糊自动归并，需证据复核
01738.HK,01738.HK,飞尚无烟煤资源有限公司,飞尚无烟煤,飛尚無煙煤資源有限公司,飛尚無煙煤,煤炭,name_difference,proposed,False,2,verify_name_continuity,https://www.hkex.com.hk/Market-Data/Securities-Prices/Equities/Equities-Quote?sc_lang=zh-HK&sym=1738,,历史与当前名称不做简繁或模糊自动归并，需证据复核
01811.HK,01811.HK,中国广核新能源控股有限公司,中广核新能源,中國廣核新能源控股有限公司,中廣核新能源,非傳統/ 可再生能源,name_difference,proposed,False,2,verify_name_continuity,https://www.hkex.com.hk/Market-Data/Securities-Prices/Equities/Equities-Quote?sc_lang=zh-HK&sym=1811,,历史与当前名称不做简繁或模糊自动归并，需证据复核
01921.HK,01921.HK,达力普控股有限公司,达力普控股,達力普控股有限公司,達力普控股,油氣設備與服務,name_difference,proposed,False,2,verify_name_continuity,https://www.hkex.com.hk/Market-Data/Securities-Prices/Equities/Equities-Quote?sc_lang=zh-HK&sym=1921,,历史与当前名称不做简繁或模糊自动归并，需证据复核
01938.HK,01938.HK,珠江石油天然气钢管控股有限公司,珠江钢管,珠江石油天然氣鋼管控股有限公司,珠江鋼管,油氣設備與服務,name_difference,proposed,False,2,verify_name_continuity,https://www.hkex.com.hk/Market-Data/Securities-Prices/Equities/Equities-Quote?sc_lang=zh-HK&sym=1938,,历史与当前名称不做简繁或模糊自动归并，需证据复核
02012.HK,02012.HK,阳光油砂有限公司,阳光油砂,陽光油砂有限公司,陽光油砂,油氣生產商,name_difference,proposed,False,2,verify_name_continuity,https://www.hkex.com.hk/Market-Data/Securities-Prices/Equities/Equities-Quote?sc_lang=zh-HK&sym=2012,,历史与当前名称不做简繁或模糊自动归并，需证据复核
02380.HK,02380.HK,中国电力国际发展有限公司,中国电力,中國電力國際發展有限公司,中國電力,非傳統/ 可再生能源,name_difference,proposed,False,2,verify_name_continuity,https://www.hkex.com.hk/Market-Data/Securities-Prices/Equities/Equities-Quote?sc_lang=zh-HK&sym=2380,,历史与当前名称不做简繁或模糊自动归并，需证据复核
02386.HK,02386.HK,中石化炼化工程(集团)股份有限公司,中石化炼化工程,中石化煉化工程(集團)股份有限公司 - H股,中石化煉化工程,油氣設備與服務,name_difference,proposed,True,2,verify_name_continuity,https://www.hkex.com.hk/Market-Data/Securities-Prices/Equities/Equities-Quote?sc_lang=zh-HK&sym=2386,,历史与当前名称不做简繁或模糊自动归并，需证据复核
02688.HK,02688.HK,新奥能源控股有限公司,新奥能源,新奧能源控股有限公司,新奧能源,燃氣供應,name_difference,proposed,False,2,verify_name_continuity,https://www.hkex.com.hk/Market-Data/Securities-Prices/Equities/Equities-Quote?sc_lang=zh-HK&sym=2688,,历史与当前名称不做简繁或模糊自动归并，需证据复核
02798.HK,02798.HK,久泰邦达能源控股有限公司,久泰邦达能源,久泰邦達能源控股有限公司,久泰邦達能源,煤炭,name_difference,proposed,False,2,verify_name_continuity,https://www.hkex.com.hk/Market-Data/Securities-Prices/Equities/Equities-Quote?sc_lang=zh-HK&sym=2798,,历史与当前名称不做简繁或模糊自动归并，需证据复核
03303.HK,03303.HK,巨涛海洋石油服务有限公司,巨涛海洋石油服务,巨濤海洋石油服務有限公司,巨濤海洋石油服務,油氣設備與服務,name_difference,proposed,False,2,verify_name_continuity,https://www.hkex.com.hk/Market-Data/Securities-Prices/Equities/Equities-Quote?sc_lang=zh-HK&sym=3303,,历史与当前名称不做简繁或模糊自动归并，需证据复核
03337.HK,03337.HK,安东油田服务集团,安东油田服务,安東油田服務集團,安東油田服務,油氣設備與服務,name_difference,proposed,False,2,verify_name_continuity,https://www.hkex.com.hk/Market-Data/Securities-Prices/Equities/Equities-Quote?sc_lang=zh-HK&sym=3337,,历史与当前名称不做简繁或模糊自动归并，需证据复核
03668.HK,03668.HK,兖煤澳大利亚有限公司,兖煤澳大利亚,兗煤澳大利亞有限公司,兗煤澳大利亞,煤炭,name_difference,proposed,False,2,verify_name_continuity,https://www.hkex.com.hk/Market-Data/Securities-Prices/Equities/Equities-Quote?sc_lang=zh-HK&sym=3668,,历史与当前名称不做简繁或模糊自动归并，需证据复核
03800.HK,03800.HK,协鑫科技控股有限公司,协鑫科技,協鑫科技控股有限公司,協鑫科技,新能源物料,name_difference,proposed,False,2,verify_name_continuity,https://www.hkex.com.hk/Market-Data/Securities-Prices/Equities/Equities-Quote?sc_lang=zh-HK&sym=3800,,历史与当前名称不做简繁或模糊自动归并，需证据复核
03868.HK,03868.HK,信义能源控股有限公司,信义能源,信義能源控股有限公司,信義能源,非傳統/ 可再生能源,name_difference,proposed,False,2,verify_name_continuity,https://www.hkex.com.hk/Market-Data/Securities-Prices/Equities/Equities-Quote?sc_lang=zh-HK&sym=3868,,历史与当前名称不做简繁或模糊自动归并，需证据复核
06828.HK,06828.HK,北京燃气蓝天控股有限公司,北京燃气蓝天,北京燃氣藍天控股有限公司,北京燃氣藍天,燃氣供應,name_difference,proposed,False,2,verify_name_continuity,https://www.hkex.com.hk/Market-Data/Securities-Prices/Equities/Equities-Quote?sc_lang=zh-HK&sym=6828,,历史与当前名称不做简繁或模糊自动归并，需证据复核
06885.HK,06885.HK,河南金马能源股份有限公司,金马能源,河南金馬能源股份有限公司 - H股,金馬能源,煤炭,name_difference,proposed,True,2,verify_name_continuity,https://www.hkex.com.hk/Market-Data/Securities-Prices/Equities/Equities-Quote?sc_lang=zh-HK&sym=6885,,历史与当前名称不做简繁或模糊自动归并，需证据复核
08132.HK,08132.HK,百能国际能源控股有限公司,百能国际能源,百能國際能源控股有限公司,百能國際能源,油氣生產商,name_difference,proposed,False,2,verify_name_continuity,https://www.hkex.com.hk/Market-Data/Securities-Prices/Equities/Equities-Quote?sc_lang=zh-HK&sym=8132,,历史与当前名称不做简繁或模糊自动归并，需证据复核
08270.HK,08270.HK,中国煤层气集团有限公司,中国煤层气,中國煤層氣集團有限公司,中國煤層氣,油氣生產商,name_difference,proposed,False,2,verify_name_continuity,https://www.hkex.com.hk/Market-Data/Securities-Prices/Equities/Equities-Quote?sc_lang=zh-HK&sym=8270,,历史与当前名称不做简繁或模糊自动归并，需证据复核
08347.HK,08347.HK,F8企业(控股)集团有限公司,F8企业,F8企業(控股)集團有限公司,Ｆ８企業,油氣生產商,name_difference,proposed,False,2,verify_name_continuity,https://www.hkex.com.hk/Market-Data/Securities-Prices/Equities/Equities-Quote?sc_lang=zh-HK&sym=8347,,历史与当前名称不做简繁或模糊自动归并，需证据复核
09689.HK,09689.HK,金泰丰国际控股有限公司,金泰丰国际控股,金泰豐國際控股有限公司,金泰豐國際控股,油氣生產商,name_difference,proposed,False,2,verify_name_continuity,https://www.hkex.com.hk/Market-Data/Securities-Prices/Equities/Equities-Quote?sc_lang=zh-HK&sym=9689,,历史与当前名称不做简繁或模糊自动归并，需证据复核
01798.HK,01798.HK,中国大唐集团新能源股份有限公司,大唐新能源,中國大唐集團新能源股份有限公司 - H股,大唐新能源,非傳統/ 可再生能源,exact_short_name,proposed,True,3,review_ah_relationship,https://www.hkex.com.hk/Market-Data/Securities-Prices/Equities/Equities-Quote?sc_lang=zh-HK&sym=1798,,公司简称字符级一致
01799.HK,01799.HK,新特能源股份有限公司,新特能源,新特能源股份有限公司 - H股,新特能源,新能源物料,exact_name,proposed,True,3,review_ah_relationship,https://www.hkex.com.hk/Market-Data/Securities-Prices/Equities/Equities-Quote?sc_lang=zh-HK&sym=1799,,去除组织形式和H股后缀后名称字符级一致
00228.HK,00228.HK,中国能源开发控股有限公司,中能控股,中國能源開發控股有限公司,中能控股,油氣生產商,exact_short_name,proposed,False,9,continuity_name_check_complete,https://www.hkex.com.hk/Market-Data/Securities-Prices/Equities/Equities-Quote?sc_lang=zh-HK&sym=228,,公司简称字符级一致
00276.HK,00276.HK,蒙古能源有限公司,蒙古能源,蒙古能源有限公司,蒙古能源,煤炭,exact_name,proposed,False,9,continuity_name_check_complete,https://www.hkex.com.hk/Market-Data/Securities-Prices/Equities/Equities-Quote?sc_lang=zh-HK&sym=276,,去除组织形式和H股后缀后名称字符级一致
00295.HK,00295.HK,江山控股有限公司,江山控股,江山控股有限公司,江山控股,非傳統/ 可再生能源,exact_name,proposed,False,9,continuity_name_check_complete,https://www.hkex.com.hk/Market-Data/Securities-Prices/Equities/Equities-Quote?sc_lang=zh-HK&sym=295,,去除组织形式和H股后缀后名称字符级一致
00392.HK,00392.HK,北京控股有限公司,北京控股,北京控股有限公司,北京控股,燃氣供應,exact_name,proposed,False,9,continuity_name_check_complete,https://www.hkex.com.hk/Market-Data/Securities-Prices/Equities/Equities-Quote?sc_lang=zh-HK&sym=392,,去除组织形式和H股后缀后名称字符级一致
00632.HK,00632.HK,中港石油有限公司,中港石油,中港石油有限公司,中港石油,油氣生產商,exact_name,proposed,False,9,continuity_name_check_complete,https://www.hkex.com.hk/Market-Data/Securities-Prices/Equities/Equities-Quote?sc_lang=zh-HK&sym=632,,去除组织形式和H股后缀后名称字符级一致
00704.HK,00704.HK,和嘉控股有限公司,和嘉控股,和嘉控股有限公司,和嘉控股,煤炭,exact_name,proposed,False,9,continuity_name_check_complete,https://www.hkex.com.hk/Market-Data/Securities-Prices/Equities/Equities-Quote?sc_lang=zh-HK&sym=704,,去除组织形式和H股后缀后名称字符级一致
00931.HK,#N/A,中国港能智慧能源集团有限公司,中国港能,中國港能智慧能源集團有限公司,中國港能,非傳統/ 可再生能源,signed_code_resolution,proposed,False,9,continuity_name_check_complete,https://www.hkex.com.hk/Market-Data/Securities-Prices/Equities/Equities-Quote?sc_lang=zh-HK&sym=931,https://www.hkexnews.hk/listedco/listconews/sehk/2026/0401/2026040103349_c.pdf,当前代码由带官方证据的历史代码解析确认
00934.HK,00934.HK,中石化冠德控股有限公司,中石化冠德,中石化冠德控股有限公司,中石化冠德,油氣設備與服務,exact_name,proposed,False,9,continuity_name_check_complete,https://www.hkex.com.hk/Market-Data/Securities-Prices/Equities/Equities-Quote?sc_lang=zh-HK&sym=934,,去除组织形式和H股后缀后名称字符级一致
00975.HK,00975.HK,MONGOLIAN MINING CORPORATION,MONGOL MINING,Mongolian Mining Corporation,MONGOL MINING,煤炭,exact_name,proposed,False,9,continuity_name_check_complete,https://www.hkex.com.hk/Market-Data/Securities-Prices/Equities/Equities-Quote?sc_lang=zh-HK&sym=975,,去除组织形式和H股后缀后名称字符级一致
01250.HK,01250.HK,山高新能源集团有限公司,山高新能源,山高新能源集團有限公司,山高新能源,非傳統/ 可再生能源,exact_short_name,proposed,False,9,continuity_name_check_complete,https://www.hkex.com.hk/Market-Data/Securities-Prices/Equities/Equities-Quote?sc_lang=zh-HK&sym=1250,,公司简称字符级一致
01623.HK,01623.HK,海隆控股有限公司,海隆控股,海隆控股有限公司,海隆控股,油氣設備與服務,exact_name,proposed,False,9,continuity_name_check_complete,https://www.hkex.com.hk/Market-Data/Securities-Prices/Equities/Equities-Quote?sc_lang=zh-HK&sym=1623,,去除组织形式和H股后缀后名称字符级一致
01733.HK,01733.HK,易大宗控股有限公司,易大宗,易大宗控股有限公司,易大宗,煤炭,exact_name,proposed,False,9,continuity_name_check_complete,https://www.hkex.com.hk/Market-Data/Securities-Prices/Equities/Equities-Quote?sc_lang=zh-HK&sym=1733,,去除组织形式和H股后缀后名称字符级一致
01878.HK,01878.HK,南戈壁资源有限公司,南戈壁,南戈壁資源有限公司,南戈壁,煤炭,exact_short_name,proposed,False,9,continuity_name_check_complete,https://www.hkex.com.hk/Market-Data/Securities-Prices/Equities/Equities-Quote?sc_lang=zh-HK&sym=1878,,公司简称字符级一致
01940.HK,01940.HK,CHINA GAS INDUSTRY INVESTMENT HOLDINGS CO. LTD.,CGII HLDGS,China Gas Industry Investment Holdings Co. Ltd.,CGII HLDGS,油氣生產商,exact_name,proposed,False,9,continuity_name_check_complete,https://www.hkex.com.hk/Market-Data/Securities-Prices/Equities/Equities-Quote?sc_lang=zh-HK&sym=1940,,去除组织形式和H股后缀后名称字符级一致
02178.HK,02178.HK,百勤油田服务有限公司,百勤油服,百勤油田服務有限公司,百勤油服,油氣設備與服務,exact_short_name,proposed,False,9,continuity_name_check_complete,https://www.hkex.com.hk/Market-Data/Securities-Prices/Equities/Equities-Quote?sc_lang=zh-HK&sym=2178,,公司简称字符级一致
02236.HK,02236.HK,惠生工程技术服务有限公司,惠生工程,惠生工程技術服務有限公司,惠生工程,油氣設備與服務,exact_short_name,proposed,False,9,continuity_name_check_complete,https://www.hkex.com.hk/Market-Data/Securities-Prices/Equities/Equities-Quote?sc_lang=zh-HK&sym=2236,,公司简称字符级一致
02728.HK,02728.HK,金泰能源控股有限公司,金泰能源控股,金泰能源控股有限公司,金泰能源控股,油氣生產商,exact_name,proposed,False,9,continuity_name_check_complete,https://www.hkex.com.hk/Market-Data/Securities-Prices/Equities/Equities-Quote?sc_lang=zh-HK&sym=2728,,去除组织形式和H股后缀后名称字符级一致
03395.HK,03395.HK,吉星新能源有限责任公司,吉星新能源,吉星新能源有限責任公司,吉星新能源,油氣生產商,exact_short_name,proposed,False,9,continuity_name_check_complete,https://www.hkex.com.hk/Market-Data/Securities-Prices/Equities/Equities-Quote?sc_lang=zh-HK&sym=3395,,公司简称字符级一致
03633.HK,03633.HK,中裕能源控股有限公司,中裕能源,中裕能源控股有限公司,中裕能源,燃氣供應,exact_name,proposed,False,9,continuity_name_check_complete,https://www.hkex.com.hk/Market-Data/Securities-Prices/Equities/Equities-Quote?sc_lang=zh-HK&sym=3633,,去除组织形式和H股后缀后名称字符级一致
03899.HK,03899.HK,中集安瑞科控股有限公司,中集安瑞科,中集安瑞科控股有限公司,中集安瑞科,油氣設備與服務,exact_name,proposed,False,9,continuity_name_check_complete,https://www.hkex.com.hk/Market-Data/Securities-Prices/Equities/Equities-Quote?sc_lang=zh-HK&sym=3899,,去除组织形式和H股后缀后名称字符级一致
08536.HK,08536.HK,TL Natural Gas Holdings Limited,TL NATURAL GAS,TL Natural Gas Holdings Ltd.,TL NATURAL GAS,油氣生產商,exact_short_name,proposed,False,9,continuity_name_check_complete,https://www.hkex.com.hk/Market-Data/Securities-Prices/Equities/Equities-Quote?sc_lang=zh-HK&sym=8536,,公司简称字符级一致
08631.HK,08631.HK,申港控股有限公司,申港控股,申港控股有限公司,申港控股,油氣生產商,exact_name,proposed,False,9,continuity_name_check_complete,https://www.hkex.com.hk/Market-Data/Securities-Prices/Equities/Equities-Quote?sc_lang=zh-HK&sym=8631,,去除组织形式和H股后缀后名称字符级一致
