company_code,company_name,indicator_code,in_v23_obs,direct_extract,derived_now,text_signal,has_revenue_signal,doc_count,text_chars,failure_reason,extract_values
600900.SH,长江电力,Q_E_GHG_INTENSITY,True,True,False,True,True,2,335523,ok_confirmed,6.680000000000001
600900.SH,长江电力,Q_E_ENERGY_INTENSITY,True,True,False,True,True,2,335523,ok_confirmed,2.0
600900.SH,长江电力,Q_E_NOX_INTENSITY,False,False,False,True,True,2,335523,text_signal_but_rules_miss,
600900.SH,长江电力,Q_E_SO2_INTENSITY,False,False,False,True,True,2,335523,text_signal_but_rules_miss,
600900.SH,长江电力,Q_E_WATER_INTENSITY,True,True,False,True,True,2,335523,ok_confirmed,810.0
600900.SH,长江电力,Q_E_SOLID_WASTE_INTENSITY,False,False,False,True,True,2,335523,text_signal_but_rules_miss,
600900.SH,长江电力,Q_S_SAFETY_INVEST_RATE,False,False,False,False,True,2,335523,no_text_signal,
600995.SH,南网储能,Q_E_GHG_INTENSITY,True,True,False,True,True,2,276057,ok_confirmed,30.0
600995.SH,南网储能,Q_E_ENERGY_INTENSITY,False,False,False,True,True,2,276057,text_signal_but_rules_miss,
600995.SH,南网储能,Q_E_NOX_INTENSITY,True,False,True,True,True,2,276057,ok_confirmed,
600995.SH,南网储能,Q_E_SO2_INTENSITY,False,False,False,False,True,2,276057,no_text_signal,
600995.SH,南网储能,Q_E_WATER_INTENSITY,False,False,False,True,True,2,276057,text_signal_but_rules_miss,
600995.SH,南网储能,Q_E_SOLID_WASTE_INTENSITY,False,False,False,False,True,2,276057,no_text_signal,
600995.SH,南网储能,Q_S_SAFETY_INVEST_RATE,False,False,False,True,True,2,276057,text_signal_but_rules_miss,
02688.HK,ENN ENERGY,Q_E_GHG_INTENSITY,False,False,False,True,False,2,937782,text_signal_but_rules_miss,
02688.HK,ENN ENERGY,Q_E_ENERGY_INTENSITY,True,True,False,False,False,2,937782,ok_confirmed,3.4785000000000004
02688.HK,ENN ENERGY,Q_E_NOX_INTENSITY,True,True,False,True,False,2,937782,ok_confirmed,0.9
02688.HK,ENN ENERGY,Q_E_SO2_INTENSITY,True,True,False,True,False,2,937782,ok_confirmed,0.1331489752623307
02688.HK,ENN ENERGY,Q_E_WATER_INTENSITY,True,True,False,False,False,2,937782,ok_confirmed,60.913
02688.HK,ENN ENERGY,Q_E_SOLID_WASTE_INTENSITY,True,True,False,False,False,2,937782,ok_confirmed,0.0748
02688.HK,ENN ENERGY,Q_S_SAFETY_INVEST_RATE,False,False,False,False,False,2,937782,no_text_signal,
300274.SZ,阳光电源,Q_E_GHG_INTENSITY,False,False,False,True,True,2,439482,text_signal_but_rules_miss,
300274.SZ,阳光电源,Q_E_ENERGY_INTENSITY,False,False,False,True,True,2,439482,text_signal_but_rules_miss,
300274.SZ,阳光电源,Q_E_NOX_INTENSITY,False,False,False,True,True,2,439482,text_signal_but_rules_miss,
300274.SZ,阳光电源,Q_E_SO2_INTENSITY,False,False,False,True,True,2,439482,text_signal_but_rules_miss,
300274.SZ,阳光电源,Q_E_WATER_INTENSITY,False,False,False,True,True,2,439482,text_signal_but_rules_miss,
300274.SZ,阳光电源,Q_E_SOLID_WASTE_INTENSITY,False,False,False,True,True,2,439482,text_signal_but_rules_miss,
300274.SZ,阳光电源,Q_S_SAFETY_INVEST_RATE,False,False,False,True,True,2,439482,text_signal_but_rules_miss,
601567.SH,三星电气,Q_E_GHG_INTENSITY,False,False,False,True,True,2,323699,text_signal_but_rules_miss,
601567.SH,三星电气,Q_E_ENERGY_INTENSITY,False,False,False,True,True,2,323699,text_signal_but_rules_miss,
601567.SH,三星电气,Q_E_NOX_INTENSITY,False,False,False,True,True,2,323699,text_signal_but_rules_miss,
601567.SH,三星电气,Q_E_SO2_INTENSITY,False,False,False,True,True,2,323699,text_signal_but_rules_miss,
601567.SH,三星电气,Q_E_WATER_INTENSITY,False,False,False,True,True,2,323699,text_signal_but_rules_miss,
601567.SH,三星电气,Q_E_SOLID_WASTE_INTENSITY,False,False,False,True,True,2,323699,text_signal_but_rules_miss,
601567.SH,三星电气,Q_S_SAFETY_INVEST_RATE,False,False,False,False,True,2,323699,no_text_signal,
00135.HK,KUNLUN ENERGY,Q_E_GHG_INTENSITY,False,False,False,False,False,2,806119,no_text_signal,
00135.HK,KUNLUN ENERGY,Q_E_ENERGY_INTENSITY,False,False,False,False,False,2,806119,no_text_signal,
00135.HK,KUNLUN ENERGY,Q_E_NOX_INTENSITY,False,False,False,True,False,2,806119,text_signal_but_rules_miss,
00135.HK,KUNLUN ENERGY,Q_E_SO2_INTENSITY,False,False,False,False,False,2,806119,no_text_signal,
00135.HK,KUNLUN ENERGY,Q_E_WATER_INTENSITY,False,False,False,False,False,2,806119,no_text_signal,
00135.HK,KUNLUN ENERGY,Q_E_SOLID_WASTE_INTENSITY,False,False,False,False,False,2,806119,no_text_signal,
00135.HK,KUNLUN ENERGY,Q_S_SAFETY_INVEST_RATE,False,False,False,False,False,2,806119,no_text_signal,
002911.SZ,佛燃能源,Q_E_GHG_INTENSITY,False,False,False,True,True,1,278911,text_signal_but_rules_miss,
002911.SZ,佛燃能源,Q_E_ENERGY_INTENSITY,False,False,False,False,True,1,278911,no_text_signal,
002911.SZ,佛燃能源,Q_E_NOX_INTENSITY,False,False,False,True,True,1,278911,text_signal_but_rules_miss,
002911.SZ,佛燃能源,Q_E_SO2_INTENSITY,False,False,False,False,True,1,278911,no_text_signal,
002911.SZ,佛燃能源,Q_E_WATER_INTENSITY,False,False,False,False,True,1,278911,no_text_signal,
002911.SZ,佛燃能源,Q_E_SOLID_WASTE_INTENSITY,False,False,False,False,True,1,278911,no_text_signal,
002911.SZ,佛燃能源,Q_S_SAFETY_INVEST_RATE,False,False,False,False,True,1,278911,no_text_signal,
00686.HK,BJ ENERGY INTL,Q_E_GHG_INTENSITY,False,False,False,False,False,2,955579,no_text_signal,
00686.HK,BJ ENERGY INTL,Q_E_ENERGY_INTENSITY,False,False,False,False,False,2,955579,no_text_signal,
00686.HK,BJ ENERGY INTL,Q_E_NOX_INTENSITY,False,False,False,True,False,2,955579,text_signal_but_rules_miss,
00686.HK,BJ ENERGY INTL,Q_E_SO2_INTENSITY,False,False,False,True,False,2,955579,text_signal_but_rules_miss,
00686.HK,BJ ENERGY INTL,Q_E_WATER_INTENSITY,False,False,False,False,False,2,955579,no_text_signal,
00686.HK,BJ ENERGY INTL,Q_E_SOLID_WASTE_INTENSITY,False,False,False,False,False,2,955579,no_text_signal,
00686.HK,BJ ENERGY INTL,Q_S_SAFETY_INVEST_RATE,False,False,False,False,False,2,955579,no_text_signal,
688676.SH,金盘科技,Q_E_GHG_INTENSITY,True,True,False,True,True,2,413819,ok_confirmed,2.6
688676.SH,金盘科技,Q_E_ENERGY_INTENSITY,True,True,False,True,True,2,413819,ok_confirmed,8.4;8.4
688676.SH,金盘科技,Q_E_NOX_INTENSITY,False,False,False,True,True,2,413819,text_signal_but_rules_miss,
688676.SH,金盘科技,Q_E_SO2_INTENSITY,False,False,False,True,True,2,413819,text_signal_but_rules_miss,
688676.SH,金盘科技,Q_E_WATER_INTENSITY,False,False,False,True,True,2,413819,text_signal_but_rules_miss,
688676.SH,金盘科技,Q_E_SOLID_WASTE_INTENSITY,False,False,False,True,True,2,413819,text_signal_but_rules_miss,
688676.SH,金盘科技,Q_S_SAFETY_INVEST_RATE,False,False,False,False,True,2,413819,no_text_signal,
600339.SH,中油工程,Q_E_GHG_INTENSITY,False,False,False,False,True,1,207146,no_text_signal,
600339.SH,中油工程,Q_E_ENERGY_INTENSITY,False,False,False,False,True,1,207146,no_text_signal,
600339.SH,中油工程,Q_E_NOX_INTENSITY,False,False,False,False,True,1,207146,no_text_signal,
600339.SH,中油工程,Q_E_SO2_INTENSITY,False,False,False,False,True,1,207146,no_text_signal,
600339.SH,中油工程,Q_E_WATER_INTENSITY,False,False,False,True,True,1,207146,text_signal_but_rules_miss,
600339.SH,中油工程,Q_E_SOLID_WASTE_INTENSITY,False,False,False,False,True,1,207146,no_text_signal,
600339.SH,中油工程,Q_S_SAFETY_INVEST_RATE,False,False,False,False,True,1,207146,no_text_signal,
688408.SH,中信博,Q_E_GHG_INTENSITY,False,False,False,False,True,1,246110,no_text_signal,
688408.SH,中信博,Q_E_ENERGY_INTENSITY,False,False,False,False,True,1,246110,no_text_signal,
688408.SH,中信博,Q_E_NOX_INTENSITY,False,False,False,False,True,1,246110,no_text_signal,
688408.SH,中信博,Q_E_SO2_INTENSITY,False,False,False,False,True,1,246110,no_text_signal,
688408.SH,中信博,Q_E_WATER_INTENSITY,False,False,False,False,True,1,246110,no_text_signal,
688408.SH,中信博,Q_E_SOLID_WASTE_INTENSITY,False,False,False,False,True,1,246110,no_text_signal,
688408.SH,中信博,Q_S_SAFETY_INVEST_RATE,False,False,False,False,True,1,246110,no_text_signal,
600406.SH,国电南瑞,Q_E_GHG_INTENSITY,False,False,False,False,True,1,289580,no_text_signal,
600406.SH,国电南瑞,Q_E_ENERGY_INTENSITY,False,False,False,False,True,1,289580,no_text_signal,
600406.SH,国电南瑞,Q_E_NOX_INTENSITY,False,False,False,False,True,1,289580,no_text_signal,
600406.SH,国电南瑞,Q_E_SO2_INTENSITY,False,False,False,False,True,1,289580,no_text_signal,
600406.SH,国电南瑞,Q_E_WATER_INTENSITY,False,False,False,True,True,1,289580,text_signal_but_rules_miss,
600406.SH,国电南瑞,Q_E_SOLID_WASTE_INTENSITY,False,False,False,False,True,1,289580,no_text_signal,
600406.SH,国电南瑞,Q_S_SAFETY_INVEST_RATE,False,False,False,False,True,1,289580,no_text_signal,
000400.SZ,许继电气,Q_E_GHG_INTENSITY,True,False,True,True,True,2,244172,ok_confirmed,
000400.SZ,许继电气,Q_E_ENERGY_INTENSITY,False,False,False,True,True,2,244172,text_signal_but_rules_miss,
000400.SZ,许继电气,Q_E_NOX_INTENSITY,True,False,True,True,True,2,244172,ok_confirmed,
000400.SZ,许继电气,Q_E_SO2_INTENSITY,False,False,False,False,True,2,244172,no_text_signal,
000400.SZ,许继电气,Q_E_WATER_INTENSITY,False,False,False,True,True,2,244172,text_signal_but_rules_miss,
000400.SZ,许继电气,Q_E_SOLID_WASTE_INTENSITY,False,False,False,True,True,2,244172,text_signal_but_rules_miss,
000400.SZ,许继电气,Q_S_SAFETY_INVEST_RATE,False,False,False,True,True,2,244172,text_signal_but_rules_miss,
688248.SH,南网科技,Q_E_GHG_INTENSITY,False,False,False,True,True,2,346084,text_signal_but_rules_miss,
688248.SH,南网科技,Q_E_ENERGY_INTENSITY,False,False,False,False,True,2,346084,no_text_signal,
688248.SH,南网科技,Q_E_NOX_INTENSITY,False,False,False,True,True,2,346084,text_signal_but_rules_miss,
688248.SH,南网科技,Q_E_SO2_INTENSITY,False,False,False,False,True,2,346084,no_text_signal,
688248.SH,南网科技,Q_E_WATER_INTENSITY,False,False,False,True,True,2,346084,text_signal_but_rules_miss,
688248.SH,南网科技,Q_E_SOLID_WASTE_INTENSITY,False,False,False,True,True,2,346084,text_signal_but_rules_miss,
688248.SH,南网科技,Q_S_SAFETY_INVEST_RATE,False,False,False,True,True,2,346084,text_signal_but_rules_miss,
600968.SH,海油发展,Q_E_GHG_INTENSITY,False,False,False,True,True,2,305063,text_signal_but_rules_miss,
600968.SH,海油发展,Q_E_ENERGY_INTENSITY,False,False,False,True,True,2,305063,text_signal_but_rules_miss,
600968.SH,海油发展,Q_E_NOX_INTENSITY,False,False,False,True,True,2,305063,text_signal_but_rules_miss,
600968.SH,海油发展,Q_E_SO2_INTENSITY,False,False,False,True,True,2,305063,text_signal_but_rules_miss,
600968.SH,海油发展,Q_E_WATER_INTENSITY,False,False,False,True,True,2,305063,text_signal_but_rules_miss,
600968.SH,海油发展,Q_E_SOLID_WASTE_INTENSITY,False,False,False,False,True,2,305063,no_text_signal,
600968.SH,海油发展,Q_S_SAFETY_INVEST_RATE,False,False,False,True,True,2,305063,text_signal_but_rules_miss,
01193.HK,CHINA RES GAS,Q_E_GHG_INTENSITY,False,False,False,False,False,2,895329,no_text_signal,
01193.HK,CHINA RES GAS,Q_E_ENERGY_INTENSITY,False,False,False,False,False,2,895329,no_text_signal,
01193.HK,CHINA RES GAS,Q_E_NOX_INTENSITY,False,False,False,False,False,2,895329,no_text_signal,
01193.HK,CHINA RES GAS,Q_E_SO2_INTENSITY,False,False,False,True,False,2,895329,text_signal_but_rules_miss,
01193.HK,CHINA RES GAS,Q_E_WATER_INTENSITY,False,False,False,False,False,2,895329,no_text_signal,
01193.HK,CHINA RES GAS,Q_E_SOLID_WASTE_INTENSITY,False,False,False,False,False,2,895329,no_text_signal,
01193.HK,CHINA RES GAS,Q_S_SAFETY_INVEST_RATE,False,False,False,False,False,2,895329,no_text_signal,
301327.SZ,华宝新能,Q_E_GHG_INTENSITY,False,False,False,False,True,1,202698,no_text_signal,
301327.SZ,华宝新能,Q_E_ENERGY_INTENSITY,False,False,False,False,True,1,202698,no_text_signal,
301327.SZ,华宝新能,Q_E_NOX_INTENSITY,False,False,False,False,True,1,202698,no_text_signal,
301327.SZ,华宝新能,Q_E_SO2_INTENSITY,False,False,False,False,True,1,202698,no_text_signal,
301327.SZ,华宝新能,Q_E_WATER_INTENSITY,False,False,False,False,True,1,202698,no_text_signal,
301327.SZ,华宝新能,Q_E_SOLID_WASTE_INTENSITY,False,False,False,False,True,1,202698,no_text_signal,
301327.SZ,华宝新能,Q_S_SAFETY_INVEST_RATE,False,False,False,False,True,1,202698,no_text_signal,
00956.HK,00956.HK,Q_E_GHG_INTENSITY,False,False,False,False,False,0,0,no_text_signal,
00956.HK,00956.HK,Q_E_ENERGY_INTENSITY,False,False,False,False,False,0,0,no_text_signal,
00956.HK,00956.HK,Q_E_NOX_INTENSITY,False,False,False,False,False,0,0,no_text_signal,
00956.HK,00956.HK,Q_E_SO2_INTENSITY,False,False,False,False,False,0,0,no_text_signal,
00956.HK,00956.HK,Q_E_WATER_INTENSITY,False,False,False,False,False,0,0,no_text_signal,
00956.HK,00956.HK,Q_E_SOLID_WASTE_INTENSITY,False,False,False,False,False,0,0,no_text_signal,
00956.HK,00956.HK,Q_S_SAFETY_INVEST_RATE,False,False,False,False,False,0,0,no_text_signal,
601179.SH,中国西电,Q_E_GHG_INTENSITY,False,False,False,False,True,1,220131,no_text_signal,
601179.SH,中国西电,Q_E_ENERGY_INTENSITY,False,False,False,False,True,1,220131,no_text_signal,
601179.SH,中国西电,Q_E_NOX_INTENSITY,False,False,False,False,True,1,220131,no_text_signal,
601179.SH,中国西电,Q_E_SO2_INTENSITY,False,False,False,False,True,1,220131,no_text_signal,
601179.SH,中国西电,Q_E_WATER_INTENSITY,False,False,False,False,True,1,220131,no_text_signal,
601179.SH,中国西电,Q_E_SOLID_WASTE_INTENSITY,False,False,False,False,True,1,220131,no_text_signal,
601179.SH,中国西电,Q_S_SAFETY_INVEST_RATE,False,False,False,False,True,1,220131,no_text_signal,
01083.HK,TG SMART ENERGY,Q_E_GHG_INTENSITY,False,False,False,False,False,2,651099,no_text_signal,
01083.HK,TG SMART ENERGY,Q_E_ENERGY_INTENSITY,False,False,False,False,False,2,651099,no_text_signal,
01083.HK,TG SMART ENERGY,Q_E_NOX_INTENSITY,False,False,False,True,False,2,651099,text_signal_but_rules_miss,
01083.HK,TG SMART ENERGY,Q_E_SO2_INTENSITY,False,False,False,True,False,2,651099,text_signal_but_rules_miss,
01083.HK,TG SMART ENERGY,Q_E_WATER_INTENSITY,False,False,False,False,False,2,651099,no_text_signal,
01083.HK,TG SMART ENERGY,Q_E_SOLID_WASTE_INTENSITY,False,False,False,False,False,2,651099,no_text_signal,
01083.HK,TG SMART ENERGY,Q_S_SAFETY_INVEST_RATE,False,False,False,False,False,2,651099,no_text_signal,
600875.SH,东方电气,Q_E_GHG_INTENSITY,False,False,False,False,True,1,240147,no_text_signal,
600875.SH,东方电气,Q_E_ENERGY_INTENSITY,False,False,False,False,True,1,240147,no_text_signal,
600875.SH,东方电气,Q_E_NOX_INTENSITY,False,False,False,False,True,1,240147,no_text_signal,
600875.SH,东方电气,Q_E_SO2_INTENSITY,False,False,False,False,True,1,240147,no_text_signal,
600875.SH,东方电气,Q_E_WATER_INTENSITY,False,False,False,True,True,1,240147,text_signal_but_rules_miss,
600875.SH,东方电气,Q_E_SOLID_WASTE_INTENSITY,False,False,False,False,True,1,240147,no_text_signal,
600875.SH,东方电气,Q_S_SAFETY_INVEST_RATE,False,False,False,False,True,1,240147,no_text_signal,
01072.HK,01072.HK,Q_E_GHG_INTENSITY,False,False,False,False,False,0,0,no_text_signal,
01072.HK,01072.HK,Q_E_ENERGY_INTENSITY,False,False,False,False,False,0,0,no_text_signal,
01072.HK,01072.HK,Q_E_NOX_INTENSITY,False,False,False,False,False,0,0,no_text_signal,
01072.HK,01072.HK,Q_E_SO2_INTENSITY,False,False,False,False,False,0,0,no_text_signal,
01072.HK,01072.HK,Q_E_WATER_INTENSITY,False,False,False,False,False,0,0,no_text_signal,
01072.HK,01072.HK,Q_E_SOLID_WASTE_INTENSITY,False,False,False,False,False,0,0,no_text_signal,
01072.HK,01072.HK,Q_S_SAFETY_INVEST_RATE,False,False,False,False,False,0,0,no_text_signal,
601857.SH,中国石油,Q_E_GHG_INTENSITY,False,False,False,True,True,2,373798,text_signal_but_rules_miss,
601857.SH,中国石油,Q_E_ENERGY_INTENSITY,False,False,False,True,True,2,373798,text_signal_but_rules_miss,
601857.SH,中国石油,Q_E_NOX_INTENSITY,False,False,False,True,True,2,373798,text_signal_but_rules_miss,
601857.SH,中国石油,Q_E_SO2_INTENSITY,False,False,False,True,True,2,373798,text_signal_but_rules_miss,
601857.SH,中国石油,Q_E_WATER_INTENSITY,False,False,False,True,True,2,373798,text_signal_but_rules_miss,
601857.SH,中国石油,Q_E_SOLID_WASTE_INTENSITY,False,False,False,True,True,2,373798,text_signal_but_rules_miss,
601857.SH,中国石油,Q_S_SAFETY_INVEST_RATE,False,False,False,False,True,2,373798,no_text_signal,
600028.SH,中国石化,Q_E_GHG_INTENSITY,True,True,False,True,True,2,427222,ok_confirmed,600.8;600.8
600028.SH,中国石化,Q_E_ENERGY_INTENSITY,False,False,False,True,True,2,427222,text_signal_but_rules_miss,
600028.SH,中国石化,Q_E_NOX_INTENSITY,True,False,True,True,True,2,427222,ok_confirmed,
600028.SH,中国石化,Q_E_SO2_INTENSITY,True,False,True,True,True,2,427222,ok_confirmed,
600028.SH,中国石化,Q_E_WATER_INTENSITY,False,False,False,True,True,2,427222,text_signal_but_rules_miss,
600028.SH,中国石化,Q_E_SOLID_WASTE_INTENSITY,False,False,False,True,True,2,427222,text_signal_but_rules_miss,
600028.SH,中国石化,Q_S_SAFETY_INVEST_RATE,False,False,False,True,True,2,427222,text_signal_but_rules_miss,
601088.SH,中国神华,Q_E_GHG_INTENSITY,False,False,False,True,True,2,374782,text_signal_but_rules_miss,
601088.SH,中国神华,Q_E_ENERGY_INTENSITY,False,False,False,True,True,2,374782,text_signal_but_rules_miss,
601088.SH,中国神华,Q_E_NOX_INTENSITY,False,False,False,True,True,2,374782,text_signal_but_rules_miss,
601088.SH,中国神华,Q_E_SO2_INTENSITY,False,False,False,True,True,2,374782,text_signal_but_rules_miss,
601088.SH,中国神华,Q_E_WATER_INTENSITY,False,False,False,True,True,2,374782,text_signal_but_rules_miss,
601088.SH,中国神华,Q_E_SOLID_WASTE_INTENSITY,False,False,False,True,True,2,374782,text_signal_but_rules_miss,
601088.SH,中国神华,Q_S_SAFETY_INVEST_RATE,True,False,True,True,True,2,374782,ok_confirmed,
