company_code,company_name,official_domain,candidate_url,source_channel,evidence_file,evidence_snippet,evidence_count,verification_status,next_action
00002.HK,CLP HOLDINGS,clpgroup.com,https://clpgroup.com/,document_text_url,data/text/hkex_reports/00002.HK/2025/annual_report.txt,www.clpgroup.com,3,candidate_unverified_gap_fill,人工核验后写入官网域名审核批次
00003.HK,HK & CHINA GAS,towngas.com,https://towngas.com/,document_text_url,data/text/00003.HK/2025/annual_report.txt,www.towngas.com,4,candidate_unverified_gap_fill,人工核验后写入官网域名审核批次
000049.SZ,德赛电池,desaybattery.com.cn,https://desaybattery.com.cn/,document_text_website_field,data/text/ci_collection/000049.SZ/2025/annual_report.txt,公司网址 www.desaybattery.com.cn,2,candidate_unverified_gap_fill,人工核验后写入官网域名审核批次
00006.HK,POWER ASSETS,powerassets.com,https://powerassets.com/,document_text_url,data/text/hkex_reports/00006.HK/2025/annual_report.txt,www.powerassets.com,6,candidate_unverified_gap_fill,人工核验后写入官网域名审核批次
000096.SZ,广聚能源,gj000096.com,https://gj000096.com/,document_text_website_field,data/text/ci_collection/000096.SZ/2025/annual_report.txt,公司网址 www.gj000096.com,2,candidate_unverified_gap_fill,人工核验后写入官网域名审核批次
00042.HK,NE ELECTRIC,nee.com.cn,https://nee.com.cn/,document_text_url,data/text/hkex_reports/00042.HK/2025/annual_report.txt,www.nee.com.cn,3,candidate_unverified_gap_fill,人工核验后写入官网域名审核批次
000537.SZ,绿发电力,cge.cn,https://cge.cn/,document_text_website_field,data/text/ci_collection/000537.SZ/2025/annual_report.txt,公司网址 www.cge.cn,2,candidate_unverified_gap_fill,人工核验后写入官网域名审核批次
000600.SZ,建投能源,jei.com.cn,https://jei.com.cn/,document_text_website_field,data/text/ci_collection/000600.SZ/2025/annual_report.txt,公司网址 www.jei.com.cn,2,candidate_unverified_gap_fill,人工核验后写入官网域名审核批次
00065.HK,GRAND OCEAN AR,grandocean65.com,https://grandocean65.com/,document_text_url,data/text/hkex_reports/00065.HK/2025/annual_report.txt,www.grandocean65.com,3,candidate_unverified_gap_fill,人工核验后写入官网域名审核批次
000682.SZ,东方电子,dongfangelec.com,https://dongfangelec.com/,document_text_website_field,data/text/ci_collection/000682.SZ/2025/annual_report.txt,公司网址 www.dongfangelec.com,2,candidate_unverified_gap_fill,人工核验后写入官网域名审核批次
000722.SZ,湖南发展,hnfzgf.com,https://hnfzgf.com/,document_text_website_field,data/text/ci_collection/000722.SZ/2025/annual_report.txt,公司网址 www.hnfzgf.com,2,candidate_unverified_gap_fill,人工核验后写入官网域名审核批次
000875.SZ,电投绿能,spicjl.com,https://spicjl.com/,document_text_website_field,data/text/ci_collection/000875.SZ/2025/annual_report.txt,公司网址 www.spicjl.com,2,candidate_unverified_gap_fill,人工核验后写入官网域名审核批次
000899.SZ,赣能股份,000899.com,https://000899.com/,document_text_website_field,data/text/ci_collection/000899.SZ/2025/annual_report.txt,公司网址 www.000899.com,2,candidate_unverified_gap_fill,人工核验后写入官网域名审核批次
000966.SZ,长源电力,cydl.com.cn,https://cydl.com.cn/,document_text_website_field,data/text/ci_collection/000966.SZ/2025/annual_report.txt,公司网址 www.cydl.com.cn,2,candidate_unverified_gap_fill,人工核验后写入官网域名审核批次
000993.SZ,闽东电力,mdep.com.cn,https://mdep.com.cn/,document_text_website_field,data/text/ci_collection/000993.SZ/2025/annual_report.txt,公司网址 www.mdep.com.cn,2,candidate_unverified_gap_fill,人工核验后写入官网域名审核批次
001208.SZ,华菱线缆,hlxl.com,https://hlxl.com/,document_text_website_field,data/text/ci_collection/001208.SZ/2025/annual_report.txt,公司网址 www.hlxl.com,2,candidate_unverified_gap_fill,人工核验后写入官网域名审核批次
001269.SZ,欧晶科技,ojingquartz.com,https://ojingquartz.com/,eastmoney_f10_gswz,https://emweb.securities.eastmoney.com/PC_HSF10/CompanySurvey/CompanySurveyAjax?code=SZ001269,gswz=www.ojingquartz.com,1,candidate_unverified_gap_fill,人工核验后写入官网域名审核批次
001301.SZ,尚太科技,shangtaitech.com,https://shangtaitech.com/,document_text_website_field,data/text/ci_collection/001301.SZ/2025/annual_report.txt,公司网址 www.shangtaitech.com,2,candidate_unverified_gap_fill,人工核验后写入官网域名审核批次
001331.SZ,胜通能源,senton.cn,https://senton.cn/,document_text_website_field,data/text/ci_collection/001331.SZ/2025/annual_report.txt,公司网址 www.senton.cn,2,candidate_unverified_gap_fill,人工核验后写入官网域名审核批次
002056.SZ,横店东磁,dmegc.com.cn,https://dmegc.com.cn/,document_text_website_field,data/text/ci_collection/002056.SZ/2025/annual_report.txt,公司网址 www.dmegc.com.cn,2,candidate_unverified_gap_fill,人工核验后写入官网域名审核批次
002060.SZ,广东建工,gdcegs.com,https://gdcegs.com/,document_text_website_field,data/text/ci_collection/002060.SZ/2025/annual_report.txt,公司网址 www.gdcegs.com,2,candidate_unverified_gap_fill,人工核验后写入官网域名审核批次
002112.SZ,三变科技,sanbian.cn,https://sanbian.cn/,document_text_website_field,data/text/ci_collection/002112.SZ/2025/annual_report.txt,公司网址 www.sanbian.cn,2,candidate_unverified_gap_fill,人工核验后写入官网域名审核批次
002196.SZ,方正电机,fdm.com.cn,https://fdm.com.cn/,document_text_website_field,data/text/ci_collection/002196.SZ/2025/annual_report.txt,公司网址 www.fdm.com.cn,2,candidate_unverified_gap_fill,人工核验后写入官网域名审核批次
002221.SZ,东华能源,chinadhe.com,https://chinadhe.com/,document_text_website_field,data/text/ci_collection/002221.SZ/2025/annual_report.txt,公司网址 www.chinadhe.com,2,candidate_unverified_gap_fill,人工核验后写入官网域名审核批次
002259.SZ,升达林业,shengdawood.com,https://shengdawood.com/,document_text_website_field,data/text/ci_collection/002259.SZ/2025/annual_report.txt,公司网址 www.shengdawood.com,2,candidate_unverified_gap_fill,人工核验后写入官网域名审核批次
002267.SZ,陕天然气,shaanxigas.com,https://shaanxigas.com/,document_text_website_field,data/text/ci_collection/002267.SZ/2025/annual_report.txt,公司网址 www.shaanxigas.com,3,candidate_unverified_gap_fill,人工核验后写入官网域名审核批次
002335.SZ,科华数据,kehua.com.cn,https://kehua.com.cn/,document_text_website_field,data/text/ci_collection/002335.SZ/2025/annual_report.txt,公司网址 www.kehua.com.cn,2,candidate_unverified_gap_fill,人工核验后写入官网域名审核批次
002339.SZ,积成电子,ieslab.com.cn,https://ieslab.com.cn/,document_text_website_field,data/text/ci_collection/002339.SZ/2025/annual_report.txt,公司网址 www.ieslab.com.cn,2,candidate_unverified_gap_fill,人工核验后写入官网域名审核批次
002346.SZ,柘中股份,zhezhong.com,https://zhezhong.com/,document_text_website_field,data/text/ci_collection/002346.SZ/2025/annual_report.txt,公司网址 www.zhezhong.com,2,candidate_unverified_gap_fill,人工核验后写入官网域名审核批次
002364.SZ,中恒电气,hzzh.com,https://hzzh.com/,document_text_website_field,data/text/ci_collection/002364.SZ/2025/annual_report.txt,公司网址 www.hzzh.com,2,candidate_unverified_gap_fill,人工核验后写入官网域名审核批次
002366.SZ,融发核电,ytthm.com,https://ytthm.com/,document_text_website_field,data/text/ci_collection/002366.SZ/2025/annual_report.txt,公司网址 www.ytthm.com,2,candidate_unverified_gap_fill,人工核验后写入官网域名审核批次
002452.SZ,长高电新,changgaogroup.com,https://changgaogroup.com/,document_text_website_field,data/text/ci_collection/002452.SZ/2025/annual_report.txt,公司网址 www.changgaogroup.com,2,candidate_unverified_gap_fill,人工核验后写入官网域名审核批次
002471.SZ,中超控股,zcdlgf.com,https://zcdlgf.com/,document_text_website_field,data/text/ci_collection/002471.SZ/2025/annual_report.txt,公司网址 www.zcdlgf.com,2,candidate_unverified_gap_fill,人工核验后写入官网域名审核批次
002479.SZ,富春环保,zhefuet.com,https://zhefuet.com/,document_text_website_field,data/text/ci_collection/002479.SZ/2025/annual_report.txt,公司网址 www.zhefuet.com,2,candidate_unverified_gap_fill,人工核验后写入官网域名审核批次
002498.SZ,汉缆股份,hanhe-cable.com,https://hanhe-cable.com/,document_text_website_field,data/text/ci_collection/002498.SZ/2025/annual_report.txt,公司网址 www.hanhe-cable.com,2,candidate_unverified_gap_fill,人工核验后写入官网域名审核批次
002518.SZ,科士达,kstar.com.cn,https://kstar.com.cn/,document_text_website_field,data/text/ci_collection/002518.SZ/2025/annual_report.txt,公司网址 www.kstar.com.cn,2,candidate_unverified_gap_fill,人工核验后写入官网域名审核批次
002533.SZ,金杯电工,gold-cup.cn,https://gold-cup.cn/,document_text_website_field,data/text/ci_collection/002533.SZ/2025/annual_report.txt,公司网址 www.gold-cup.cn,2,candidate_unverified_gap_fill,人工核验后写入官网域名审核批次
002534.SZ,西子洁能,xizice.com,https://xizice.com/,document_text_website_field,data/text/ci_collection/002534.SZ/2025/annual_report.txt,公司网址 www.xizice.com,2,candidate_unverified_gap_fill,人工核验后写入官网域名审核批次
002576.SZ,通达动力,tdchina.com,https://tdchina.com/,document_text_website_field,data/text/ci_collection/002576.SZ/2025/annual_report.txt,公司网址 www.tdchina.com,2,candidate_unverified_gap_fill,人工核验后写入官网域名审核批次
002580.SZ,圣阳股份,sacredsun.cn,https://sacredsun.cn/,document_text_website_field,data/text/ci_collection/002580.SZ/2025/annual_report.txt,公司网址 www.sacredsun.cn,2,candidate_unverified_gap_fill,人工核验后写入官网域名审核批次
002700.SZ,万憬能源,002700.cn,https://002700.cn/,document_text_website_field,data/text/ci_collection/002700.SZ/2025/annual_report.txt,公司网址 www.002700.cn,2,candidate_unverified_gap_fill,人工核验后写入官网域名审核批次
002801.SZ,微光股份,wgmotor.com,https://wgmotor.com/,document_text_website_field,data/text/ci_collection/002801.SZ/2025/annual_report.txt,公司网址 www.wgmotor.com,3,candidate_unverified_gap_fill,人工核验后写入官网域名审核批次
002812.SZ,恩捷股份,semcorp.com,https://semcorp.com/,document_text_website_field,data/text/002812.SZ/2025/annual_report.txt,公司网址 www.semcorp.com,2,candidate_unverified_gap_fill,人工核验后写入官网域名审核批次
002851.SZ,麦格米特,megmeet.com,https://megmeet.com/,document_text_website_field,data/text/ci_collection/002851.SZ/2025/annual_report.txt,公司网址 www.megmeet.com,2,candidate_unverified_gap_fill,人工核验后写入官网域名审核批次
002892.SZ,科力尔,kelimotor.com,https://kelimotor.com/,document_text_website_field,data/text/ci_collection/002892.SZ/2025/annual_report.txt,公司网址 www.kelimotor.com,2,candidate_unverified_gap_fill,人工核验后写入官网域名审核批次
002927.SZ,泰永长征,tyt.net,https://tyt.net/,document_text_website_field,data/text/ci_collection/002927.SZ/2025/annual_report.txt,公司网址 www.tyt.net,3,candidate_unverified_gap_fill,人工核验后写入官网域名审核批次
00295.HK,KONG SUN HOLD,kongsun.com,https://kongsun.com/,document_text_url,data/text/hkex_reports/00295.HK/2025/annual_report.txt,www.kongsun.com,3,candidate_unverified_gap_fill,人工核验后写入官网域名审核批次
003021.SZ,兆威机电,szzhaowei.net,https://szzhaowei.net/,document_text_website_field,data/text/ci_collection/003021.SZ/2025/annual_report.txt,公司网址 www.szzhaowei.net,2,candidate_unverified_gap_fill,人工核验后写入官网域名审核批次
003035.SZ,南网能源,csg.cn,https://csg.cn/,document_text_website_field,data/text/ci_collection/003035.SZ/2025/annual_report.txt,公司网址 ny.csg.cn,2,candidate_unverified_gap_fill,人工核验后写入官网域名审核批次
00346.HK,YANCHANG PETRO,yanchanginternational.com,https://yanchanginternational.com/,document_text_url,data/text/hkex_reports/00346.HK/2025/annual_report.txt,www.yanchanginternational.com,6,candidate_unverified_gap_fill,人工核验后写入官网域名审核批次
003816.SZ,中国广核,cgnp.com.cn,https://cgnp.com.cn/,document_text_website_field,data/text/003816.SZ/2025/annual_report.txt,公司网址 www.cgnp.com.cn,2,candidate_unverified_gap_fill,人工核验后写入官网域名审核批次
00600.HK,AXERA,axera-tech.com,https://axera-tech.com/,document_text_url,data/text/hkex_reports/00600.HK/0/listing_document.txt,www.axera-tech.com,3,candidate_unverified_gap_fill,人工核验后写入官网域名审核批次
00607.HK,FULLSHARE,fullshare.com,https://fullshare.com/,document_text_url,data/text/hkex_reports/00607.HK/2025/annual_report.txt,www.fullshare.com,3,candidate_unverified_gap_fill,人工核验后写入官网域名审核批次
00645.HK,ARES ASIA,aresasialtd.com,https://aresasialtd.com/,document_text_url,data/text/hkex_reports/00645.HK/2025/annual_report.txt,www.aresasialtd.com,3,candidate_unverified_gap_fill,人工核验后写入官网域名审核批次
00650.HK,PRODUCTIVE TECH,pdt-techs.com,https://pdt-techs.com/,document_text_url,data/text/00650.HK/2025/annual_report.txt,www.pdt-techs.com,2,candidate_unverified_gap_fill,人工核验后写入官网域名审核批次
00666.HK,REPT BATTERO,reptbattero.com,https://reptbattero.com/,document_text_url,data/text/hkex_reports/00666.HK/2025/annual_report.txt,www.reptbattero.com,3,candidate_unverified_gap_fill,人工核验后写入官网域名审核批次
00702.HK,SINO OIL & GAS,sino-oilgas.hk,https://sino-oilgas.hk/,document_text_url,data/text/00702.HK/2023/annual_report.txt,www.sino-oilgas.hk,1,candidate_unverified_gap_fill,人工核验后写入官网域名审核批次
00951.HK,CHAOWEI POWER,chaowei.com.hk,https://chaowei.com.hk/,document_text_url,data/text/hkex_reports/00951.HK/2025/annual_report.txt,www.chaowei.com.hk,6,candidate_unverified_gap_fill,人工核验后写入官网域名审核批次
01080.HK,SHENGLI PIPE,forvismazars.com,https://forvismazars.com/,document_text_url,data/text/hkex_reports/01080.HK/2025/annual_report.txt,www.forvismazars.com,3,candidate_unverified_gap_fill,人工核验后写入官网域名审核批次
01083.HK,TG SMART ENERGY,towngassmartenergy.com,https://towngassmartenergy.com/,document_text_url,data/text/hkex_reports/01083.HK/2025/annual_report.txt,www.towngassmartenergy.com,6,candidate_unverified_gap_fill,人工核验后写入官网域名审核批次
01193.HK,CHINA RES GAS,crcgas.com,https://crcgas.com/,document_text_url,data/text/hkex_reports/01193.HK/2025/annual_report.txt,www.crcgas.com,6,candidate_unverified_gap_fill,人工核验后写入官网域名审核批次
01251.HK,SPT ENERGY,sptenergygroup.com,https://sptenergygroup.com/,document_text_url,data/text/hkex_reports/01251.HK/2025/annual_report.txt,www.sptenergygroup.com,3,candidate_unverified_gap_fill,人工核验后写入官网域名审核批次
01277.HK,KINETIC DEV,kineticme.com,https://kineticme.com/,document_text_url,data/text/hkex_reports/01277.HK/2025/annual_report.txt,www.kineticme.com,3,candidate_unverified_gap_fill,人工核验后写入官网域名审核批次
01600.HK,TIAN LUN GAS,tianlungas.com,https://tianlungas.com/,document_text_url,data/text/hkex_reports/01600.HK/2025/annual_report.txt,www.tianlungas.com,6,candidate_unverified_gap_fill,人工核验后写入官网域名审核批次
01608.HK,VPOWER GROUP,vpower.com,https://vpower.com/,document_text_url,data/text/hkex_reports/01608.HK/2025/annual_report.txt,www.vpower.com,6,candidate_unverified_gap_fill,人工核验后写入官网域名审核批次
01621.HK,VICO INTL HLDGS,vicointernational.hk,https://vicointernational.hk/,document_text_url,data/text/hkex_reports/01621.HK/2025/annual_report.txt,www.vicointernational.hk,3,candidate_unverified_gap_fill,人工核验后写入官网域名审核批次
01623.HK,HILONG,hilonggroup.com,https://hilonggroup.com/,document_text_url,data/text/hkex_reports/01623.HK/2025/annual_report.txt,www.hilonggroup.com,6,candidate_unverified_gap_fill,人工核验后写入官网域名审核批次
01799.HK,XINTE ENERGY,xinteenergy.com,https://xinteenergy.com/,document_text_url,data/text/hkex_reports/01799.HK/2025/annual_report.txt,www.xinteenergy.com,6,candidate_unverified_gap_fill,人工核验后写入官网域名审核批次
01811.HK,CGN NEW ENERGY,cgnne.com,https://cgnne.com/,document_text_url,data/text/hkex_reports/01811.HK/2025/annual_report.txt,www.cgnne.com,6,candidate_unverified_gap_fill,人工核验后写入官网域名审核批次
01940.HK,CGII HLDGS,cgiihldgs.com,https://cgiihldgs.com/,document_text_url,data/text/hkex_reports/01940.HK/2025/annual_report.txt,www.cgiihldgs.com,3,candidate_unverified_gap_fill,人工核验后写入官网域名审核批次
02012.HK,SUNSHINE OIL,sedar.com,https://sedar.com/,document_text_url,data/text/hkex_reports/02012.HK/2025/annual_report.txt,www.sedar.com,3,candidate_unverified_gap_fill,人工核验后写入官网域名审核批次
02236.HK,WISON ENGRG,wison-engineering.com,https://wison-engineering.com/,document_text_url,data/text/hkex_reports/02236.HK/2025/annual_report.txt,www.wison-engineering.com,6,candidate_unverified_gap_fill,人工核验后写入官网域名审核批次
02728.HK,JINTAI ENERGY H,jintaienergy.com,https://jintaienergy.com/,document_text_url,data/text/hkex_reports/02728.HK/2025/annual_report.txt,www.jintaienergy.com,6,candidate_unverified_gap_fill,人工核验后写入官网域名审核批次
02798.HK,PER ENERGY,perennialenergy.hk,https://perennialenergy.hk/,document_text_url,data/text/hkex_reports/02798.HK/2025/annual_report.txt,www.perennialenergy.hk,3,candidate_unverified_gap_fill,人工核验后写入官网域名审核批次
03337.HK,ANTON OILFIELD,antonoil.com,https://antonoil.com/,document_text_url,data/text/hkex_reports/03337.HK/2025/annual_report.txt,www.antonoil.com,6,candidate_unverified_gap_fill,人工核验后写入官网域名审核批次
03395.HK,JX ENERGY,moore.hk,https://moore.hk/,document_text_url,data/text/hkex_reports/03395.HK/2025/annual_report.txt,www.moore.hk,3,candidate_unverified_gap_fill,人工核验后写入官网域名审核批次
03633.HK,ZHONGYU ENERGY,zhongyuenergy.com,https://zhongyuenergy.com/,document_text_url,data/text/hkex_reports/03633.HK/2025/annual_report.txt,www.zhongyuenergy.com,6,candidate_unverified_gap_fill,人工核验后写入官网域名审核批次
03668.HK,YANCOAL AUS,yancoal.com,https://yancoal.com/,document_text_url,data/text/hkex_reports/03668.HK/2025/annual_report.txt,www.yancoal.com,3,candidate_unverified_gap_fill,人工核验后写入官网域名审核批次
08132.HK,CENTURY EN INTL,8132century.com,https://8132century.com/,document_text_url,data/text/hkex_reports/08132.HK/2025/annual_report.txt,www.8132century.com,2,candidate_unverified_gap_fill,人工核验后写入官网域名审核批次
08347.HK,F8 ENT,f8.com.hk,https://f8.com.hk/,document_text_url,data/text/08347.HK/2025/annual_report.txt,www.f8.com.hk,4,candidate_unverified_gap_fill,人工核验后写入官网域名审核批次
08536.HK,TL NATURAL GAS,tl-cng.com,https://tl-cng.com/,document_text_url,data/text/hkex_reports/08536.HK/2025/annual_report.txt,www.tl-cng.com,3,candidate_unverified_gap_fill,人工核验后写入官网域名审核批次
08631.HK,YUFENGCHANG HLD,skhl.com.hk,https://skhl.com.hk/,document_text_url,data/text/hkex_reports/08631.HK/0/name_change_announcement.txt,www.skhl.com.hk,1,candidate_unverified_gap_fill,人工核验后写入官网域名审核批次
09689.HK,JTF INTL,jtfoil.com,https://jtfoil.com/,document_text_url,data/text/hkex_reports/09689.HK/2025/annual_report.txt,www.jtfoil.com,3,candidate_unverified_gap_fill,人工核验后写入官网域名审核批次
300014.SZ,亿纬锂能,evebattery.com,https://evebattery.com/,document_text_website_field,data/text/ci_collection/300014.SZ/2025/annual_report.txt,公司网址 www.evebattery.com,2,candidate_unverified_gap_fill,人工核验后写入官网域名审核批次
300040.SZ,九洲集团,jiuzhougroup.com,https://jiuzhougroup.com/,document_text_website_field,data/text/ci_collection/300040.SZ/2025/annual_report.txt,公司网址 www.jiuzhougroup.com,2,candidate_unverified_gap_fill,人工核验后写入官网域名审核批次
300062.SZ,中能电气,ceepower.com,https://ceepower.com/,document_text_website_field,data/text/ci_collection/300062.SZ/2025/annual_report.txt,公司网址 www.ceepower.com,2,candidate_unverified_gap_fill,人工核验后写入官网域名审核批次
300153.SZ,科泰电源,cooltechsh.com,https://cooltechsh.com/,document_text_website_field,data/text/ci_collection/300153.SZ/2025/annual_report.txt,公司网址 www.cooltechsh.com,2,candidate_unverified_gap_fill,人工核验后写入官网域名审核批次
300185.SZ,通裕重工,tongyuheavy.com,https://tongyuheavy.com/,document_text_website_field,data/text/ci_collection/300185.SZ/2025/annual_report.txt,公司网址 www.tongyuheavy.com,2,candidate_unverified_gap_fill,人工核验后写入官网域名审核批次
300191.SZ,潜能恒信,sinogeo.com,https://sinogeo.com/,document_text_website_field,data/text/ci_collection/300191.SZ/2025/annual_report.txt,公司网址 www.sinogeo.com,2,candidate_unverified_gap_fill,人工核验后写入官网域名审核批次
300222.SZ,科大智能,csg.com.cn,https://csg.com.cn/,document_text_website_field,data/text/ci_collection/300222.SZ/2025/annual_report.txt,公司网址 www.csg.com.cn,2,candidate_unverified_gap_fill,人工核验后写入官网域名审核批次
300265.SZ,通光线缆,tgjt.cn,https://tgjt.cn/,document_text_website_field,data/text/ci_collection/300265.SZ/2025/annual_report.txt,公司网址 www.tgjt.cn,2,candidate_unverified_gap_fill,人工核验后写入官网域名审核批次
300286.SZ,安科瑞,acrel.cn,https://acrel.cn/,document_text_website_field,data/text/ci_collection/300286.SZ/2025/annual_report.txt,公司网址 www.acrel.cn,2,candidate_unverified_gap_fill,人工核验后写入官网域名审核批次
300317.SZ,珈伟新能,jiawei.com,https://jiawei.com/,document_text_website_field,data/text/ci_collection/300317.SZ/2025/annual_report.txt,公司网址 www.jiawei.com,2,candidate_unverified_gap_fill,人工核验后写入官网域名审核批次
300332.SZ,天壕能源,thny.cc,https://thny.cc/,eastmoney_f10_gswz,https://emweb.securities.eastmoney.com/PC_HSF10/CompanySurvey/CompanySurveyAjax?code=SZ300332,gswz=www.thny.cc,1,candidate_unverified_gap_fill,人工核验后写入官网域名审核批次
300360.SZ,炬华科技,sunrisemeter.com,https://sunrisemeter.com/,document_text_website_field,data/text/ci_collection/300360.SZ/2025/annual_report.txt,公司网址 www.sunrisemeter.com,2,candidate_unverified_gap_fill,人工核验后写入官网域名审核批次
300376.SZ,易事特,eastups.com,https://eastups.com/,document_text_website_field,data/text/ci_collection/300376.SZ/2025/annual_report.txt,公司网址 www.eastups.com,3,candidate_unverified_gap_fill,人工核验后写入官网域名审核批次
300390.SZ,天华新能,canmax.com.cn,https://canmax.com.cn/,document_text_website_field,data/text/ci_collection/300390.SZ/2025/annual_report.txt,公司网址 www.canmax.com.cn,2,candidate_unverified_gap_fill,人工核验后写入官网域名审核批次
300393.SZ,中来股份,jolywood.cn,https://jolywood.cn/,document_text_website_field,data/text/ci_collection/300393.SZ/2025/annual_report.txt,公司网址 www.jolywood.cn,2,candidate_unverified_gap_fill,人工核验后写入官网域名审核批次
300407.SZ,凯发电气,keyvia.cn,https://keyvia.cn/,document_text_website_field,data/text/ci_collection/300407.SZ/2025/annual_report.txt,公司网址 www.keyvia.cn,2,candidate_unverified_gap_fill,人工核验后写入官网域名审核批次
300409.SZ,道氏技术,dowstone.com.cn,https://dowstone.com.cn/,document_text_website_field,data/text/ci_collection/300409.SZ/2025/annual_report.txt,公司网址 www.dowstone.com.cn,2,candidate_unverified_gap_fill,人工核验后写入官网域名审核批次
300423.SZ,昇辉科技,sunflytech.com,https://sunflytech.com/,document_text_website_field,data/text/ci_collection/300423.SZ/2025/annual_report.txt,公司网址 www.sunflytech.com,2,candidate_unverified_gap_fill,人工核验后写入官网域名审核批次
300438.SZ,鹏辉能源,greatpower.net,https://greatpower.net/,document_text_website_field,data/text/ci_collection/300438.SZ/2025/annual_report.txt,公司网址 www.greatpower.net,3,candidate_unverified_gap_fill,人工核验后写入官网域名审核批次
300444.SZ,双杰电气,sojoline.com,https://sojoline.com/,document_text_website_field,data/text/ci_collection/300444.SZ/2025/annual_report.txt,公司网址 www.sojoline.com,2,candidate_unverified_gap_fill,人工核验后写入官网域名审核批次
300450.SZ,先导智能,leadintelligent.com,https://leadintelligent.com/,document_text_website_field,data/text/ci_collection/300450.SZ/2025/annual_report.txt,公司网址 www.leadintelligent.com,2,candidate_unverified_gap_fill,人工核验后写入官网域名审核批次
300457.SZ,赢合科技,yhwins.com,https://yhwins.com/,document_text_website_field,data/text/ci_collection/300457.SZ/2025/annual_report.txt,公司网址 www.yhwins.com,2,candidate_unverified_gap_fill,人工核验后写入官网域名审核批次
300490.SZ,华自科技,cshnac.com,https://cshnac.com/,document_text_website_field,data/text/ci_collection/300490.SZ/2025/annual_report.txt,公司网址 www.cshnac.com,2,candidate_unverified_gap_fill,人工核验后写入官网域名审核批次
300514.SZ,友讯达,friendcom.com,https://friendcom.com/,document_text_website_field,data/text/ci_collection/300514.SZ/2025/annual_report.txt,公司网址 www.friendcom.com,2,candidate_unverified_gap_fill,人工核验后写入官网域名审核批次
300568.SZ,星源材质,senior798.com,https://senior798.com/,document_text_website_field,data/text/ci_collection/300568.SZ/2025/annual_report.txt,公司网址 www.senior798.com,2,candidate_unverified_gap_fill,人工核验后写入官网域名审核批次
300593.SZ,新雷能,xinleineng.com,https://xinleineng.com/,document_text_website_field,data/text/ci_collection/300593.SZ/2025/annual_report.txt,公司网址 www.xinleineng.com,2,candidate_unverified_gap_fill,人工核验后写入官网域名审核批次
300619.SZ,金银河,goldenyh.com,https://goldenyh.com/,document_text_website_field,data/text/ci_collection/300619.SZ/2025/annual_report.txt,公司网址 www.goldenyh.com,2,candidate_unverified_gap_fill,人工核验后写入官网域名审核批次
300660.SZ,江苏雷利,czleili.com,https://czleili.com/,document_text_website_field,data/text/ci_collection/300660.SZ/2025/annual_report.txt,公司网址 www.czleili.com,2,candidate_unverified_gap_fill,人工核验后写入官网域名审核批次
300690.SZ,双一科技,shuangyitec.com.cn,https://shuangyitec.com.cn/,document_text_website_field,data/text/ci_collection/300690.SZ/2025/annual_report.txt,公司网址 www.shuangyitec.com.cn,3,candidate_unverified_gap_fill,人工核验后写入官网域名审核批次
300693.SZ,盛弘股份,sinexcel.com,https://sinexcel.com/,document_text_website_field,data/text/ci_collection/300693.SZ/2025/annual_report.txt,公司网址 www.sinexcel.com,2,candidate_unverified_gap_fill,人工核验后写入官网域名审核批次
300750.SZ,宁德时代,catl.com,https://catl.com/,document_text_website_field,data/text/ci_collection/300750.SZ/2025/annual_report.txt,公司网址 www.catl.com,2,candidate_unverified_gap_fill,人工核验后写入官网域名审核批次
300763.SZ,锦浪科技,ginlong.com,https://ginlong.com/,document_text_website_field,data/text/ci_collection/300763.SZ/2025/annual_report.txt,公司网址 www.ginlong.com,2,candidate_unverified_gap_fill,人工核验后写入官网域名审核批次
300776.SZ,帝尔激光,drlaser.com.cn,https://drlaser.com.cn/,document_text_website_field,data/text/ci_collection/300776.SZ/2025/annual_report.txt,公司网址 www.drlaser.com.cn,2,candidate_unverified_gap_fill,人工核验后写入官网域名审核批次
300820.SZ,英杰电气,injet.cn,https://injet.cn/,document_text_website_field,data/text/ci_collection/300820.SZ/2025/annual_report.txt,公司网址 www.injet.cn,3,candidate_unverified_gap_fill,人工核验后写入官网域名审核批次
300827.SZ,上能电气,si-neng.com,https://si-neng.com/,document_text_website_field,data/text/ci_collection/300827.SZ/2025/annual_report.txt,公司网址 www.si-neng.com,2,candidate_unverified_gap_fill,人工核验后写入官网域名审核批次
300853.SZ,申昊科技,shenhaoinfo.com,https://shenhaoinfo.com/,document_text_website_field,data/text/ci_collection/300853.SZ/2025/annual_report.txt,公司网址 www.shenhaoinfo.com,2,candidate_unverified_gap_fill,人工核验后写入官网域名审核批次
300880.SZ,迦南智能,nbjianan.com,https://nbjianan.com/,document_text_website_field,data/text/ci_collection/300880.SZ/2025/annual_report.txt,公司网址 www.nbjianan.com,3,candidate_unverified_gap_fill,人工核验后写入官网域名审核批次
300882.SZ,万胜智能,wellsun.com,https://wellsun.com/,document_text_website_field,data/text/ci_collection/300882.SZ/2025/annual_report.txt,公司网址 www.wellsun.com,2,candidate_unverified_gap_fill,人工核验后写入官网域名审核批次
300904.SZ,威力传动,weili.com,https://weili.com/,document_text_website_field,data/text/ci_collection/300904.SZ/2025/annual_report.txt,公司网址 www.weili.com,2,candidate_unverified_gap_fill,人工核验后写入官网域名审核批次
300907.SZ,康平科技,chinakangping.com,https://chinakangping.com/,document_text_website_field,data/text/ci_collection/300907.SZ/2025/annual_report.txt,公司网址 www.chinakangping.com,2,candidate_unverified_gap_fill,人工核验后写入官网域名审核批次
301040.SZ,中环海陆,hlduanjian.com,https://hlduanjian.com/,document_text_website_field,data/text/ci_collection/301040.SZ/2025/annual_report.txt,公司网址 www.hlduanjian.com,2,candidate_unverified_gap_fill,人工核验后写入官网域名审核批次
301063.SZ,海锅股份,zjghgxny.com,https://zjghgxny.com/,document_text_website_field,data/text/ci_collection/301063.SZ/2025/annual_report.txt,公司网址 www.zjghgxny.com,2,candidate_unverified_gap_fill,人工核验后写入官网域名审核批次
301082.SZ,久盛电气,teccable.com,https://teccable.com/,document_text_website_field,data/text/ci_collection/301082.SZ/2025/annual_report.txt,公司网址 www.teccable.com,2,candidate_unverified_gap_fill,人工核验后写入官网域名审核批次
301150.SZ,中一科技,c1cf.com,https://c1cf.com/,document_text_website_field,data/text/ci_collection/301150.SZ/2025/annual_report.txt,公司网址 www.c1cf.com,2,candidate_unverified_gap_fill,人工核验后写入官网域名审核批次
301155.SZ,海力风电,jshlfd.com,https://jshlfd.com/,document_text_website_field,data/text/ci_collection/301155.SZ/2025/annual_report.txt,公司网址 www.jshlfd.com,2,candidate_unverified_gap_fill,人工核验后写入官网域名审核批次
301168.SZ,通灵股份,jstongling.com,https://jstongling.com/,document_text_website_field,data/text/ci_collection/301168.SZ/2025/annual_report.txt,公司网址 www.jstongling.com,2,candidate_unverified_gap_fill,人工核验后写入官网域名审核批次
301179.SZ,泽宇智能,zeyu99.com,https://zeyu99.com/,document_text_website_field,data/text/ci_collection/301179.SZ/2025/annual_report.txt,公司网址 www.zeyu99.com,2,candidate_unverified_gap_fill,人工核验后写入官网域名审核批次
301210.SZ,金杨精密,wx-jy.com,https://wx-jy.com/,document_text_website_field,data/text/ci_collection/301210.SZ/2025/annual_report.txt,公司网址 www.wx-jy.com,2,candidate_unverified_gap_fill,人工核验后写入官网域名审核批次
301217.SZ,铜冠铜箔,ahtgtb.com,https://ahtgtb.com/,document_text_website_field,data/text/ci_collection/301217.SZ/2025/annual_report.txt,公司网址 www.ahtgtb.com,2,candidate_unverified_gap_fill,人工核验后写入官网域名审核批次
301238.SZ,瑞泰新材,rtxc.com,https://rtxc.com/,document_text_website_field,data/text/ci_collection/301238.SZ/2025/annual_report.txt,公司网址 www.rtxc.com,2,candidate_unverified_gap_fill,人工核验后写入官网域名审核批次
301292.SZ,海科新源,hi-techspring.com,https://hi-techspring.com/,document_text_website_field,data/text/ci_collection/301292.SZ/2025/annual_report.txt,公司网址 www.hi-techspring.com,2,candidate_unverified_gap_fill,人工核验后写入官网域名审核批次
301325.SZ,曼恩斯特,manst.com,https://manst.com/,document_text_website_field,data/text/ci_collection/301325.SZ/2025/annual_report.txt,公司网址 www.manst.com,4,candidate_unverified_gap_fill,人工核验后写入官网域名审核批次
301349.SZ,信德新材,lnxdhg.com,https://lnxdhg.com/,document_text_website_field,data/text/ci_collection/301349.SZ/2025/annual_report.txt,公司网址 www.lnxdhg.com,2,candidate_unverified_gap_fill,人工核验后写入官网域名审核批次
301361.SZ,众智科技,smartgen.com.cn,https://smartgen.com.cn/,document_text_website_field,data/text/ci_collection/301361.SZ/2025/annual_report.txt,公司网址 www.smartgen.com.cn,2,candidate_unverified_gap_fill,人工核验后写入官网域名审核批次
301439.SZ,泓淋电力,honglinpowertech.com,https://honglinpowertech.com/,document_text_website_field,data/text/ci_collection/301439.SZ/2025/annual_report.txt,公司网址 www.honglinpowertech.com,3,candidate_unverified_gap_fill,人工核验后写入官网域名审核批次
301502.SZ,华阳智能,cn-huayang.com,https://cn-huayang.com/,document_text_website_field,data/text/ci_collection/301502.SZ/2025/annual_report.txt,公司网址 www.cn-huayang.com,2,candidate_unverified_gap_fill,人工核验后写入官网域名审核批次
301516.SZ,中远通,vapel.com,https://vapel.com/,document_text_website_field,data/text/ci_collection/301516.SZ/2025/annual_report.txt,公司网址 www.vapel.com,2,candidate_unverified_gap_fill,人工核验后写入官网域名审核批次
600021.SH,上海电力,shanghaipower.com,https://shanghaipower.com/,document_text_website_field,data/text/ci_collection/600021.SH/2025/annual_report.txt,公司网址 www.shanghaipower.com,2,candidate_unverified_gap_fill,人工核验后写入官网域名审核批次
600027.SH,华电国际,hdpi.com.cn,https://hdpi.com.cn/,document_text_website_field,data/text/ci_collection/600027.SH/2025/annual_report.txt,公司网址 www.hdpi.com.cn,2,candidate_unverified_gap_fill,人工核验后写入官网域名审核批次
600032.SH,浙江新能,stcn.com,https://stcn.com/,document_text_url,data/text/600032.SH/2025/annual_report.txt,www.stcn.com,2,candidate_unverified_gap_fill,人工核验后写入官网域名审核批次
600110.SH,诺德股份,ndgf.net,https://ndgf.net/,document_text_website_field,data/text/ci_collection/600110.SH/2025/annual_report.txt,公司网址 www.ndgf.net,2,candidate_unverified_gap_fill,人工核验后写入官网域名审核批次
600149.SH,廊坊发展,zqrb.com,https://zqrb.com/,document_text_url,data/text/600149.SH/2025/annual_report.txt,www.zqrb.com,2,candidate_unverified_gap_fill,人工核验后写入官网域名审核批次
600157.SH,永泰能源,wtecl.com,https://wtecl.com/,document_text_website_field,data/text/ci_collection/600157.SH/2025/annual_report.txt,公司网址 www.wtecl.com,2,candidate_unverified_gap_fill,人工核验后写入官网域名审核批次
600163.SH,中闽能源,zhongminenergy.com,https://zhongminenergy.com/,document_text_website_field,data/text/ci_collection/600163.SH/2025/annual_report.txt,公司网址 www.zhongminenergy.com,4,candidate_unverified_gap_fill,人工核验后写入官网域名审核批次
600192.SH,长城电工,chinagwe.com,https://chinagwe.com/,document_text_website_field,data/text/ci_collection/600192.SH/2025/annual_report.txt,公司网址 www.chinagwe.com,2,candidate_unverified_gap_fill,人工核验后写入官网域名审核批次
600241.SH,时代万恒,shidaiwanheng.com,https://shidaiwanheng.com/,document_text_website_field,data/text/ci_collection/600241.SH/2025/annual_report.txt,公司网址 www.shidaiwanheng.com,2,candidate_unverified_gap_fill,人工核验后写入官网域名审核批次
600339.SH,中油工程,cpec.com.cn,https://cpec.com.cn/,document_text_website_field,data/text/ci_collection/600339.SH/2025/annual_report.txt,公司网址 www.cpec.com.cn,2,candidate_unverified_gap_fill,人工核验后写入官网域名审核批次
600406.SH,国电南瑞,naritech.cn,https://naritech.cn/,document_text_website_field,data/text/ci_collection/600406.SH/2025/annual_report.txt,公司网址 www.naritech.cn,2,candidate_unverified_gap_fill,人工核验后写入官网域名审核批次
600468.SH,百利电气,benefo.tj.cn,https://benefo.tj.cn/,document_text_website_field,data/text/ci_collection/600468.SH/2025/annual_report.txt,公司网址 www.benefo.tj.cn,2,candidate_unverified_gap_fill,人工核验后写入官网域名审核批次
600505.SH,西昌电力,scxcdlgfyxgs.cn,https://scxcdlgfyxgs.cn/,document_text_website_field,data/text/ci_collection/600505.SH/2025/annual_report.txt,公司网址 www.scxcdlgfyxgs.cn,2,candidate_unverified_gap_fill,人工核验后写入官网域名审核批次
600577.SH,精达股份,jingda.cn,https://jingda.cn/,document_text_website_field,data/text/ci_collection/600577.SH/2025/annual_report.txt,公司网址 www.jingda.cn,2,candidate_unverified_gap_fill,人工核验后写入官网域名审核批次
600580.SH,卧龙电驱,wolong.com.cn,https://wolong.com.cn/,document_text_website_field,data/text/ci_collection/600580.SH/2025/annual_report.txt,公司网址 www.wolong.com.cn,2,candidate_unverified_gap_fill,人工核验后写入官网域名审核批次
600635.SH,大众公用,dzug.cn,https://dzug.cn/,document_text_website_field,data/text/ci_collection/600635.SH/2025/annual_report.txt,公司网址 www.dzug.cn,2,candidate_unverified_gap_fill,人工核验后写入官网域名审核批次
600674.SH,川投能源,ctny.com.cn,https://ctny.com.cn/,document_text_website_field,data/text/ci_collection/600674.SH/2025/annual_report.txt,公司网址 www.ctny.com.cn,2,candidate_unverified_gap_fill,人工核验后写入官网域名审核批次
600681.SH,百川能源,bestsungas.com,https://bestsungas.com/,document_text_website_field,data/text/ci_collection/600681.SH/2025/annual_report.txt,公司网址 www.bestsungas.com,2,candidate_unverified_gap_fill,人工核验后写入官网域名审核批次
600719.SH,大连热电,dlrd.com,https://dlrd.com/,document_text_website_field,data/text/ci_collection/600719.SH/2025/annual_report.txt,公司网址 www.dlrd.com,2,candidate_unverified_gap_fill,人工核验后写入官网域名审核批次
600726.SH,华电能源,hdenergy.com,https://hdenergy.com/,document_text_website_field,data/text/ci_collection/600726.SH/2025/annual_report.txt,公司网址 www.hdenergy.com,2,candidate_unverified_gap_fill,人工核验后写入官网域名审核批次
600777.SH,*ST新潮,xinchaoenergy.com,https://xinchaoenergy.com/,document_text_website_field,data/text/ci_collection/600777.SH/2025/annual_report.txt,公司网址 www.xinchaoenergy.com,2,candidate_unverified_gap_fill,人工核验后写入官网域名审核批次
600780.SH,通宝能源,600780.com.cn,https://600780.com.cn/,document_text_website_field,data/text/ci_collection/600780.SH/2025/annual_report.txt,公司网址 www.600780.com.cn,4,candidate_unverified_gap_fill,人工核验后写入官网域名审核批次
600795.SH,国电电力,600795.com.cn,https://600795.com.cn/,document_text_website_field,data/text/ci_collection/600795.SH/2025/esg_report.txt,公司网址：www.600795.com.cn,4,candidate_unverified_gap_fill,人工核验后写入官网域名审核批次
600847.SH,万里股份,cqwanli.com,https://cqwanli.com/,document_text_website_field,data/text/ci_collection/600847.SH/2025/annual_report.txt,公司网址 www.cqwanli.com,2,candidate_unverified_gap_fill,人工核验后写入官网域名审核批次
600863.SH,华能蒙电,nmhdwz.com,https://nmhdwz.com/,document_text_website_field,data/text/ci_collection/600863.SH/2025/annual_report.txt,公司网址 www.nmhdwz.com,2,candidate_unverified_gap_fill,人工核验后写入官网域名审核批次
600869.SH,远东股份,600869.com,https://600869.com/,document_text_website_field,data/text/ci_collection/600869.SH/2025/annual_report.txt,公司网址 www.600869.com,2,candidate_unverified_gap_fill,人工核验后写入官网域名审核批次
600875.SH,东方电气,dec-ltd.cn,https://dec-ltd.cn/,document_text_website_field,data/text/ci_collection/600875.SH/2025/annual_report.txt,公司网址 WWW.DEC-LTD.CN,2,candidate_unverified_gap_fill,人工核验后写入官网域名审核批次
600884.SH,杉杉股份,ssgf.net,https://ssgf.net/,document_text_website_field,data/text/ci_collection/600884.SH/2025/annual_report.txt,公司网址 www.ssgf.net,2,candidate_unverified_gap_fill,人工核验后写入官网域名审核批次
600886.SH,国投电力,sdicpower.com,https://sdicpower.com/,document_text_website_field,data/text/ci_collection/600886.SH/2025/annual_report.txt,公司网址 www.sdicpower.com,2,candidate_unverified_gap_fill,人工核验后写入官网域名审核批次
600903.SH,贵州燃气,guizhougas.com,https://guizhougas.com/,document_text_website_field,data/text/ci_collection/600903.SH/2025/annual_report.txt,公司网址 www.guizhougas.com,4,candidate_unverified_gap_fill,人工核验后写入官网域名审核批次
600905.SH,三峡能源,ctgne.com,https://ctgne.com/,document_text_website_field,data/text/ci_collection/600905.SH/2025/annual_report.txt,公司网址 www.ctgne.com,4,candidate_unverified_gap_fill,人工核验后写入官网域名审核批次
600938.SH,中国海油,cnoocltd.com,https://cnoocltd.com/,document_text_website_field,data/text/ci_collection/600938.SH/2025/annual_report.txt,公司网址：www.cnoocltd.com,2,candidate_unverified_gap_fill,人工核验后写入官网域名审核批次
600956.SH,新天绿能,suntien.com,https://suntien.com/,document_text_website_field,data/text/ci_collection/600956.SH/2025/annual_report.txt,公司网址 www.suntien.com,4,candidate_unverified_gap_fill,人工核验后写入官网域名审核批次
600969.SH,郴电国际,chendianguoji.cn,https://chendianguoji.cn/,document_text_website_field,data/text/ci_collection/600969.SH/2025/annual_report.txt,公司网址 chendianguoji.cn,2,candidate_unverified_gap_fill,人工核验后写入官网域名审核批次
600973.SH,宝胜股份,baoshengcable.com,https://baoshengcable.com/,document_text_website_field,data/text/ci_collection/600973.SH/2025/annual_report.txt,公司网址 www.baoshengcable.com,2,candidate_unverified_gap_fill,人工核验后写入官网域名审核批次
601016.SH,节能风电,cecwpc.cn,https://cecwpc.cn/,document_text_website_field,data/text/ci_collection/601016.SH/2025/annual_report.txt,公司网址 www.cecwpc.cn,2,candidate_unverified_gap_fill,人工核验后写入官网域名审核批次
601126.SH,四方股份,sf-auto.com,https://sf-auto.com/,document_text_website_field,data/text/ci_collection/601126.SH/2025/annual_report.txt,公司网址 www.sf-auto.com,2,candidate_unverified_gap_fill,人工核验后写入官网域名审核批次
601139.SH,深圳燃气,szgas.com.cn,https://szgas.com.cn/,document_text_website_field,data/text/ci_collection/601139.SH/2025/annual_report.txt,公司网址 www.szgas.com.cn,2,candidate_unverified_gap_fill,人工核验后写入官网域名审核批次
601179.SH,中国西电,xdect.com.cn,https://xdect.com.cn/,document_text_website_field,data/text/ci_collection/601179.SH/2025/annual_report.txt,公司网址 www.xdect.com.cn,2,candidate_unverified_gap_fill,人工核验后写入官网域名审核批次
601222.SH,林洋能源,linyang.com,https://linyang.com/,document_text_website_field,data/text/ci_collection/601222.SH/2025/annual_report.txt,公司网址 www.linyang.com,2,candidate_unverified_gap_fill,人工核验后写入官网域名审核批次
601311.SH,骆驼股份,chinacamel.com,https://chinacamel.com/,document_text_website_field,data/text/ci_collection/601311.SH/2025/annual_report.txt,公司网址 www.chinacamel.com,2,candidate_unverified_gap_fill,人工核验后写入官网域名审核批次
601669.SH,中国电建,powerchina.cn,https://powerchina.cn/,document_text_website_field,data/text/ci_collection/601669.SH/2025/annual_report.txt,公司网址 www.powerchina.cn,2,candidate_unverified_gap_fill,人工核验后写入官网域名审核批次
601778.SH,晶科科技,jinkopower.com,https://jinkopower.com/,document_text_website_field,data/text/ci_collection/601778.SH/2025/annual_report.txt,公司网址 www.jinkopower.com,4,candidate_unverified_gap_fill,人工核验后写入官网域名审核批次
601808.SH,中海油服,cosl.com.cn,https://cosl.com.cn/,document_text_website_field,data/text/601808.SH/2025/annual_report.txt,公司网址 www.cosl.com.cn,2,candidate_unverified_gap_fill,人工核验后写入官网域名审核批次
601868.SH,中国能建,ceec.net.cn,https://ceec.net.cn/,document_text_website_field,data/text/ci_collection/601868.SH/2025/annual_report.txt,公司网址 www.ceec.net.cn,2,candidate_unverified_gap_fill,人工核验后写入官网域名审核批次
603016.SH,新宏泰,newhongtai.com,https://newhongtai.com/,document_text_website_field,data/text/ci_collection/603016.SH/2025/annual_report.txt,公司网址 www.newhongtai.com,2,candidate_unverified_gap_fill,人工核验后写入官网域名审核批次
603032.SH,德新科技,dxtl.com.cn,https://dxtl.com.cn/,document_text_website_field,data/text/ci_collection/603032.SH/2025/annual_report.txt,公司网址 www.dxtl.com.cn,2,candidate_unverified_gap_fill,人工核验后写入官网域名审核批次
603063.SH,禾望电气,hopewind.com,https://hopewind.com/,document_text_website_field,data/text/ci_collection/603063.SH/2025/annual_report.txt,公司网址 www.hopewind.com,4,candidate_unverified_gap_fill,人工核验后写入官网域名审核批次
603070.SH,万控智造,wecome.com.cn,https://wecome.com.cn/,document_text_website_field,data/text/ci_collection/603070.SH/2025/annual_report.txt,公司网址 www.wecome.com.cn,2,candidate_unverified_gap_fill,人工核验后写入官网域名审核批次
603080.SH,新疆火炬,xjhjrq.com,https://xjhjrq.com/,document_text_website_field,data/text/ci_collection/603080.SH/2025/annual_report.txt,公司网址 www.xjhjrq.com,2,candidate_unverified_gap_fill,人工核验后写入官网域名审核批次
603105.SH,芯能科技,sunorensolar.com,https://sunorensolar.com/,document_text_website_field,data/text/ci_collection/603105.SH/2025/annual_report.txt,公司网址 www.sunorensolar.com,2,candidate_unverified_gap_fill,人工核验后写入官网域名审核批次
603212.SH,赛伍技术,cybrid.com.cn,https://cybrid.com.cn/,document_text_website_field,data/text/ci_collection/603212.SH/2025/annual_report.txt,公司网址 www.cybrid.com.cn,2,candidate_unverified_gap_fill,人工核验后写入官网域名审核批次
603318.SH,水发燃气,sdsf.com.cn,https://sdsf.com.cn/,document_text_website_field,data/text/ci_collection/603318.SH/2025/annual_report.txt,公司网址 www.sfps.sdsf.com.cn,2,candidate_unverified_gap_fill,人工核验后写入官网域名审核批次
603333.SH,尚纬股份,sunwayint.com,https://sunwayint.com/,document_text_website_field,data/text/ci_collection/603333.SH/2025/annual_report.txt,公司网址 www.sunwayint.com,2,candidate_unverified_gap_fill,人工核验后写入官网域名审核批次
603530.SH,神马电力,shemar.com.cn,https://shemar.com.cn/,document_text_website_field,data/text/ci_collection/603530.SH/2025/annual_report.txt,公司网址 www.shemar.com.cn,2,candidate_unverified_gap_fill,人工核验后写入官网域名审核批次
603556.SH,海兴电力,hxgroup.com,https://hxgroup.com/,document_text_website_field,data/text/ci_collection/603556.SH/2025/annual_report.txt,公司网址 www.hxgroup.com,2,candidate_unverified_gap_fill,人工核验后写入官网域名审核批次
603619.SH,中曼石油,zpec.com,https://zpec.com/,document_text_website_field,data/text/ci_collection/603619.SH/2025/annual_report.txt,公司网址 www.zpec.com,2,candidate_unverified_gap_fill,人工核验后写入官网域名审核批次
603727.SH,博迈科,bomesc.com,https://bomesc.com/,document_text_website_field,data/text/ci_collection/603727.SH/2025/annual_report.txt,公司网址 www.bomesc.com,2,candidate_unverified_gap_fill,人工核验后写入官网域名审核批次
603728.SH,鸣志电器,moons.com.cn,https://moons.com.cn/,document_text_website_field,data/text/ci_collection/603728.SH/2025/annual_report.txt,公司网址 www.moons.com.cn,2,candidate_unverified_gap_fill,人工核验后写入官网域名审核批次
603798.SH,康普顿,copton.com.cn,https://copton.com.cn/,document_text_website_field,data/text/ci_collection/603798.SH/2025/annual_report.txt,公司网址 www.copton.com.cn,2,candidate_unverified_gap_fill,人工核验后写入官网域名审核批次
603806.SH,福斯特,firstpvm.com,https://firstpvm.com/,document_text_website_field,data/text/ci_collection/603806.SH/2025/annual_report.txt,公司网址 www.firstpvm.com,2,candidate_unverified_gap_fill,人工核验后写入官网域名审核批次
603819.SH,神力股份,czshenli.com,https://czshenli.com/,document_text_website_field,data/text/ci_collection/603819.SH/2025/annual_report.txt,公司网址 www.czshenli.com,2,candidate_unverified_gap_fill,人工核验后写入官网域名审核批次
603897.SH,长城科技,grandwall.com.cn,https://grandwall.com.cn/,document_text_website_field,data/text/ci_collection/603897.SH/2025/annual_report.txt,公司网址 www.grandwall.com.cn,2,candidate_unverified_gap_fill,人工核验后写入官网域名审核批次
603985.SH,恒润股份,hrflanges.com,https://hrflanges.com/,document_text_website_field,data/text/ci_collection/603985.SH/2025/annual_report.txt,公司网址 www.hrflanges.com,4,candidate_unverified_gap_fill,人工核验后写入官网域名审核批次
605066.SH,天正电气,tengen.com,https://tengen.com/,document_text_website_field,data/text/ci_collection/605066.SH/2025/annual_report.txt,公司网址 www.tengen.com,2,candidate_unverified_gap_fill,人工核验后写入官网域名审核批次
605090.SH,九丰能源,jovo.com.cn,https://jovo.com.cn/,document_text_website_field,data/text/ci_collection/605090.SH/2025/annual_report.txt,公司网址 www.jovo.com.cn,2,candidate_unverified_gap_fill,人工核验后写入官网域名审核批次
688005.SH,容百科技,ronbaymat.com,https://ronbaymat.com/,document_text_website_field,data/text/ci_collection/688005.SH/2025/annual_report.txt,公司网址 www.ronbaymat.com,2,candidate_unverified_gap_fill,人工核验后写入官网域名审核批次
688148.SH,芳源股份,fangyuan-group.com,https://fangyuan-group.com/,document_text_website_field,data/text/ci_collection/688148.SH/2025/annual_report.txt,公司网址 www.fangyuan-group.com,2,candidate_unverified_gap_fill,人工核验后写入官网域名审核批次
688392.SH,骄成超声,sbt-sh.com,https://sbt-sh.com/,document_text_website_field,data/text/ci_collection/688392.SH/2025/annual_report.txt,公司网址 www.sbt-sh.com,2,candidate_unverified_gap_fill,人工核验后写入官网域名审核批次
688499.SH,利元亨,lyric-robot.com,https://lyric-robot.com/,document_text_website_field,data/text/ci_collection/688499.SH/2025/annual_report.txt,公司网址 www.lyric-robot.com,2,candidate_unverified_gap_fill,人工核验后写入官网域名审核批次
688503.SH,聚和材料,fusion-materials.com,https://fusion-materials.com/,document_text_website_field,data/text/ci_collection/688503.SH/2025/annual_report.txt,公司网址 www.fusion-materials.com,2,candidate_unverified_gap_fill,人工核验后写入官网域名审核批次
688551.SH,科威尔,kewell.com.cn,https://kewell.com.cn/,document_text_website_field,data/text/ci_collection/688551.SH/2025/esg_report.txt,公司网址：www.kewell.com.cn,4,candidate_unverified_gap_fill,人工核验后写入官网域名审核批次
688556.SH,高测股份,sse.com,https://sse.com/,document_text_url,data/text/688556.SH/2025/annual_report.txt,www.sse.com,2,candidate_unverified_gap_fill,人工核验后写入官网域名审核批次
688597.SH,煜邦电力,yupont.com,https://yupont.com/,document_text_website_field,data/text/ci_collection/688597.SH/2025/annual_report.txt,公司网址 www.yupont.com,2,candidate_unverified_gap_fill,人工核验后写入官网域名审核批次
688680.SH,海优新材,hiuv.com,https://hiuv.com/,document_text_website_field,data/text/ci_collection/688680.SH/2025/annual_report.txt,公司网址 www.hiuv.com,2,candidate_unverified_gap_fill,人工核验后写入官网域名审核批次
688681.SH,科汇股份,kehui.cn,https://kehui.cn/,document_text_website_field,data/text/ci_collection/688681.SH/2025/annual_report.txt,公司网址 www.kehui.cn,2,candidate_unverified_gap_fill,人工核验后写入官网域名审核批次
920046.BJ,亿能电力,yinow.cn,https://yinow.cn/,document_text_website_field,data/text/ci_collection/920046.BJ/2025/annual_report.txt,公司网址 www.yinow.cn,2,candidate_unverified_gap_fill,人工核验后写入官网域名审核批次
920062.BJ,科润智控,krgroup.cn,https://krgroup.cn/,document_text_website_field,data/text/ci_collection/920062.BJ/2025/annual_report.txt,公司网址 www.krgroup.cn,2,candidate_unverified_gap_fill,人工核验后写入官网域名审核批次
920152.BJ,昆工科技,hendera.com,https://hendera.com/,document_text_website_field,data/text/ci_collection/920152.BJ/2025/annual_report.txt,公司网址 www.hendera.com,2,candidate_unverified_gap_fill,人工核验后写入官网域名审核批次
920167.BJ,同享科技,tonyshare.com,https://tonyshare.com/,document_text_website_field,data/text/ci_collection/920167.BJ/2025/annual_report.txt,公司网址 www.tonyshare.com,2,candidate_unverified_gap_fill,人工核验后写入官网域名审核批次
920185.BJ,贝特瑞,btrchina.com,https://btrchina.com/,document_text_website_field,data/text/ci_collection/920185.BJ/2025/annual_report.txt,公司网址 www.btrchina.com,2,candidate_unverified_gap_fill,人工核验后写入官网域名审核批次
920237.BJ,力佳科技,szlijia.com,https://szlijia.com/,document_text_website_field,data/text/ci_collection/920237.BJ/2025/annual_report.txt,公司网址 www.szlijia.com,2,candidate_unverified_gap_fill,人工核验后写入官网域名审核批次
920252.BJ,天宏锂电,cnthpower.com,https://cnthpower.com/,document_text_website_field,data/text/ci_collection/920252.BJ/2025/annual_report.txt,公司网址 www.cnthpower.com,2,candidate_unverified_gap_fill,人工核验后写入官网域名审核批次
920368.BJ,连城数控,stcn.com,https://stcn.com/,document_text_url,data/text/920368.BJ/2025/annual_report.txt,www.stcn.com,2,candidate_unverified_gap_fill,人工核验后写入官网域名审核批次
920375.BJ,派诺科技,pmac.com.cn,https://pmac.com.cn/,document_text_website_field,data/text/ci_collection/920375.BJ/2025/annual_report.txt,公司网址 www.pmac.com.cn,2,candidate_unverified_gap_fill,人工核验后写入官网域名审核批次
920496.BJ,许昌智能,xjpmf.com,https://xjpmf.com/,document_text_website_field,data/text/ci_collection/920496.BJ/2025/annual_report.txt,公司网址 www.xjpmf.com,2,candidate_unverified_gap_fill,人工核验后写入官网域名审核批次
920522.BJ,纳科诺尔,naknor.com,https://naknor.com/,document_text_website_field,data/text/ci_collection/920522.BJ/2025/annual_report.txt,公司网址 www.naknor.com,2,candidate_unverified_gap_fill,人工核验后写入官网域名审核批次
920556.BJ,雅达股份,yada.com.cn,https://yada.com.cn/,document_text_website_field,data/text/ci_collection/920556.BJ/2025/annual_report.txt,公司网址 www.yada.com.cn,2,candidate_unverified_gap_fill,人工核验后写入官网域名审核批次
920639.BJ,晨光电缆,cgcable.com,https://cgcable.com/,document_text_website_field,data/text/ci_collection/920639.BJ/2025/annual_report.txt,公司网址 www.cgcable.com,2,candidate_unverified_gap_fill,人工核验后写入官网域名审核批次
920682.BJ,球冠电缆,qrunning.com,https://qrunning.com/,document_text_website_field,data/text/ci_collection/920682.BJ/2025/annual_report.txt,公司网址 www.qrunning.com,2,candidate_unverified_gap_fill,人工核验后写入官网域名审核批次
920809.BJ,安达科技,adkjny.com,https://adkjny.com/,document_text_website_field,data/text/ci_collection/920809.BJ/2025/annual_report.txt,公司网址 www.adkjny.com,2,candidate_unverified_gap_fill,人工核验后写入官网域名审核批次
920914.BJ,远航精密,sinonic.com,https://sinonic.com/,document_text_website_field,data/text/ci_collection/920914.BJ/2025/annual_report.txt,公司网址 www.sinonic.com,2,candidate_unverified_gap_fill,人工核验后写入官网域名审核批次
920985.BJ,海泰新能,haitai-solar.cn,https://haitai-solar.cn/,document_text_website_field,data/text/ci_collection/920985.BJ/2025/annual_report.txt,公司网址 www.haitai-solar.cn,2,candidate_unverified_gap_fill,人工核验后写入官网域名审核批次
