company_code,company_name,indicator_code,score,confidence,method
000009.SZ,中国宝安,Q_S_EMPLOYEE_RIGHTS,85.0,0.7,keyword_matching
000009.SZ,中国宝安,Q_S_HEALTH_SAFETY,100.0,0.7,keyword_matching
000009.SZ,中国宝安,Q_S_DIVERSITY,75.0,0.7,keyword_matching
000009.SZ,中国宝安,Q_G_GOVERNANCE,100.0,0.7,keyword_matching
000027.SZ,深圳能源,Q_E_ENV_SYSTEM,100.0,0.7,keyword_matching
000027.SZ,深圳能源,Q_E_EMERGENCY,100.0,0.7,keyword_matching
000027.SZ,深圳能源,Q_E_ENV_TRAINING,80.0,0.7,keyword_matching
000027.SZ,深圳能源,Q_E_COMPLIANCE,100.0,0.7,keyword_matching
000027.SZ,深圳能源,Q_E_ENV_IMPACT,85.0,0.7,keyword_matching
000027.SZ,深圳能源,Q_S_EMPLOYEE_RIGHTS,100.0,0.7,keyword_matching
000027.SZ,深圳能源,Q_S_HEALTH_SAFETY,100.0,0.7,keyword_matching
000027.SZ,深圳能源,Q_S_DIVERSITY,100.0,0.7,keyword_matching
000027.SZ,深圳能源,Q_G_GOVERNANCE,100.0,0.7,keyword_matching
000027.SZ,深圳能源,Q_G_INTEGRITY,100.0,0.7,keyword_matching
000037.SZ,深南电A,Q_E_EMERGENCY,80.0,0.7,keyword_matching
000037.SZ,深南电A,Q_S_EMPLOYEE_RIGHTS,85.0,0.7,keyword_matching
000037.SZ,深南电A,Q_S_HEALTH_SAFETY,100.0,0.7,keyword_matching
000037.SZ,深南电A,Q_S_DIVERSITY,100.0,0.7,keyword_matching
000037.SZ,深南电A,Q_G_GOVERNANCE,100.0,0.7,keyword_matching
000037.SZ,深南电A,Q_G_INTEGRITY,85.0,0.7,keyword_matching
000049.SZ,德赛电池,Q_S_EMPLOYEE_RIGHTS,85.0,0.7,keyword_matching
000049.SZ,德赛电池,Q_S_HEALTH_SAFETY,75.0,0.7,keyword_matching
000049.SZ,德赛电池,Q_S_DIVERSITY,75.0,0.7,keyword_matching
000049.SZ,德赛电池,Q_G_GOVERNANCE,100.0,0.7,keyword_matching
000096.SZ,广聚能源,Q_E_COMPLIANCE,75.0,0.7,keyword_matching
000096.SZ,广聚能源,Q_S_EMPLOYEE_RIGHTS,85.0,0.7,keyword_matching
000096.SZ,广聚能源,Q_S_HEALTH_SAFETY,100.0,0.7,keyword_matching
000096.SZ,广聚能源,Q_G_GOVERNANCE,100.0,0.7,keyword_matching
000155.SZ,川能动力,Q_E_EMERGENCY,75.0,0.7,keyword_matching
000155.SZ,川能动力,Q_E_ENV_IMPACT,75.0,0.7,keyword_matching
000155.SZ,川能动力,Q_S_EMPLOYEE_RIGHTS,85.0,0.7,keyword_matching
000155.SZ,川能动力,Q_S_HEALTH_SAFETY,100.0,0.7,keyword_matching
000155.SZ,川能动力,Q_S_DIVERSITY,90.0,0.7,keyword_matching
000155.SZ,川能动力,Q_G_GOVERNANCE,100.0,0.7,keyword_matching
000155.SZ,川能动力,Q_G_INTEGRITY,75.0,0.7,keyword_matching
000400.SZ,许继电气,Q_E_ENV_SYSTEM,80.0,0.7,keyword_matching
000400.SZ,许继电气,Q_E_EMERGENCY,100.0,0.7,keyword_matching
000400.SZ,许继电气,Q_E_ENV_TRAINING,80.0,0.7,keyword_matching
000400.SZ,许继电气,Q_E_COMPLIANCE,95.0,0.7,keyword_matching
000400.SZ,许继电气,Q_S_EMPLOYEE_RIGHTS,100.0,0.7,keyword_matching
000400.SZ,许继电气,Q_S_HEALTH_SAFETY,100.0,0.7,keyword_matching
000400.SZ,许继电气,Q_S_DIVERSITY,100.0,0.7,keyword_matching
000400.SZ,许继电气,Q_G_GOVERNANCE,100.0,0.7,keyword_matching
000400.SZ,许继电气,Q_G_INTEGRITY,90.0,0.7,keyword_matching
000407.SZ,胜利股份,Q_S_EMPLOYEE_RIGHTS,85.0,0.7,keyword_matching
000407.SZ,胜利股份,Q_S_HEALTH_SAFETY,100.0,0.7,keyword_matching
000407.SZ,胜利股份,Q_S_DIVERSITY,95.0,0.7,keyword_matching
000407.SZ,胜利股份,Q_G_GOVERNANCE,100.0,0.7,keyword_matching
000407.SZ,胜利股份,Q_G_INTEGRITY,95.0,0.7,keyword_matching
00042.HK,NE ELECTRIC,Q_E_COMPLIANCE,75.0,0.7,keyword_matching
00042.HK,NE ELECTRIC,Q_S_DIVERSITY,100.0,0.7,keyword_matching
000421.SZ,南京公用,Q_S_EMPLOYEE_RIGHTS,85.0,0.7,keyword_matching
000421.SZ,南京公用,Q_S_HEALTH_SAFETY,100.0,0.7,keyword_matching
000421.SZ,南京公用,Q_S_DIVERSITY,100.0,0.7,keyword_matching
000421.SZ,南京公用,Q_G_GOVERNANCE,100.0,0.7,keyword_matching
000531.SZ,穗恒运Ａ,Q_E_ENV_SYSTEM,85.0,0.7,keyword_matching
000531.SZ,穗恒运Ａ,Q_E_EMERGENCY,100.0,0.7,keyword_matching
000531.SZ,穗恒运Ａ,Q_E_ENV_TRAINING,100.0,0.7,keyword_matching
000531.SZ,穗恒运Ａ,Q_E_COMPLIANCE,100.0,0.7,keyword_matching
000531.SZ,穗恒运Ａ,Q_E_ENV_IMPACT,95.0,0.7,keyword_matching
000531.SZ,穗恒运Ａ,Q_S_EMPLOYEE_RIGHTS,100.0,0.7,keyword_matching
000531.SZ,穗恒运Ａ,Q_S_HEALTH_SAFETY,100.0,0.7,keyword_matching
000531.SZ,穗恒运Ａ,Q_S_DIVERSITY,100.0,0.7,keyword_matching
000531.SZ,穗恒运Ａ,Q_G_GOVERNANCE,100.0,0.7,keyword_matching
000531.SZ,穗恒运Ａ,Q_G_INTEGRITY,100.0,0.7,keyword_matching
000533.SZ,顺钠股份,Q_E_ENV_SYSTEM,85.0,0.7,keyword_matching
000533.SZ,顺钠股份,Q_E_EMERGENCY,100.0,0.7,keyword_matching
000533.SZ,顺钠股份,Q_E_COMPLIANCE,100.0,0.7,keyword_matching
000533.SZ,顺钠股份,Q_E_ENV_IMPACT,90.0,0.7,keyword_matching
000533.SZ,顺钠股份,Q_S_EMPLOYEE_RIGHTS,100.0,0.7,keyword_matching
000533.SZ,顺钠股份,Q_S_HEALTH_SAFETY,100.0,0.7,keyword_matching
000533.SZ,顺钠股份,Q_S_DIVERSITY,100.0,0.7,keyword_matching
000533.SZ,顺钠股份,Q_G_GOVERNANCE,100.0,0.7,keyword_matching
000533.SZ,顺钠股份,Q_G_INTEGRITY,100.0,0.7,keyword_matching
000537.SZ,绿发电力,Q_E_ENV_SYSTEM,75.0,0.7,keyword_matching
000537.SZ,绿发电力,Q_E_EMERGENCY,75.0,0.7,keyword_matching
000537.SZ,绿发电力,Q_E_ENV_IMPACT,75.0,0.7,keyword_matching
000537.SZ,绿发电力,Q_S_EMPLOYEE_RIGHTS,95.0,0.7,keyword_matching
000537.SZ,绿发电力,Q_S_HEALTH_SAFETY,100.0,0.7,keyword_matching
000537.SZ,绿发电力,Q_S_DIVERSITY,90.0,0.7,keyword_matching
000537.SZ,绿发电力,Q_G_GOVERNANCE,100.0,0.7,keyword_matching
000537.SZ,绿发电力,Q_G_INTEGRITY,75.0,0.7,keyword_matching
000539.SZ,粤电力Ａ,Q_E_COMPLIANCE,75.0,0.7,keyword_matching
000539.SZ,粤电力Ａ,Q_S_EMPLOYEE_RIGHTS,95.0,0.7,keyword_matching
000539.SZ,粤电力Ａ,Q_S_HEALTH_SAFETY,100.0,0.7,keyword_matching
000539.SZ,粤电力Ａ,Q_S_DIVERSITY,80.0,0.7,keyword_matching
000539.SZ,粤电力Ａ,Q_G_GOVERNANCE,100.0,0.7,keyword_matching
000543.SZ,皖能电力,Q_E_ENV_SYSTEM,90.0,0.7,keyword_matching
000543.SZ,皖能电力,Q_E_EMERGENCY,100.0,0.7,keyword_matching
000543.SZ,皖能电力,Q_E_ENV_TRAINING,100.0,0.7,keyword_matching
000543.SZ,皖能电力,Q_E_COMPLIANCE,100.0,0.7,keyword_matching
000543.SZ,皖能电力,Q_E_ENV_IMPACT,75.0,0.7,keyword_matching
000543.SZ,皖能电力,Q_S_EMPLOYEE_RIGHTS,100.0,0.7,keyword_matching
000543.SZ,皖能电力,Q_S_HEALTH_SAFETY,100.0,0.7,keyword_matching
000543.SZ,皖能电力,Q_S_DIVERSITY,100.0,0.7,keyword_matching
000543.SZ,皖能电力,Q_G_GOVERNANCE,100.0,0.7,keyword_matching
000543.SZ,皖能电力,Q_G_INTEGRITY,100.0,0.7,keyword_matching
000554.SZ,泰山石油,Q_E_EMERGENCY,100.0,0.7,keyword_matching
000554.SZ,泰山石油,Q_E_ENV_TRAINING,90.0,0.7,keyword_matching
000554.SZ,泰山石油,Q_E_COMPLIANCE,100.0,0.7,keyword_matching
000554.SZ,泰山石油,Q_E_ENV_IMPACT,80.0,0.7,keyword_matching
000554.SZ,泰山石油,Q_S_EMPLOYEE_RIGHTS,100.0,0.7,keyword_matching
000554.SZ,泰山石油,Q_S_HEALTH_SAFETY,100.0,0.7,keyword_matching
000554.SZ,泰山石油,Q_S_DIVERSITY,90.0,0.7,keyword_matching
000554.SZ,泰山石油,Q_G_GOVERNANCE,100.0,0.7,keyword_matching
000554.SZ,泰山石油,Q_G_INTEGRITY,100.0,0.7,keyword_matching
000591.SZ,太阳能,Q_E_COMPLIANCE,75.0,0.7,keyword_matching
000591.SZ,太阳能,Q_E_ENV_IMPACT,75.0,0.7,keyword_matching
000591.SZ,太阳能,Q_S_EMPLOYEE_RIGHTS,80.0,0.7,keyword_matching
000591.SZ,太阳能,Q_S_HEALTH_SAFETY,100.0,0.7,keyword_matching
000591.SZ,太阳能,Q_S_DIVERSITY,95.0,0.7,keyword_matching
000591.SZ,太阳能,Q_G_GOVERNANCE,100.0,0.7,keyword_matching
000593.SZ,德龙汇能,Q_E_EMERGENCY,85.0,0.7,keyword_matching
000593.SZ,德龙汇能,Q_S_EMPLOYEE_RIGHTS,90.0,0.7,keyword_matching
000593.SZ,德龙汇能,Q_S_HEALTH_SAFETY,100.0,0.7,keyword_matching
000593.SZ,德龙汇能,Q_S_DIVERSITY,100.0,0.7,keyword_matching
000593.SZ,德龙汇能,Q_G_GOVERNANCE,100.0,0.7,keyword_matching
000600.SZ,建投能源,Q_E_EMERGENCY,100.0,0.7,keyword_matching
000600.SZ,建投能源,Q_E_ENV_TRAINING,100.0,0.7,keyword_matching
000600.SZ,建投能源,Q_E_COMPLIANCE,100.0,0.7,keyword_matching
000600.SZ,建投能源,Q_E_ENV_IMPACT,95.0,0.7,keyword_matching
000600.SZ,建投能源,Q_S_EMPLOYEE_RIGHTS,100.0,0.7,keyword_matching
000600.SZ,建投能源,Q_S_HEALTH_SAFETY,100.0,0.7,keyword_matching
000600.SZ,建投能源,Q_S_DIVERSITY,100.0,0.7,keyword_matching
000600.SZ,建投能源,Q_G_GOVERNANCE,100.0,0.7,keyword_matching
000600.SZ,建投能源,Q_G_INTEGRITY,100.0,0.7,keyword_matching
000601.SZ,韶能股份,Q_E_ENV_TRAINING,85.0,0.7,keyword_matching
000601.SZ,韶能股份,Q_S_EMPLOYEE_RIGHTS,85.0,0.7,keyword_matching
000601.SZ,韶能股份,Q_S_HEALTH_SAFETY,100.0,0.7,keyword_matching
000601.SZ,韶能股份,Q_S_DIVERSITY,75.0,0.7,keyword_matching
000601.SZ,韶能股份,Q_G_GOVERNANCE,100.0,0.7,keyword_matching
00061.HK,GREEN LEADER,Q_E_COMPLIANCE,90.0,0.7,keyword_matching
00061.HK,GREEN LEADER,Q_S_DIVERSITY,100.0,0.7,keyword_matching
000637.SZ,茂化实华,Q_E_ENV_SYSTEM,80.0,0.7,keyword_matching
000637.SZ,茂化实华,Q_E_EMERGENCY,80.0,0.7,keyword_matching
000637.SZ,茂化实华,Q_E_ENV_IMPACT,85.0,0.7,keyword_matching
000637.SZ,茂化实华,Q_S_EMPLOYEE_RIGHTS,75.0,0.7,keyword_matching
000637.SZ,茂化实华,Q_S_HEALTH_SAFETY,100.0,0.7,keyword_matching
000637.SZ,茂化实华,Q_S_DIVERSITY,85.0,0.7,keyword_matching
000637.SZ,茂化实华,Q_G_GOVERNANCE,100.0,0.7,keyword_matching
000637.SZ,茂化实华,Q_G_INTEGRITY,90.0,0.7,keyword_matching
000682.SZ,东方电子,Q_E_ENV_SYSTEM,75.0,0.7,keyword_matching
000682.SZ,东方电子,Q_S_EMPLOYEE_RIGHTS,75.0,0.7,keyword_matching
000682.SZ,东方电子,Q_S_HEALTH_SAFETY,85.0,0.7,keyword_matching
000682.SZ,东方电子,Q_S_DIVERSITY,85.0,0.7,keyword_matching
000682.SZ,东方电子,Q_G_GOVERNANCE,100.0,0.7,keyword_matching
000690.SZ,宝新能源,Q_E_EMERGENCY,75.0,0.7,keyword_matching
000690.SZ,宝新能源,Q_E_COMPLIANCE,75.0,0.7,keyword_matching
000690.SZ,宝新能源,Q_E_ENV_IMPACT,75.0,0.7,keyword_matching
000690.SZ,宝新能源,Q_S_EMPLOYEE_RIGHTS,100.0,0.7,keyword_matching
000690.SZ,宝新能源,Q_S_HEALTH_SAFETY,100.0,0.7,keyword_matching
000690.SZ,宝新能源,Q_S_DIVERSITY,75.0,0.7,keyword_matching
000690.SZ,宝新能源,Q_G_GOVERNANCE,100.0,0.7,keyword_matching
000692.SZ,惠天热电,Q_E_COMPLIANCE,75.0,0.7,keyword_matching
000692.SZ,惠天热电,Q_S_EMPLOYEE_RIGHTS,90.0,0.7,keyword_matching
000692.SZ,惠天热电,Q_S_HEALTH_SAFETY,100.0,0.7,keyword_matching
000692.SZ,惠天热电,Q_G_GOVERNANCE,100.0,0.7,keyword_matching
000692.SZ,惠天热电,Q_G_INTEGRITY,75.0,0.7,keyword_matching
000703.SZ,恒逸石化,Q_E_COMPLIANCE,75.0,0.7,keyword_matching
000703.SZ,恒逸石化,Q_E_ENV_IMPACT,75.0,0.7,keyword_matching
000703.SZ,恒逸石化,Q_S_EMPLOYEE_RIGHTS,100.0,0.7,keyword_matching
000703.SZ,恒逸石化,Q_S_HEALTH_SAFETY,100.0,0.7,keyword_matching
000703.SZ,恒逸石化,Q_S_DIVERSITY,75.0,0.7,keyword_matching
000703.SZ,恒逸石化,Q_G_GOVERNANCE,100.0,0.7,keyword_matching
000720.SZ,新能泰山,Q_E_ENV_SYSTEM,80.0,0.7,keyword_matching
000720.SZ,新能泰山,Q_S_EMPLOYEE_RIGHTS,95.0,0.7,keyword_matching
000720.SZ,新能泰山,Q_S_HEALTH_SAFETY,100.0,0.7,keyword_matching
000720.SZ,新能泰山,Q_S_DIVERSITY,80.0,0.7,keyword_matching
000720.SZ,新能泰山,Q_G_GOVERNANCE,100.0,0.7,keyword_matching
000720.SZ,新能泰山,Q_G_INTEGRITY,75.0,0.7,keyword_matching
000722.SZ,湖南发展,Q_S_EMPLOYEE_RIGHTS,85.0,0.7,keyword_matching
000722.SZ,湖南发展,Q_S_HEALTH_SAFETY,100.0,0.7,keyword_matching
000722.SZ,湖南发展,Q_G_GOVERNANCE,100.0,0.7,keyword_matching
000722.SZ,湖南发展,Q_G_INTEGRITY,75.0,0.7,keyword_matching
000723.SZ,美锦能源,Q_S_EMPLOYEE_RIGHTS,75.0,0.7,keyword_matching
000723.SZ,美锦能源,Q_S_HEALTH_SAFETY,100.0,0.7,keyword_matching
000723.SZ,美锦能源,Q_S_DIVERSITY,80.0,0.7,keyword_matching
000723.SZ,美锦能源,Q_G_GOVERNANCE,100.0,0.7,keyword_matching
000767.SZ,晋控电力,Q_E_EMERGENCY,85.0,0.7,keyword_matching
000767.SZ,晋控电力,Q_E_ENV_TRAINING,75.0,0.7,keyword_matching
000767.SZ,晋控电力,Q_E_ENV_IMPACT,80.0,0.7,keyword_matching
000767.SZ,晋控电力,Q_S_EMPLOYEE_RIGHTS,85.0,0.7,keyword_matching
000767.SZ,晋控电力,Q_S_HEALTH_SAFETY,100.0,0.7,keyword_matching
000767.SZ,晋控电力,Q_S_DIVERSITY,75.0,0.7,keyword_matching
000767.SZ,晋控电力,Q_G_GOVERNANCE,100.0,0.7,keyword_matching
000767.SZ,晋控电力,Q_G_INTEGRITY,85.0,0.7,keyword_matching
000791.SZ,甘肃能源,Q_E_ENV_SYSTEM,90.0,0.7,keyword_matching
000791.SZ,甘肃能源,Q_E_EMERGENCY,100.0,0.7,keyword_matching
000791.SZ,甘肃能源,Q_E_ENV_TRAINING,100.0,0.7,keyword_matching
000791.SZ,甘肃能源,Q_E_COMPLIANCE,100.0,0.7,keyword_matching
000791.SZ,甘肃能源,Q_E_ENV_IMPACT,100.0,0.7,keyword_matching
000791.SZ,甘肃能源,Q_S_EMPLOYEE_RIGHTS,100.0,0.7,keyword_matching
000791.SZ,甘肃能源,Q_S_HEALTH_SAFETY,100.0,0.7,keyword_matching
000791.SZ,甘肃能源,Q_S_DIVERSITY,90.0,0.7,keyword_matching
000791.SZ,甘肃能源,Q_G_GOVERNANCE,100.0,0.7,keyword_matching
000791.SZ,甘肃能源,Q_G_INTEGRITY,100.0,0.7,keyword_matching
000819.SZ,岳阳兴长,Q_E_ENV_SYSTEM,100.0,0.7,keyword_matching
000819.SZ,岳阳兴长,Q_E_EMERGENCY,100.0,0.7,keyword_matching
000819.SZ,岳阳兴长,Q_E_ENV_TRAINING,100.0,0.7,keyword_matching
000819.SZ,岳阳兴长,Q_E_COMPLIANCE,100.0,0.7,keyword_matching
000819.SZ,岳阳兴长,Q_E_ENV_IMPACT,95.0,0.7,keyword_matching
000819.SZ,岳阳兴长,Q_S_EMPLOYEE_RIGHTS,100.0,0.7,keyword_matching
000819.SZ,岳阳兴长,Q_S_HEALTH_SAFETY,100.0,0.7,keyword_matching
000819.SZ,岳阳兴长,Q_S_DIVERSITY,100.0,0.7,keyword_matching
000819.SZ,岳阳兴长,Q_G_GOVERNANCE,100.0,0.7,keyword_matching
000819.SZ,岳阳兴长,Q_G_INTEGRITY,100.0,0.7,keyword_matching
000862.SZ,银星能源,Q_S_EMPLOYEE_RIGHTS,80.0,0.7,keyword_matching
000862.SZ,银星能源,Q_S_HEALTH_SAFETY,100.0,0.7,keyword_matching
000862.SZ,银星能源,Q_S_DIVERSITY,75.0,0.7,keyword_matching
000862.SZ,银星能源,Q_G_GOVERNANCE,100.0,0.7,keyword_matching
000875.SZ,电投绿能,Q_S_EMPLOYEE_RIGHTS,80.0,0.7,keyword_matching
000875.SZ,电投绿能,Q_S_HEALTH_SAFETY,100.0,0.7,keyword_matching
000875.SZ,电投绿能,Q_S_DIVERSITY,80.0,0.7,keyword_matching
000875.SZ,电投绿能,Q_G_GOVERNANCE,100.0,0.7,keyword_matching
000883.SZ,湖北能源,Q_E_COMPLIANCE,75.0,0.7,keyword_matching
000883.SZ,湖北能源,Q_S_EMPLOYEE_RIGHTS,95.0,0.7,keyword_matching
000883.SZ,湖北能源,Q_S_HEALTH_SAFETY,100.0,0.7,keyword_matching
000883.SZ,湖北能源,Q_S_DIVERSITY,75.0,0.7,keyword_matching
000883.SZ,湖北能源,Q_G_GOVERNANCE,100.0,0.7,keyword_matching
000883.SZ,湖北能源,Q_G_INTEGRITY,75.0,0.7,keyword_matching
000899.SZ,赣能股份,Q_S_EMPLOYEE_RIGHTS,80.0,0.7,keyword_matching
000899.SZ,赣能股份,Q_S_HEALTH_SAFETY,100.0,0.7,keyword_matching
000899.SZ,赣能股份,Q_S_DIVERSITY,75.0,0.7,keyword_matching
000899.SZ,赣能股份,Q_G_GOVERNANCE,100.0,0.7,keyword_matching
000922.SZ,佳电股份,Q_E_ENV_SYSTEM,95.0,0.7,keyword_matching
000922.SZ,佳电股份,Q_E_EMERGENCY,100.0,0.7,keyword_matching
000922.SZ,佳电股份,Q_E_COMPLIANCE,95.0,0.7,keyword_matching
000922.SZ,佳电股份,Q_E_ENV_IMPACT,75.0,0.7,keyword_matching
000922.SZ,佳电股份,Q_S_EMPLOYEE_RIGHTS,100.0,0.7,keyword_matching
000922.SZ,佳电股份,Q_S_HEALTH_SAFETY,100.0,0.7,keyword_matching
000922.SZ,佳电股份,Q_S_DIVERSITY,90.0,0.7,keyword_matching
000922.SZ,佳电股份,Q_G_GOVERNANCE,100.0,0.7,keyword_matching
000922.SZ,佳电股份,Q_G_INTEGRITY,100.0,0.7,keyword_matching
000937.SZ,冀中能源,Q_E_EMERGENCY,80.0,0.7,keyword_matching
000937.SZ,冀中能源,Q_S_EMPLOYEE_RIGHTS,85.0,0.7,keyword_matching
000937.SZ,冀中能源,Q_S_HEALTH_SAFETY,100.0,0.7,keyword_matching
000937.SZ,冀中能源,Q_S_DIVERSITY,75.0,0.7,keyword_matching
000937.SZ,冀中能源,Q_G_GOVERNANCE,100.0,0.7,keyword_matching
000966.SZ,长源电力,Q_E_COMPLIANCE,75.0,0.7,keyword_matching
000966.SZ,长源电力,Q_S_EMPLOYEE_RIGHTS,80.0,0.7,keyword_matching
000966.SZ,长源电力,Q_S_HEALTH_SAFETY,100.0,0.7,keyword_matching
000966.SZ,长源电力,Q_S_DIVERSITY,75.0,0.7,keyword_matching
000966.SZ,长源电力,Q_G_GOVERNANCE,100.0,0.7,keyword_matching
000966.SZ,长源电力,Q_G_INTEGRITY,75.0,0.7,keyword_matching
000968.SZ,蓝焰控股,Q_E_EMERGENCY,80.0,0.7,keyword_matching
000968.SZ,蓝焰控股,Q_E_COMPLIANCE,75.0,0.7,keyword_matching
000968.SZ,蓝焰控股,Q_S_EMPLOYEE_RIGHTS,85.0,0.7,keyword_matching
000968.SZ,蓝焰控股,Q_S_HEALTH_SAFETY,100.0,0.7,keyword_matching
000968.SZ,蓝焰控股,Q_G_GOVERNANCE,100.0,0.7,keyword_matching
000968.SZ,蓝焰控股,Q_G_INTEGRITY,75.0,0.7,keyword_matching
000993.SZ,闽东电力,Q_E_EMERGENCY,95.0,0.7,keyword_matching
000993.SZ,闽东电力,Q_S_EMPLOYEE_RIGHTS,100.0,0.7,keyword_matching
000993.SZ,闽东电力,Q_S_HEALTH_SAFETY,100.0,0.7,keyword_matching
000993.SZ,闽东电力,Q_S_DIVERSITY,75.0,0.7,keyword_matching
000993.SZ,闽东电力,Q_G_GOVERNANCE,100.0,0.7,keyword_matching
000993.SZ,闽东电力,Q_G_INTEGRITY,95.0,0.7,keyword_matching
001208.SZ,华菱线缆,Q_E_COMPLIANCE,75.0,0.7,keyword_matching
001208.SZ,华菱线缆,Q_S_EMPLOYEE_RIGHTS,100.0,0.7,keyword_matching
001208.SZ,华菱线缆,Q_S_HEALTH_SAFETY,100.0,0.7,keyword_matching
001208.SZ,华菱线缆,Q_S_DIVERSITY,95.0,0.7,keyword_matching
001208.SZ,华菱线缆,Q_G_GOVERNANCE,100.0,0.7,keyword_matching
001258.SZ,立新能源,Q_E_COMPLIANCE,90.0,0.7,keyword_matching
001258.SZ,立新能源,Q_S_EMPLOYEE_RIGHTS,95.0,0.7,keyword_matching
001258.SZ,立新能源,Q_S_HEALTH_SAFETY,100.0,0.7,keyword_matching
001258.SZ,立新能源,Q_S_DIVERSITY,100.0,0.7,keyword_matching
001258.SZ,立新能源,Q_G_GOVERNANCE,100.0,0.7,keyword_matching
001258.SZ,立新能源,Q_G_INTEGRITY,75.0,0.7,keyword_matching
001269.SZ,欧晶科技,Q_E_EMERGENCY,75.0,0.7,keyword_matching
001269.SZ,欧晶科技,Q_S_EMPLOYEE_RIGHTS,95.0,0.7,keyword_matching
001269.SZ,欧晶科技,Q_S_HEALTH_SAFETY,100.0,0.7,keyword_matching
001269.SZ,欧晶科技,Q_S_DIVERSITY,85.0,0.7,keyword_matching
001269.SZ,欧晶科技,Q_G_GOVERNANCE,100.0,0.7,keyword_matching
001283.SZ,豪鹏科技,Q_E_ENV_SYSTEM,75.0,0.7,keyword_matching
001283.SZ,豪鹏科技,Q_E_COMPLIANCE,75.0,0.7,keyword_matching
001283.SZ,豪鹏科技,Q_S_EMPLOYEE_RIGHTS,85.0,0.7,keyword_matching
001283.SZ,豪鹏科技,Q_S_HEALTH_SAFETY,75.0,0.7,keyword_matching
001283.SZ,豪鹏科技,Q_S_DIVERSITY,100.0,0.7,keyword_matching
001283.SZ,豪鹏科技,Q_G_GOVERNANCE,100.0,0.7,keyword_matching
001283.SZ,豪鹏科技,Q_G_INTEGRITY,75.0,0.7,keyword_matching
001289.SZ,龙源电力,Q_E_ENV_SYSTEM,80.0,0.7,keyword_matching
001289.SZ,龙源电力,Q_E_EMERGENCY,100.0,0.7,keyword_matching
001289.SZ,龙源电力,Q_E_ENV_TRAINING,75.0,0.7,keyword_matching
001289.SZ,龙源电力,Q_E_COMPLIANCE,100.0,0.7,keyword_matching
001289.SZ,龙源电力,Q_E_ENV_IMPACT,80.0,0.7,keyword_matching
001289.SZ,龙源电力,Q_S_EMPLOYEE_RIGHTS,100.0,0.7,keyword_matching
001289.SZ,龙源电力,Q_S_HEALTH_SAFETY,100.0,0.7,keyword_matching
001289.SZ,龙源电力,Q_S_DIVERSITY,100.0,0.7,keyword_matching
001289.SZ,龙源电力,Q_G_GOVERNANCE,100.0,0.7,keyword_matching
001289.SZ,龙源电力,Q_G_INTEGRITY,100.0,0.7,keyword_matching
