batch_task_rank,batch_action,impact_rank,impact_score,best_rank,worst_rank,rank_span,crosses_top_n,boundary_risk,instability_risk,weight_risk,key_indicator_risk,population_scarcity_risk,indicator_population,neutral_vs_zero_total_score_delta,company_code,company_name,indicator_code,indicator_name,dimension,key_indicator,candidate_count,report_years,source_pages,max_confidence,status,next_action,priority
1,inspect_esg_tables,1,99.322917,65,220,155,True,1.0,1.0,1.0,1.0,0.932292,39,3.6,00002.HK,CLP HOLDINGS,Q_E_GHG_INTENSITY,温室气体排放强度,E,True,0,,,0,missing_candidate,extend_extraction_rules,0
2,inspect_esg_tables,2,99.322917,45,360,315,True,1.0,1.0,1.0,1.0,0.932292,39,3.6,00003.HK,HK & CHINA GAS,Q_E_GHG_INTENSITY,温室气体排放强度,E,True,0,,,0,missing_candidate,extend_extraction_rules,0
3,inspect_esg_tables,3,99.322917,51,437,386,True,1.0,1.0,1.0,1.0,0.932292,39,3.6,00006.HK,POWER ASSETS,Q_E_GHG_INTENSITY,温室气体排放强度,E,True,0,,,0,missing_candidate,extend_extraction_rules,0
4,inspect_esg_tables,4,99.322917,107,298,191,True,1.0,1.0,1.0,1.0,0.932292,39,3.6,000096.SZ,广聚能源,Q_E_GHG_INTENSITY,温室气体排放强度,E,True,0,,,0,missing_candidate,extend_extraction_rules,0
5,inspect_esg_tables,6,99.322917,193,492,299,True,1.0,1.0,1.0,1.0,0.932292,39,3.6,000554.SZ,泰山石油,Q_E_GHG_INTENSITY,温室气体排放强度,E,True,0,,,0,missing_candidate,extend_extraction_rules,0
6,inspect_esg_tables,7,99.322917,154,417,263,True,1.0,1.0,1.0,1.0,0.932292,39,3.6,000682.SZ,东方电子,Q_E_GHG_INTENSITY,温室气体排放强度,E,True,0,,,0,missing_candidate,extend_extraction_rules,0
7,inspect_esg_tables,9,99.322917,137,320,183,True,1.0,1.0,1.0,1.0,0.932292,39,3.6,001208.SZ,华菱线缆,Q_E_GHG_INTENSITY,温室气体排放强度,E,True,0,,,0,missing_candidate,extend_extraction_rules,0
8,inspect_esg_tables,10,99.322917,121,267,146,True,1.0,1.0,1.0,1.0,0.932292,39,3.6,001258.SZ,立新能源,Q_E_GHG_INTENSITY,温室气体排放强度,E,True,0,,,0,missing_candidate,extend_extraction_rules,0
9,inspect_esg_tables,11,99.322917,111,249,138,True,1.0,1.0,1.0,1.0,0.932292,39,3.6,001299.SZ,美能能源,Q_E_GHG_INTENSITY,温室气体排放强度,E,True,0,,,0,missing_candidate,extend_extraction_rules,0
10,inspect_esg_tables,12,99.322917,137,286,149,True,1.0,1.0,1.0,1.0,0.932292,39,3.6,00182.HK,CONCORD NE,Q_E_GHG_INTENSITY,温室气体排放强度,E,True,0,,,0,missing_candidate,extend_extraction_rules,0
11,inspect_esg_tables,13,99.322917,22,288,266,True,1.0,1.0,1.0,1.0,0.932292,39,3.6,002039.SZ,黔源电力,Q_E_GHG_INTENSITY,温室气体排放强度,E,True,0,,,0,missing_candidate,extend_extraction_rules,0
12,inspect_esg_tables,14,99.322917,25,373,348,True,1.0,1.0,1.0,1.0,0.932292,39,3.6,002056.SZ,横店东磁,Q_E_GHG_INTENSITY,温室气体排放强度,E,True,0,,,0,missing_candidate,extend_extraction_rules,0
13,inspect_esg_tables,15,99.322917,117,355,238,True,1.0,1.0,1.0,1.0,0.932292,39,3.6,00206.HK,CM-ENERGY,Q_E_GHG_INTENSITY,温室气体排放强度,E,True,0,,,0,missing_candidate,extend_extraction_rules,0
14,inspect_esg_tables,16,99.322917,162,285,123,True,1.0,1.0,1.0,1.0,0.932292,39,3.6,002074.SZ,国轩高科,Q_E_GHG_INTENSITY,温室气体排放强度,E,True,0,,,0,missing_candidate,extend_extraction_rules,0
15,inspect_esg_tables,17,99.322917,120,330,210,True,1.0,1.0,1.0,1.0,0.932292,39,3.6,002276.SZ,万马股份,Q_E_GHG_INTENSITY,温室气体排放强度,E,True,0,,,0,missing_candidate,extend_extraction_rules,0
16,inspect_esg_tables,18,99.322917,176,363,187,True,1.0,1.0,1.0,1.0,0.932292,39,3.6,00228.HK,CHINA ENERGY,Q_E_GHG_INTENSITY,温室气体排放强度,E,True,0,,,0,missing_candidate,extend_extraction_rules,0
17,inspect_esg_tables,19,99.322917,74,285,211,True,1.0,1.0,1.0,1.0,0.932292,39,3.6,002335.SZ,科华数据,Q_E_GHG_INTENSITY,温室气体排放强度,E,True,0,,,0,missing_candidate,extend_extraction_rules,0
18,inspect_esg_tables,21,99.322917,134,260,126,True,1.0,1.0,1.0,1.0,0.932292,39,3.6,002479.SZ,富春环保,Q_E_GHG_INTENSITY,温室气体排放强度,E,True,0,,,0,missing_candidate,extend_extraction_rules,0
19,inspect_esg_tables,22,99.322917,182,283,101,True,1.0,1.0,1.0,1.0,0.932292,39,3.6,002487.SZ,大金重工,Q_E_GHG_INTENSITY,温室气体排放强度,E,True,0,,,0,missing_candidate,extend_extraction_rules,0
20,inspect_esg_tables,23,99.322917,146,380,234,True,1.0,1.0,1.0,1.0,0.932292,39,3.6,002506.SZ,协鑫集成,Q_E_GHG_INTENSITY,温室气体排放强度,E,True,0,,,0,missing_candidate,extend_extraction_rules,0
21,inspect_esg_tables,24,99.322917,178,379,201,True,1.0,1.0,1.0,1.0,0.932292,39,3.6,002531.SZ,天顺风能,Q_E_GHG_INTENSITY,温室气体排放强度,E,True,0,,,0,missing_candidate,extend_extraction_rules,0
22,inspect_esg_tables,25,99.322917,151,440,289,True,1.0,1.0,1.0,1.0,0.932292,39,3.6,002608.SZ,江苏国信,Q_E_GHG_INTENSITY,温室气体排放强度,E,True,0,,,0,missing_candidate,extend_extraction_rules,0
23,inspect_esg_tables,26,99.322917,127,398,271,True,1.0,1.0,1.0,1.0,0.932292,39,3.6,002692.SZ,远程股份,Q_E_GHG_INTENSITY,温室气体排放强度,E,True,0,,,0,missing_candidate,extend_extraction_rules,0
24,inspect_esg_tables,27,99.322917,92,223,131,True,1.0,1.0,1.0,1.0,0.932292,39,3.6,002709.SZ,天赐材料,Q_E_GHG_INTENSITY,温室气体排放强度,E,True,0,,,0,missing_candidate,extend_extraction_rules,0
25,inspect_esg_tables,28,99.322917,21,345,324,True,1.0,1.0,1.0,1.0,0.932292,39,3.6,002850.SZ,科达利,Q_E_GHG_INTENSITY,温室气体排放强度,E,True,0,,,0,missing_candidate,extend_extraction_rules,0
26,inspect_esg_tables,195,92.361111,65,220,155,True,1.0,1.0,0.716667,1.0,0.944444,32,2.58,00002.HK,CLP HOLDINGS,Q_E_ENERGY_INTENSITY,综合能源消耗强度,E,True,0,,,0,missing_candidate,extend_extraction_rules,0
27,inspect_esg_tables,196,92.361111,45,360,315,True,1.0,1.0,0.716667,1.0,0.944444,32,2.58,00003.HK,HK & CHINA GAS,Q_E_ENERGY_INTENSITY,综合能源消耗强度,E,True,0,,,0,missing_candidate,extend_extraction_rules,0
28,inspect_esg_tables,197,92.361111,51,437,386,True,1.0,1.0,0.716667,1.0,0.944444,32,2.58,00006.HK,POWER ASSETS,Q_E_ENERGY_INTENSITY,综合能源消耗强度,E,True,0,,,0,missing_candidate,extend_extraction_rules,0
29,inspect_esg_tables,198,92.361111,107,298,191,True,1.0,1.0,0.716667,1.0,0.944444,32,2.58,000096.SZ,广聚能源,Q_E_ENERGY_INTENSITY,综合能源消耗强度,E,True,0,,,0,missing_candidate,extend_extraction_rules,0
30,inspect_esg_tables,200,92.361111,193,492,299,True,1.0,1.0,0.716667,1.0,0.944444,32,2.58,000554.SZ,泰山石油,Q_E_ENERGY_INTENSITY,综合能源消耗强度,E,True,0,,,0,missing_candidate,extend_extraction_rules,0
31,inspect_esg_tables,201,92.361111,154,417,263,True,1.0,1.0,0.716667,1.0,0.944444,32,2.58,000682.SZ,东方电子,Q_E_ENERGY_INTENSITY,综合能源消耗强度,E,True,0,,,0,missing_candidate,extend_extraction_rules,0
32,inspect_esg_tables,203,92.361111,137,320,183,True,1.0,1.0,0.716667,1.0,0.944444,32,2.58,001208.SZ,华菱线缆,Q_E_ENERGY_INTENSITY,综合能源消耗强度,E,True,0,,,0,missing_candidate,extend_extraction_rules,0
33,inspect_esg_tables,204,92.361111,121,267,146,True,1.0,1.0,0.716667,1.0,0.944444,32,2.58,001258.SZ,立新能源,Q_E_ENERGY_INTENSITY,综合能源消耗强度,E,True,0,,,0,missing_candidate,extend_extraction_rules,0
34,inspect_esg_tables,205,92.361111,111,249,138,True,1.0,1.0,0.716667,1.0,0.944444,32,2.58,001299.SZ,美能能源,Q_E_ENERGY_INTENSITY,综合能源消耗强度,E,True,0,,,0,missing_candidate,extend_extraction_rules,0
35,inspect_esg_tables,206,92.361111,137,286,149,True,1.0,1.0,0.716667,1.0,0.944444,32,2.58,00182.HK,CONCORD NE,Q_E_ENERGY_INTENSITY,综合能源消耗强度,E,True,0,,,0,missing_candidate,extend_extraction_rules,0
36,inspect_esg_tables,207,92.361111,22,288,266,True,1.0,1.0,0.716667,1.0,0.944444,32,2.58,002039.SZ,黔源电力,Q_E_ENERGY_INTENSITY,综合能源消耗强度,E,True,0,,,0,missing_candidate,extend_extraction_rules,0
37,inspect_esg_tables,208,92.361111,25,373,348,True,1.0,1.0,0.716667,1.0,0.944444,32,2.58,002056.SZ,横店东磁,Q_E_ENERGY_INTENSITY,综合能源消耗强度,E,True,0,,,0,missing_candidate,extend_extraction_rules,0
38,inspect_esg_tables,209,92.361111,117,355,238,True,1.0,1.0,0.716667,1.0,0.944444,32,2.58,00206.HK,CM-ENERGY,Q_E_ENERGY_INTENSITY,综合能源消耗强度,E,True,0,,,0,missing_candidate,extend_extraction_rules,0
39,inspect_esg_tables,210,92.361111,162,285,123,True,1.0,1.0,0.716667,1.0,0.944444,32,2.58,002074.SZ,国轩高科,Q_E_ENERGY_INTENSITY,综合能源消耗强度,E,True,0,,,0,missing_candidate,extend_extraction_rules,0
40,inspect_esg_tables,211,92.361111,120,330,210,True,1.0,1.0,0.716667,1.0,0.944444,32,2.58,002276.SZ,万马股份,Q_E_ENERGY_INTENSITY,综合能源消耗强度,E,True,0,,,0,missing_candidate,extend_extraction_rules,0
41,inspect_esg_tables,212,92.361111,176,363,187,True,1.0,1.0,0.716667,1.0,0.944444,32,2.58,00228.HK,CHINA ENERGY,Q_E_ENERGY_INTENSITY,综合能源消耗强度,E,True,0,,,0,missing_candidate,extend_extraction_rules,0
42,inspect_esg_tables,213,92.361111,74,285,211,True,1.0,1.0,0.716667,1.0,0.944444,32,2.58,002335.SZ,科华数据,Q_E_ENERGY_INTENSITY,综合能源消耗强度,E,True,0,,,0,missing_candidate,extend_extraction_rules,0
43,inspect_esg_tables,215,92.361111,134,260,126,True,1.0,1.0,0.716667,1.0,0.944444,32,2.58,002479.SZ,富春环保,Q_E_ENERGY_INTENSITY,综合能源消耗强度,E,True,0,,,0,missing_candidate,extend_extraction_rules,0
44,inspect_esg_tables,216,92.361111,182,283,101,True,1.0,1.0,0.716667,1.0,0.944444,32,2.58,002487.SZ,大金重工,Q_E_ENERGY_INTENSITY,综合能源消耗强度,E,True,0,,,0,missing_candidate,extend_extraction_rules,0
45,inspect_esg_tables,217,92.361111,146,380,234,True,1.0,1.0,0.716667,1.0,0.944444,32,2.58,002506.SZ,协鑫集成,Q_E_ENERGY_INTENSITY,综合能源消耗强度,E,True,0,,,0,missing_candidate,extend_extraction_rules,0
46,inspect_esg_tables,218,92.361111,178,379,201,True,1.0,1.0,0.716667,1.0,0.944444,32,2.58,002531.SZ,天顺风能,Q_E_ENERGY_INTENSITY,综合能源消耗强度,E,True,0,,,0,missing_candidate,extend_extraction_rules,0
47,inspect_esg_tables,219,92.361111,151,440,289,True,1.0,1.0,0.716667,1.0,0.944444,32,2.58,002608.SZ,江苏国信,Q_E_ENERGY_INTENSITY,综合能源消耗强度,E,True,0,,,0,missing_candidate,extend_extraction_rules,0
48,inspect_esg_tables,220,92.361111,127,398,271,True,1.0,1.0,0.716667,1.0,0.944444,32,2.58,002692.SZ,远程股份,Q_E_ENERGY_INTENSITY,综合能源消耗强度,E,True,0,,,0,missing_candidate,extend_extraction_rules,0
49,inspect_esg_tables,222,92.361111,92,223,131,True,1.0,1.0,0.716667,1.0,0.944444,32,2.58,002709.SZ,天赐材料,Q_E_ENERGY_INTENSITY,综合能源消耗强度,E,True,0,,,0,missing_candidate,extend_extraction_rules,0
50,inspect_esg_tables,223,92.361111,21,345,324,True,1.0,1.0,0.716667,1.0,0.944444,32,2.58,002850.SZ,科达利,Q_E_ENERGY_INTENSITY,综合能源消耗强度,E,True,0,,,0,missing_candidate,extend_extraction_rules,0
51,inspect_esg_tables,468,85.177083,65,220,155,True,1.0,1.0,0.424444,1.0,0.956597,25,1.528,00002.HK,CLP HOLDINGS,Q_E_SOLID_WASTE_INTENSITY,一般固体废物排放强度,E,True,0,,,0,missing_candidate,extend_extraction_rules,0
52,inspect_esg_tables,469,85.177083,45,360,315,True,1.0,1.0,0.424444,1.0,0.956597,25,1.528,00003.HK,HK & CHINA GAS,Q_E_SOLID_WASTE_INTENSITY,一般固体废物排放强度,E,True,0,,,0,missing_candidate,extend_extraction_rules,0
53,inspect_esg_tables,470,85.177083,51,437,386,True,1.0,1.0,0.424444,1.0,0.956597,25,1.528,00006.HK,POWER ASSETS,Q_E_SOLID_WASTE_INTENSITY,一般固体废物排放强度,E,True,0,,,0,missing_candidate,extend_extraction_rules,0
54,inspect_esg_tables,471,85.177083,107,298,191,True,1.0,1.0,0.424444,1.0,0.956597,25,1.528,000096.SZ,广聚能源,Q_E_SOLID_WASTE_INTENSITY,一般固体废物排放强度,E,True,0,,,0,missing_candidate,extend_extraction_rules,0
55,inspect_esg_tables,473,85.177083,193,492,299,True,1.0,1.0,0.424444,1.0,0.956597,25,1.528,000554.SZ,泰山石油,Q_E_SOLID_WASTE_INTENSITY,一般固体废物排放强度,E,True,0,,,0,missing_candidate,extend_extraction_rules,0
56,inspect_esg_tables,474,85.177083,154,417,263,True,1.0,1.0,0.424444,1.0,0.956597,25,1.528,000682.SZ,东方电子,Q_E_SOLID_WASTE_INTENSITY,一般固体废物排放强度,E,True,0,,,0,missing_candidate,extend_extraction_rules,0
57,inspect_esg_tables,475,85.177083,137,320,183,True,1.0,1.0,0.424444,1.0,0.956597,25,1.528,001208.SZ,华菱线缆,Q_E_SOLID_WASTE_INTENSITY,一般固体废物排放强度,E,True,0,,,0,missing_candidate,extend_extraction_rules,0
58,inspect_esg_tables,476,85.177083,121,267,146,True,1.0,1.0,0.424444,1.0,0.956597,25,1.528,001258.SZ,立新能源,Q_E_SOLID_WASTE_INTENSITY,一般固体废物排放强度,E,True,0,,,0,missing_candidate,extend_extraction_rules,0
59,inspect_esg_tables,477,85.177083,111,249,138,True,1.0,1.0,0.424444,1.0,0.956597,25,1.528,001299.SZ,美能能源,Q_E_SOLID_WASTE_INTENSITY,一般固体废物排放强度,E,True,0,,,0,missing_candidate,extend_extraction_rules,0
60,inspect_esg_tables,478,85.177083,137,286,149,True,1.0,1.0,0.424444,1.0,0.956597,25,1.528,00182.HK,CONCORD NE,Q_E_SOLID_WASTE_INTENSITY,一般固体废物排放强度,E,True,0,,,0,missing_candidate,extend_extraction_rules,0
61,inspect_esg_tables,479,85.177083,22,288,266,True,1.0,1.0,0.424444,1.0,0.956597,25,1.528,002039.SZ,黔源电力,Q_E_SOLID_WASTE_INTENSITY,一般固体废物排放强度,E,True,0,,,0,missing_candidate,extend_extraction_rules,0
62,inspect_esg_tables,480,85.177083,25,373,348,True,1.0,1.0,0.424444,1.0,0.956597,25,1.528,002056.SZ,横店东磁,Q_E_SOLID_WASTE_INTENSITY,一般固体废物排放强度,E,True,0,,,0,missing_candidate,extend_extraction_rules,0
63,inspect_esg_tables,481,85.177083,117,355,238,True,1.0,1.0,0.424444,1.0,0.956597,25,1.528,00206.HK,CM-ENERGY,Q_E_SOLID_WASTE_INTENSITY,一般固体废物排放强度,E,True,0,,,0,missing_candidate,extend_extraction_rules,0
64,inspect_esg_tables,482,85.177083,162,285,123,True,1.0,1.0,0.424444,1.0,0.956597,25,1.528,002074.SZ,国轩高科,Q_E_SOLID_WASTE_INTENSITY,一般固体废物排放强度,E,True,0,,,0,missing_candidate,extend_extraction_rules,0
65,inspect_esg_tables,483,85.177083,120,330,210,True,1.0,1.0,0.424444,1.0,0.956597,25,1.528,002276.SZ,万马股份,Q_E_SOLID_WASTE_INTENSITY,一般固体废物排放强度,E,True,0,,,0,missing_candidate,extend_extraction_rules,0
66,inspect_esg_tables,484,85.177083,176,363,187,True,1.0,1.0,0.424444,1.0,0.956597,25,1.528,00228.HK,CHINA ENERGY,Q_E_SOLID_WASTE_INTENSITY,一般固体废物排放强度,E,True,0,,,0,missing_candidate,extend_extraction_rules,0
67,inspect_esg_tables,485,85.177083,74,285,211,True,1.0,1.0,0.424444,1.0,0.956597,25,1.528,002335.SZ,科华数据,Q_E_SOLID_WASTE_INTENSITY,一般固体废物排放强度,E,True,0,,,0,missing_candidate,extend_extraction_rules,0
68,inspect_esg_tables,486,85.177083,134,260,126,True,1.0,1.0,0.424444,1.0,0.956597,25,1.528,002479.SZ,富春环保,Q_E_SOLID_WASTE_INTENSITY,一般固体废物排放强度,E,True,0,,,0,missing_candidate,extend_extraction_rules,0
69,inspect_esg_tables,487,85.177083,182,283,101,True,1.0,1.0,0.424444,1.0,0.956597,25,1.528,002487.SZ,大金重工,Q_E_SOLID_WASTE_INTENSITY,一般固体废物排放强度,E,True,0,,,0,missing_candidate,extend_extraction_rules,0
70,inspect_esg_tables,488,85.177083,146,380,234,True,1.0,1.0,0.424444,1.0,0.956597,25,1.528,002506.SZ,协鑫集成,Q_E_SOLID_WASTE_INTENSITY,一般固体废物排放强度,E,True,0,,,0,missing_candidate,extend_extraction_rules,0
71,inspect_esg_tables,489,85.177083,178,379,201,True,1.0,1.0,0.424444,1.0,0.956597,25,1.528,002531.SZ,天顺风能,Q_E_SOLID_WASTE_INTENSITY,一般固体废物排放强度,E,True,0,,,0,missing_candidate,extend_extraction_rules,0
72,inspect_esg_tables,490,85.177083,151,440,289,True,1.0,1.0,0.424444,1.0,0.956597,25,1.528,002608.SZ,江苏国信,Q_E_SOLID_WASTE_INTENSITY,一般固体废物排放强度,E,True,0,,,0,missing_candidate,extend_extraction_rules,0
73,inspect_esg_tables,491,85.177083,127,398,271,True,1.0,1.0,0.424444,1.0,0.956597,25,1.528,002692.SZ,远程股份,Q_E_SOLID_WASTE_INTENSITY,一般固体废物排放强度,E,True,0,,,0,missing_candidate,extend_extraction_rules,0
74,inspect_esg_tables,493,85.177083,92,223,131,True,1.0,1.0,0.424444,1.0,0.956597,25,1.528,002709.SZ,天赐材料,Q_E_SOLID_WASTE_INTENSITY,一般固体废物排放强度,E,True,0,,,0,missing_candidate,extend_extraction_rules,0
75,inspect_esg_tables,494,85.177083,21,345,324,True,1.0,1.0,0.424444,1.0,0.956597,25,1.528,002850.SZ,科达利,Q_E_SOLID_WASTE_INTENSITY,一般固体废物排放强度,E,True,0,,,0,missing_candidate,extend_extraction_rules,0
76,inspect_esg_tables,740,81.767361,65,220,155,True,1.0,1.0,0.275556,1.0,0.987847,7,0.992,00002.HK,CLP HOLDINGS,Q_E_SO2_INTENSITY,二氧化硫排放强度,E,True,0,,,0,missing_candidate,extend_extraction_rules,0
77,inspect_esg_tables,741,81.767361,45,360,315,True,1.0,1.0,0.275556,1.0,0.987847,7,0.992,00003.HK,HK & CHINA GAS,Q_E_SO2_INTENSITY,二氧化硫排放强度,E,True,0,,,0,missing_candidate,extend_extraction_rules,0
78,inspect_esg_tables,742,81.767361,51,437,386,True,1.0,1.0,0.275556,1.0,0.987847,7,0.992,00006.HK,POWER ASSETS,Q_E_SO2_INTENSITY,二氧化硫排放强度,E,True,0,,,0,missing_candidate,extend_extraction_rules,0
79,inspect_esg_tables,743,81.767361,107,298,191,True,1.0,1.0,0.275556,1.0,0.987847,7,0.992,000096.SZ,广聚能源,Q_E_SO2_INTENSITY,二氧化硫排放强度,E,True,0,,,0,missing_candidate,extend_extraction_rules,0
80,inspect_esg_tables,746,81.767361,193,492,299,True,1.0,1.0,0.275556,1.0,0.987847,7,0.992,000554.SZ,泰山石油,Q_E_SO2_INTENSITY,二氧化硫排放强度,E,True,0,,,0,missing_candidate,extend_extraction_rules,0
81,inspect_esg_tables,747,81.767361,154,417,263,True,1.0,1.0,0.275556,1.0,0.987847,7,0.992,000682.SZ,东方电子,Q_E_SO2_INTENSITY,二氧化硫排放强度,E,True,0,,,0,missing_candidate,extend_extraction_rules,0
82,inspect_esg_tables,749,81.767361,137,320,183,True,1.0,1.0,0.275556,1.0,0.987847,7,0.992,001208.SZ,华菱线缆,Q_E_SO2_INTENSITY,二氧化硫排放强度,E,True,0,,,0,missing_candidate,extend_extraction_rules,0
83,inspect_esg_tables,750,81.767361,121,267,146,True,1.0,1.0,0.275556,1.0,0.987847,7,0.992,001258.SZ,立新能源,Q_E_SO2_INTENSITY,二氧化硫排放强度,E,True,0,,,0,missing_candidate,extend_extraction_rules,0
84,inspect_esg_tables,751,81.767361,111,249,138,True,1.0,1.0,0.275556,1.0,0.987847,7,0.992,001299.SZ,美能能源,Q_E_SO2_INTENSITY,二氧化硫排放强度,E,True,0,,,0,missing_candidate,extend_extraction_rules,0
85,inspect_esg_tables,752,81.767361,137,286,149,True,1.0,1.0,0.275556,1.0,0.987847,7,0.992,00182.HK,CONCORD NE,Q_E_SO2_INTENSITY,二氧化硫排放强度,E,True,0,,,0,missing_candidate,extend_extraction_rules,0
86,inspect_esg_tables,753,81.767361,22,288,266,True,1.0,1.0,0.275556,1.0,0.987847,7,0.992,002039.SZ,黔源电力,Q_E_SO2_INTENSITY,二氧化硫排放强度,E,True,0,,,0,missing_candidate,extend_extraction_rules,0
87,inspect_esg_tables,754,81.767361,25,373,348,True,1.0,1.0,0.275556,1.0,0.987847,7,0.992,002056.SZ,横店东磁,Q_E_SO2_INTENSITY,二氧化硫排放强度,E,True,0,,,0,missing_candidate,extend_extraction_rules,0
88,inspect_esg_tables,755,81.767361,117,355,238,True,1.0,1.0,0.275556,1.0,0.987847,7,0.992,00206.HK,CM-ENERGY,Q_E_SO2_INTENSITY,二氧化硫排放强度,E,True,0,,,0,missing_candidate,extend_extraction_rules,0
89,inspect_esg_tables,756,81.767361,162,285,123,True,1.0,1.0,0.275556,1.0,0.987847,7,0.992,002074.SZ,国轩高科,Q_E_SO2_INTENSITY,二氧化硫排放强度,E,True,0,,,0,missing_candidate,extend_extraction_rules,0
90,inspect_esg_tables,757,81.767361,120,330,210,True,1.0,1.0,0.275556,1.0,0.987847,7,0.992,002276.SZ,万马股份,Q_E_SO2_INTENSITY,二氧化硫排放强度,E,True,0,,,0,missing_candidate,extend_extraction_rules,0
91,inspect_esg_tables,758,81.767361,176,363,187,True,1.0,1.0,0.275556,1.0,0.987847,7,0.992,00228.HK,CHINA ENERGY,Q_E_SO2_INTENSITY,二氧化硫排放强度,E,True,0,,,0,missing_candidate,extend_extraction_rules,0
92,inspect_esg_tables,759,81.767361,74,285,211,True,1.0,1.0,0.275556,1.0,0.987847,7,0.992,002335.SZ,科华数据,Q_E_SO2_INTENSITY,二氧化硫排放强度,E,True,0,,,0,missing_candidate,extend_extraction_rules,0
93,inspect_esg_tables,761,81.767361,134,260,126,True,1.0,1.0,0.275556,1.0,0.987847,7,0.992,002479.SZ,富春环保,Q_E_SO2_INTENSITY,二氧化硫排放强度,E,True,0,,,0,missing_candidate,extend_extraction_rules,0
94,inspect_esg_tables,762,81.767361,182,283,101,True,1.0,1.0,0.275556,1.0,0.987847,7,0.992,002487.SZ,大金重工,Q_E_SO2_INTENSITY,二氧化硫排放强度,E,True,0,,,0,missing_candidate,extend_extraction_rules,0
95,inspect_esg_tables,763,81.767361,146,380,234,True,1.0,1.0,0.275556,1.0,0.987847,7,0.992,002506.SZ,协鑫集成,Q_E_SO2_INTENSITY,二氧化硫排放强度,E,True,0,,,0,missing_candidate,extend_extraction_rules,0
96,inspect_esg_tables,764,81.767361,178,379,201,True,1.0,1.0,0.275556,1.0,0.987847,7,0.992,002531.SZ,天顺风能,Q_E_SO2_INTENSITY,二氧化硫排放强度,E,True,0,,,0,missing_candidate,extend_extraction_rules,0
97,inspect_esg_tables,765,81.767361,151,440,289,True,1.0,1.0,0.275556,1.0,0.987847,7,0.992,002608.SZ,江苏国信,Q_E_SO2_INTENSITY,二氧化硫排放强度,E,True,0,,,0,missing_candidate,extend_extraction_rules,0
98,inspect_esg_tables,766,81.767361,127,398,271,True,1.0,1.0,0.275556,1.0,0.987847,7,0.992,002692.SZ,远程股份,Q_E_SO2_INTENSITY,二氧化硫排放强度,E,True,0,,,0,missing_candidate,extend_extraction_rules,0
99,inspect_esg_tables,768,81.767361,92,223,131,True,1.0,1.0,0.275556,1.0,0.987847,7,0.992,002709.SZ,天赐材料,Q_E_SO2_INTENSITY,二氧化硫排放强度,E,True,0,,,0,missing_candidate,extend_extraction_rules,0
100,inspect_esg_tables,769,81.767361,21,345,324,True,1.0,1.0,0.275556,1.0,0.987847,7,0.992,002850.SZ,科达利,Q_E_SO2_INTENSITY,二氧化硫排放强度,E,True,0,,,0,missing_candidate,extend_extraction_rules,0
101,inspect_esg_tables,903,81.611111,65,220,155,True,1.0,1.0,0.275556,1.0,0.972222,16,0.992,00002.HK,CLP HOLDINGS,Q_E_NOX_INTENSITY,氮氧化物排放强度,E,True,0,,,0,missing_candidate,extend_extraction_rules,0
102,inspect_esg_tables,904,81.611111,45,360,315,True,1.0,1.0,0.275556,1.0,0.972222,16,0.992,00003.HK,HK & CHINA GAS,Q_E_NOX_INTENSITY,氮氧化物排放强度,E,True,0,,,0,missing_candidate,extend_extraction_rules,0
103,inspect_esg_tables,905,81.611111,51,437,386,True,1.0,1.0,0.275556,1.0,0.972222,16,0.992,00006.HK,POWER ASSETS,Q_E_NOX_INTENSITY,氮氧化物排放强度,E,True,0,,,0,missing_candidate,extend_extraction_rules,0
104,inspect_esg_tables,906,81.611111,107,298,191,True,1.0,1.0,0.275556,1.0,0.972222,16,0.992,000096.SZ,广聚能源,Q_E_NOX_INTENSITY,氮氧化物排放强度,E,True,0,,,0,missing_candidate,extend_extraction_rules,0
105,inspect_esg_tables,909,81.611111,193,492,299,True,1.0,1.0,0.275556,1.0,0.972222,16,0.992,000554.SZ,泰山石油,Q_E_NOX_INTENSITY,氮氧化物排放强度,E,True,0,,,0,missing_candidate,extend_extraction_rules,0
106,inspect_esg_tables,910,81.611111,154,417,263,True,1.0,1.0,0.275556,1.0,0.972222,16,0.992,000682.SZ,东方电子,Q_E_NOX_INTENSITY,氮氧化物排放强度,E,True,0,,,0,missing_candidate,extend_extraction_rules,0
107,inspect_esg_tables,912,81.611111,137,320,183,True,1.0,1.0,0.275556,1.0,0.972222,16,0.992,001208.SZ,华菱线缆,Q_E_NOX_INTENSITY,氮氧化物排放强度,E,True,0,,,0,missing_candidate,extend_extraction_rules,0
108,inspect_esg_tables,913,81.611111,121,267,146,True,1.0,1.0,0.275556,1.0,0.972222,16,0.992,001258.SZ,立新能源,Q_E_NOX_INTENSITY,氮氧化物排放强度,E,True,0,,,0,missing_candidate,extend_extraction_rules,0
109,inspect_esg_tables,914,81.611111,111,249,138,True,1.0,1.0,0.275556,1.0,0.972222,16,0.992,001299.SZ,美能能源,Q_E_NOX_INTENSITY,氮氧化物排放强度,E,True,0,,,0,missing_candidate,extend_extraction_rules,0
110,inspect_esg_tables,915,81.611111,137,286,149,True,1.0,1.0,0.275556,1.0,0.972222,16,0.992,00182.HK,CONCORD NE,Q_E_NOX_INTENSITY,氮氧化物排放强度,E,True,0,,,0,missing_candidate,extend_extraction_rules,0
111,inspect_esg_tables,916,81.611111,22,288,266,True,1.0,1.0,0.275556,1.0,0.972222,16,0.992,002039.SZ,黔源电力,Q_E_NOX_INTENSITY,氮氧化物排放强度,E,True,0,,,0,missing_candidate,extend_extraction_rules,0
112,inspect_esg_tables,917,81.611111,25,373,348,True,1.0,1.0,0.275556,1.0,0.972222,16,0.992,002056.SZ,横店东磁,Q_E_NOX_INTENSITY,氮氧化物排放强度,E,True,0,,,0,missing_candidate,extend_extraction_rules,0
113,inspect_esg_tables,918,81.611111,117,355,238,True,1.0,1.0,0.275556,1.0,0.972222,16,0.992,00206.HK,CM-ENERGY,Q_E_NOX_INTENSITY,氮氧化物排放强度,E,True,0,,,0,missing_candidate,extend_extraction_rules,0
114,inspect_esg_tables,919,81.611111,162,285,123,True,1.0,1.0,0.275556,1.0,0.972222,16,0.992,002074.SZ,国轩高科,Q_E_NOX_INTENSITY,氮氧化物排放强度,E,True,0,,,0,missing_candidate,extend_extraction_rules,0
115,inspect_esg_tables,920,81.611111,120,330,210,True,1.0,1.0,0.275556,1.0,0.972222,16,0.992,002276.SZ,万马股份,Q_E_NOX_INTENSITY,氮氧化物排放强度,E,True,0,,,0,missing_candidate,extend_extraction_rules,0
116,inspect_esg_tables,921,81.611111,176,363,187,True,1.0,1.0,0.275556,1.0,0.972222,16,0.992,00228.HK,CHINA ENERGY,Q_E_NOX_INTENSITY,氮氧化物排放强度,E,True,0,,,0,missing_candidate,extend_extraction_rules,0
117,inspect_esg_tables,922,81.611111,74,285,211,True,1.0,1.0,0.275556,1.0,0.972222,16,0.992,002335.SZ,科华数据,Q_E_NOX_INTENSITY,氮氧化物排放强度,E,True,0,,,0,missing_candidate,extend_extraction_rules,0
118,inspect_esg_tables,924,81.611111,134,260,126,True,1.0,1.0,0.275556,1.0,0.972222,16,0.992,002479.SZ,富春环保,Q_E_NOX_INTENSITY,氮氧化物排放强度,E,True,0,,,0,missing_candidate,extend_extraction_rules,0
119,inspect_esg_tables,925,81.611111,182,283,101,True,1.0,1.0,0.275556,1.0,0.972222,16,0.992,002487.SZ,大金重工,Q_E_NOX_INTENSITY,氮氧化物排放强度,E,True,0,,,0,missing_candidate,extend_extraction_rules,0
120,inspect_esg_tables,926,81.611111,146,380,234,True,1.0,1.0,0.275556,1.0,0.972222,16,0.992,002506.SZ,协鑫集成,Q_E_NOX_INTENSITY,氮氧化物排放强度,E,True,0,,,0,missing_candidate,extend_extraction_rules,0
121,inspect_esg_tables,927,81.611111,178,379,201,True,1.0,1.0,0.275556,1.0,0.972222,16,0.992,002531.SZ,天顺风能,Q_E_NOX_INTENSITY,氮氧化物排放强度,E,True,0,,,0,missing_candidate,extend_extraction_rules,0
122,inspect_esg_tables,928,81.611111,151,440,289,True,1.0,1.0,0.275556,1.0,0.972222,16,0.992,002608.SZ,江苏国信,Q_E_NOX_INTENSITY,氮氧化物排放强度,E,True,0,,,0,missing_candidate,extend_extraction_rules,0
123,inspect_esg_tables,929,81.611111,127,398,271,True,1.0,1.0,0.275556,1.0,0.972222,16,0.992,002692.SZ,远程股份,Q_E_NOX_INTENSITY,氮氧化物排放强度,E,True,0,,,0,missing_candidate,extend_extraction_rules,0
124,inspect_esg_tables,931,81.611111,92,223,131,True,1.0,1.0,0.275556,1.0,0.972222,16,0.992,002709.SZ,天赐材料,Q_E_NOX_INTENSITY,氮氧化物排放强度,E,True,0,,,0,missing_candidate,extend_extraction_rules,0
125,inspect_esg_tables,932,81.611111,21,345,324,True,1.0,1.0,0.275556,1.0,0.972222,16,0.992,002850.SZ,科达利,Q_E_NOX_INTENSITY,氮氧化物排放强度,E,True,0,,,0,missing_candidate,extend_extraction_rules,0
126,inspect_esg_tables,1064,81.506944,65,220,155,True,1.0,1.0,0.275556,1.0,0.961806,22,0.992,00002.HK,CLP HOLDINGS,Q_E_WATER_INTENSITY,水资源使用强度,E,True,0,,,0,missing_candidate,extend_extraction_rules,0
127,inspect_esg_tables,1065,81.506944,45,360,315,True,1.0,1.0,0.275556,1.0,0.961806,22,0.992,00003.HK,HK & CHINA GAS,Q_E_WATER_INTENSITY,水资源使用强度,E,True,0,,,0,missing_candidate,extend_extraction_rules,0
128,inspect_esg_tables,1066,81.506944,51,437,386,True,1.0,1.0,0.275556,1.0,0.961806,22,0.992,00006.HK,POWER ASSETS,Q_E_WATER_INTENSITY,水资源使用强度,E,True,0,,,0,missing_candidate,extend_extraction_rules,0
129,inspect_esg_tables,1067,81.506944,107,298,191,True,1.0,1.0,0.275556,1.0,0.961806,22,0.992,000096.SZ,广聚能源,Q_E_WATER_INTENSITY,水资源使用强度,E,True,0,,,0,missing_candidate,extend_extraction_rules,0
130,inspect_esg_tables,1070,81.506944,193,492,299,True,1.0,1.0,0.275556,1.0,0.961806,22,0.992,000554.SZ,泰山石油,Q_E_WATER_INTENSITY,水资源使用强度,E,True,0,,,0,missing_candidate,extend_extraction_rules,0
131,inspect_esg_tables,1071,81.506944,154,417,263,True,1.0,1.0,0.275556,1.0,0.961806,22,0.992,000682.SZ,东方电子,Q_E_WATER_INTENSITY,水资源使用强度,E,True,0,,,0,missing_candidate,extend_extraction_rules,0
132,inspect_esg_tables,1073,81.506944,137,320,183,True,1.0,1.0,0.275556,1.0,0.961806,22,0.992,001208.SZ,华菱线缆,Q_E_WATER_INTENSITY,水资源使用强度,E,True,0,,,0,missing_candidate,extend_extraction_rules,0
133,inspect_esg_tables,1074,81.506944,121,267,146,True,1.0,1.0,0.275556,1.0,0.961806,22,0.992,001258.SZ,立新能源,Q_E_WATER_INTENSITY,水资源使用强度,E,True,0,,,0,missing_candidate,extend_extraction_rules,0
134,inspect_esg_tables,1075,81.506944,111,249,138,True,1.0,1.0,0.275556,1.0,0.961806,22,0.992,001299.SZ,美能能源,Q_E_WATER_INTENSITY,水资源使用强度,E,True,0,,,0,missing_candidate,extend_extraction_rules,0
135,inspect_esg_tables,1076,81.506944,137,286,149,True,1.0,1.0,0.275556,1.0,0.961806,22,0.992,00182.HK,CONCORD NE,Q_E_WATER_INTENSITY,水资源使用强度,E,True,0,,,0,missing_candidate,extend_extraction_rules,0
136,inspect_esg_tables,1077,81.506944,22,288,266,True,1.0,1.0,0.275556,1.0,0.961806,22,0.992,002039.SZ,黔源电力,Q_E_WATER_INTENSITY,水资源使用强度,E,True,0,,,0,missing_candidate,extend_extraction_rules,0
137,inspect_esg_tables,1078,81.506944,25,373,348,True,1.0,1.0,0.275556,1.0,0.961806,22,0.992,002056.SZ,横店东磁,Q_E_WATER_INTENSITY,水资源使用强度,E,True,0,,,0,missing_candidate,extend_extraction_rules,0
138,inspect_esg_tables,1079,81.506944,117,355,238,True,1.0,1.0,0.275556,1.0,0.961806,22,0.992,00206.HK,CM-ENERGY,Q_E_WATER_INTENSITY,水资源使用强度,E,True,0,,,0,missing_candidate,extend_extraction_rules,0
139,inspect_esg_tables,1080,81.506944,162,285,123,True,1.0,1.0,0.275556,1.0,0.961806,22,0.992,002074.SZ,国轩高科,Q_E_WATER_INTENSITY,水资源使用强度,E,True,0,,,0,missing_candidate,extend_extraction_rules,0
140,inspect_esg_tables,1081,81.506944,120,330,210,True,1.0,1.0,0.275556,1.0,0.961806,22,0.992,002276.SZ,万马股份,Q_E_WATER_INTENSITY,水资源使用强度,E,True,0,,,0,missing_candidate,extend_extraction_rules,0
141,inspect_esg_tables,1082,81.506944,176,363,187,True,1.0,1.0,0.275556,1.0,0.961806,22,0.992,00228.HK,CHINA ENERGY,Q_E_WATER_INTENSITY,水资源使用强度,E,True,0,,,0,missing_candidate,extend_extraction_rules,0
142,inspect_esg_tables,1083,81.506944,74,285,211,True,1.0,1.0,0.275556,1.0,0.961806,22,0.992,002335.SZ,科华数据,Q_E_WATER_INTENSITY,水资源使用强度,E,True,0,,,0,missing_candidate,extend_extraction_rules,0
143,inspect_esg_tables,1085,81.506944,134,260,126,True,1.0,1.0,0.275556,1.0,0.961806,22,0.992,002479.SZ,富春环保,Q_E_WATER_INTENSITY,水资源使用强度,E,True,0,,,0,missing_candidate,extend_extraction_rules,0
144,inspect_esg_tables,1086,81.506944,182,283,101,True,1.0,1.0,0.275556,1.0,0.961806,22,0.992,002487.SZ,大金重工,Q_E_WATER_INTENSITY,水资源使用强度,E,True,0,,,0,missing_candidate,extend_extraction_rules,0
145,inspect_esg_tables,1087,81.506944,146,380,234,True,1.0,1.0,0.275556,1.0,0.961806,22,0.992,002506.SZ,协鑫集成,Q_E_WATER_INTENSITY,水资源使用强度,E,True,0,,,0,missing_candidate,extend_extraction_rules,0
146,inspect_esg_tables,1088,81.506944,178,379,201,True,1.0,1.0,0.275556,1.0,0.961806,22,0.992,002531.SZ,天顺风能,Q_E_WATER_INTENSITY,水资源使用强度,E,True,0,,,0,missing_candidate,extend_extraction_rules,0
147,inspect_esg_tables,1089,81.506944,151,440,289,True,1.0,1.0,0.275556,1.0,0.961806,22,0.992,002608.SZ,江苏国信,Q_E_WATER_INTENSITY,水资源使用强度,E,True,0,,,0,missing_candidate,extend_extraction_rules,0
148,inspect_esg_tables,1090,81.506944,127,398,271,True,1.0,1.0,0.275556,1.0,0.961806,22,0.992,002692.SZ,远程股份,Q_E_WATER_INTENSITY,水资源使用强度,E,True,0,,,0,missing_candidate,extend_extraction_rules,0
149,inspect_esg_tables,1091,81.506944,92,223,131,True,1.0,1.0,0.275556,1.0,0.961806,22,0.992,002709.SZ,天赐材料,Q_E_WATER_INTENSITY,水资源使用强度,E,True,0,,,0,missing_candidate,extend_extraction_rules,0
150,inspect_esg_tables,1092,81.506944,21,345,324,True,1.0,1.0,0.275556,1.0,0.961806,22,0.992,002850.SZ,科达利,Q_E_WATER_INTENSITY,水资源使用强度,E,True,0,,,0,missing_candidate,extend_extraction_rules,0
151,inspect_social_disclosures,1222,81.423611,65,220,155,True,1.0,1.0,0.277778,1.0,0.947917,30,1.0,00002.HK,CLP HOLDINGS,Q_S_SAFETY_INVEST_RATE,安全生产投入占比,S,True,0,,,0,missing_candidate,extend_extraction_rules,0
152,inspect_social_disclosures,1223,81.423611,45,360,315,True,1.0,1.0,0.277778,1.0,0.947917,30,1.0,00003.HK,HK & CHINA GAS,Q_S_SAFETY_INVEST_RATE,安全生产投入占比,S,True,0,,,0,missing_candidate,extend_extraction_rules,0
153,inspect_social_disclosures,1224,81.423611,51,437,386,True,1.0,1.0,0.277778,1.0,0.947917,30,1.0,00006.HK,POWER ASSETS,Q_S_SAFETY_INVEST_RATE,安全生产投入占比,S,True,0,,,0,missing_candidate,extend_extraction_rules,0
154,inspect_social_disclosures,1225,81.423611,107,298,191,True,1.0,1.0,0.277778,1.0,0.947917,30,1.0,000096.SZ,广聚能源,Q_S_SAFETY_INVEST_RATE,安全生产投入占比,S,True,0,,,0,missing_candidate,extend_extraction_rules,0
155,inspect_social_disclosures,1227,81.423611,193,492,299,True,1.0,1.0,0.277778,1.0,0.947917,30,1.0,000554.SZ,泰山石油,Q_S_SAFETY_INVEST_RATE,安全生产投入占比,S,True,0,,,0,missing_candidate,extend_extraction_rules,0
156,inspect_social_disclosures,1228,81.423611,154,417,263,True,1.0,1.0,0.277778,1.0,0.947917,30,1.0,000682.SZ,东方电子,Q_S_SAFETY_INVEST_RATE,安全生产投入占比,S,True,0,,,0,missing_candidate,extend_extraction_rules,0
157,inspect_social_disclosures,1229,81.423611,137,320,183,True,1.0,1.0,0.277778,1.0,0.947917,30,1.0,001208.SZ,华菱线缆,Q_S_SAFETY_INVEST_RATE,安全生产投入占比,S,True,0,,,0,missing_candidate,extend_extraction_rules,0
158,inspect_social_disclosures,1230,81.423611,121,267,146,True,1.0,1.0,0.277778,1.0,0.947917,30,1.0,001258.SZ,立新能源,Q_S_SAFETY_INVEST_RATE,安全生产投入占比,S,True,0,,,0,missing_candidate,extend_extraction_rules,0
159,inspect_social_disclosures,1231,81.423611,111,249,138,True,1.0,1.0,0.277778,1.0,0.947917,30,1.0,001299.SZ,美能能源,Q_S_SAFETY_INVEST_RATE,安全生产投入占比,S,True,0,,,0,missing_candidate,extend_extraction_rules,0
160,inspect_social_disclosures,1232,81.423611,137,286,149,True,1.0,1.0,0.277778,1.0,0.947917,30,1.0,00182.HK,CONCORD NE,Q_S_SAFETY_INVEST_RATE,安全生产投入占比,S,True,0,,,0,missing_candidate,extend_extraction_rules,0
161,inspect_social_disclosures,1233,81.423611,22,288,266,True,1.0,1.0,0.277778,1.0,0.947917,30,1.0,002039.SZ,黔源电力,Q_S_SAFETY_INVEST_RATE,安全生产投入占比,S,True,0,,,0,missing_candidate,extend_extraction_rules,0
162,inspect_social_disclosures,1234,81.423611,25,373,348,True,1.0,1.0,0.277778,1.0,0.947917,30,1.0,002056.SZ,横店东磁,Q_S_SAFETY_INVEST_RATE,安全生产投入占比,S,True,0,,,0,missing_candidate,extend_extraction_rules,0
163,inspect_social_disclosures,1235,81.423611,117,355,238,True,1.0,1.0,0.277778,1.0,0.947917,30,1.0,00206.HK,CM-ENERGY,Q_S_SAFETY_INVEST_RATE,安全生产投入占比,S,True,0,,,0,missing_candidate,extend_extraction_rules,0
164,inspect_social_disclosures,1236,81.423611,162,285,123,True,1.0,1.0,0.277778,1.0,0.947917,30,1.0,002074.SZ,国轩高科,Q_S_SAFETY_INVEST_RATE,安全生产投入占比,S,True,0,,,0,missing_candidate,extend_extraction_rules,0
165,inspect_social_disclosures,1237,81.423611,120,330,210,True,1.0,1.0,0.277778,1.0,0.947917,30,1.0,002276.SZ,万马股份,Q_S_SAFETY_INVEST_RATE,安全生产投入占比,S,True,0,,,0,missing_candidate,extend_extraction_rules,0
166,inspect_social_disclosures,1238,81.423611,176,363,187,True,1.0,1.0,0.277778,1.0,0.947917,30,1.0,00228.HK,CHINA ENERGY,Q_S_SAFETY_INVEST_RATE,安全生产投入占比,S,True,0,,,0,missing_candidate,extend_extraction_rules,0
167,inspect_social_disclosures,1239,81.423611,74,285,211,True,1.0,1.0,0.277778,1.0,0.947917,30,1.0,002335.SZ,科华数据,Q_S_SAFETY_INVEST_RATE,安全生产投入占比,S,True,0,,,0,missing_candidate,extend_extraction_rules,0
168,inspect_social_disclosures,1241,81.423611,134,260,126,True,1.0,1.0,0.277778,1.0,0.947917,30,1.0,002479.SZ,富春环保,Q_S_SAFETY_INVEST_RATE,安全生产投入占比,S,True,0,,,0,missing_candidate,extend_extraction_rules,0
169,inspect_social_disclosures,1242,81.423611,182,283,101,True,1.0,1.0,0.277778,1.0,0.947917,30,1.0,002487.SZ,大金重工,Q_S_SAFETY_INVEST_RATE,安全生产投入占比,S,True,0,,,0,missing_candidate,extend_extraction_rules,0
170,inspect_social_disclosures,1243,81.423611,178,379,201,True,1.0,1.0,0.277778,1.0,0.947917,30,1.0,002531.SZ,天顺风能,Q_S_SAFETY_INVEST_RATE,安全生产投入占比,S,True,0,,,0,missing_candidate,extend_extraction_rules,0
171,inspect_social_disclosures,1244,81.423611,151,440,289,True,1.0,1.0,0.277778,1.0,0.947917,30,1.0,002608.SZ,江苏国信,Q_S_SAFETY_INVEST_RATE,安全生产投入占比,S,True,0,,,0,missing_candidate,extend_extraction_rules,0
172,inspect_social_disclosures,1245,81.423611,127,398,271,True,1.0,1.0,0.277778,1.0,0.947917,30,1.0,002692.SZ,远程股份,Q_S_SAFETY_INVEST_RATE,安全生产投入占比,S,True,0,,,0,missing_candidate,extend_extraction_rules,0
173,inspect_social_disclosures,1247,81.423611,92,223,131,True,1.0,1.0,0.277778,1.0,0.947917,30,1.0,002709.SZ,天赐材料,Q_S_SAFETY_INVEST_RATE,安全生产投入占比,S,True,0,,,0,missing_candidate,extend_extraction_rules,0
174,inspect_social_disclosures,1248,81.423611,21,345,324,True,1.0,1.0,0.277778,1.0,0.947917,30,1.0,002850.SZ,科达利,Q_S_SAFETY_INVEST_RATE,安全生产投入占比,S,True,0,,,0,missing_candidate,extend_extraction_rules,0
175,inspect_social_disclosures,1657,76.753472,65,220,155,True,1.0,1.0,0.333333,1.0,0.342014,379,1.2,00002.HK,CLP HOLDINGS,Q_S_DIVIDEND_PER_SHARE,现金分红,S,True,0,,,0,missing_candidate,extend_extraction_rules,0
176,inspect_social_disclosures,1658,76.753472,45,360,315,True,1.0,1.0,0.333333,1.0,0.342014,379,1.2,00003.HK,HK & CHINA GAS,Q_S_DIVIDEND_PER_SHARE,现金分红,S,True,0,,,0,missing_candidate,extend_extraction_rules,0
177,inspect_social_disclosures,1659,76.753472,51,437,386,True,1.0,1.0,0.333333,1.0,0.342014,379,1.2,00006.HK,POWER ASSETS,Q_S_DIVIDEND_PER_SHARE,现金分红,S,True,0,,,0,missing_candidate,extend_extraction_rules,0
178,inspect_social_disclosures,1660,76.753472,137,286,149,True,1.0,1.0,0.333333,1.0,0.342014,379,1.2,00182.HK,CONCORD NE,Q_S_DIVIDEND_PER_SHARE,现金分红,S,True,0,,,0,missing_candidate,extend_extraction_rules,0
179,inspect_social_disclosures,1661,76.753472,117,355,238,True,1.0,1.0,0.333333,1.0,0.342014,379,1.2,00206.HK,CM-ENERGY,Q_S_DIVIDEND_PER_SHARE,现金分红,S,True,0,,,0,missing_candidate,extend_extraction_rules,0
180,inspect_social_disclosures,1662,76.753472,176,363,187,True,1.0,1.0,0.333333,1.0,0.342014,379,1.2,00228.HK,CHINA ENERGY,Q_S_DIVIDEND_PER_SHARE,现金分红,S,True,0,,,0,missing_candidate,extend_extraction_rules,0
181,inspect_social_disclosures,1664,76.753472,146,380,234,True,1.0,1.0,0.333333,1.0,0.342014,379,1.2,002506.SZ,协鑫集成,Q_S_DIVIDEND_PER_SHARE,现金分红,S,True,0,,,0,missing_candidate,extend_extraction_rules,0
182,inspect_social_disclosures,1665,76.753472,178,379,201,True,1.0,1.0,0.333333,1.0,0.342014,379,1.2,002531.SZ,天顺风能,Q_S_DIVIDEND_PER_SHARE,现金分红,S,True,0,,,0,missing_candidate,extend_extraction_rules,0
183,inspect_social_disclosures,1877,75.052083,65,220,155,True,1.0,1.0,0.333333,1.0,0.171875,477,1.2,00002.HK,CLP HOLDINGS,Q_S_RD_RATE,研发费用占比,S,True,0,,,0,missing_candidate,extend_extraction_rules,0
184,inspect_social_disclosures,1878,75.052083,45,360,315,True,1.0,1.0,0.333333,1.0,0.171875,477,1.2,00003.HK,HK & CHINA GAS,Q_S_RD_RATE,研发费用占比,S,True,0,,,0,missing_candidate,extend_extraction_rules,0
185,inspect_social_disclosures,1879,75.052083,51,437,386,True,1.0,1.0,0.333333,1.0,0.171875,477,1.2,00006.HK,POWER ASSETS,Q_S_RD_RATE,研发费用占比,S,True,0,,,0,missing_candidate,extend_extraction_rules,0
186,inspect_social_disclosures,1880,75.052083,193,492,299,True,1.0,1.0,0.333333,1.0,0.171875,477,1.2,000554.SZ,泰山石油,Q_S_RD_RATE,研发费用占比,S,True,0,,,0,missing_candidate,extend_extraction_rules,0
187,inspect_social_disclosures,1881,75.052083,137,286,149,True,1.0,1.0,0.333333,1.0,0.171875,477,1.2,00182.HK,CONCORD NE,Q_S_RD_RATE,研发费用占比,S,True,0,,,0,missing_candidate,extend_extraction_rules,0
188,inspect_social_disclosures,1882,75.052083,22,288,266,True,1.0,1.0,0.333333,1.0,0.171875,477,1.2,002039.SZ,黔源电力,Q_S_RD_RATE,研发费用占比,S,True,0,,,0,missing_candidate,extend_extraction_rules,0
189,inspect_social_disclosures,1883,75.052083,117,355,238,True,1.0,1.0,0.333333,1.0,0.171875,477,1.2,00206.HK,CM-ENERGY,Q_S_RD_RATE,研发费用占比,S,True,0,,,0,missing_candidate,extend_extraction_rules,0
190,inspect_social_disclosures,1884,75.052083,176,363,187,True,1.0,1.0,0.333333,1.0,0.171875,477,1.2,00228.HK,CHINA ENERGY,Q_S_RD_RATE,研发费用占比,S,True,0,,,0,missing_candidate,extend_extraction_rules,0
191,inspect_social_disclosures,1885,75.052083,146,380,234,True,1.0,1.0,0.333333,1.0,0.171875,477,1.2,002506.SZ,协鑫集成,Q_S_RD_RATE,研发费用占比,S,True,0,,,0,missing_candidate,extend_extraction_rules,0
192,rerun_financial_derivation,2048,73.645833,45,360,315,True,1.0,1.0,0.311111,1.0,0.086806,526,1.12,00003.HK,HK & CHINA GAS,Q_G_DEBT_ASSET_RATE,资产负债率,G,True,0,,,0,missing_candidate,extend_extraction_rules,0
193,rerun_financial_derivation,2049,73.645833,51,437,386,True,1.0,1.0,0.311111,1.0,0.086806,526,1.12,00006.HK,POWER ASSETS,Q_G_DEBT_ASSET_RATE,资产负债率,G,True,0,,,0,missing_candidate,extend_extraction_rules,0
194,inspect_esg_tables,2244,71.944444,107,298,191,True,1.0,1.0,0.5,0.0,0.944444,32,1.8,000096.SZ,广聚能源,Q_E_GHG_REDUCTION_RATE,温室气体减排率,E,False,0,,,0,missing_candidate,extend_extraction_rules,2
195,inspect_esg_tables,2247,71.944444,154,417,263,True,1.0,1.0,0.5,0.0,0.944444,32,1.8,000682.SZ,东方电子,Q_E_GHG_REDUCTION_RATE,温室气体减排率,E,False,0,,,0,missing_candidate,extend_extraction_rules,2
196,inspect_esg_tables,2249,71.944444,137,320,183,True,1.0,1.0,0.5,0.0,0.944444,32,1.8,001208.SZ,华菱线缆,Q_E_GHG_REDUCTION_RATE,温室气体减排率,E,False,0,,,0,missing_candidate,extend_extraction_rules,2
197,inspect_esg_tables,2250,71.944444,121,267,146,True,1.0,1.0,0.5,0.0,0.944444,32,1.8,001258.SZ,立新能源,Q_E_GHG_REDUCTION_RATE,温室气体减排率,E,False,0,,,0,missing_candidate,extend_extraction_rules,2
198,inspect_esg_tables,2251,71.944444,111,249,138,True,1.0,1.0,0.5,0.0,0.944444,32,1.8,001299.SZ,美能能源,Q_E_GHG_REDUCTION_RATE,温室气体减排率,E,False,0,,,0,missing_candidate,extend_extraction_rules,2
199,inspect_esg_tables,2252,71.944444,22,288,266,True,1.0,1.0,0.5,0.0,0.944444,32,1.8,002039.SZ,黔源电力,Q_E_GHG_REDUCTION_RATE,温室气体减排率,E,False,0,,,0,missing_candidate,extend_extraction_rules,2
200,inspect_esg_tables,2253,71.944444,25,373,348,True,1.0,1.0,0.5,0.0,0.944444,32,1.8,002056.SZ,横店东磁,Q_E_GHG_REDUCTION_RATE,温室气体减排率,E,False,0,,,0,missing_candidate,extend_extraction_rules,2
201,inspect_esg_tables,2254,71.944444,162,285,123,True,1.0,1.0,0.5,0.0,0.944444,32,1.8,002074.SZ,国轩高科,Q_E_GHG_REDUCTION_RATE,温室气体减排率,E,False,0,,,0,missing_candidate,extend_extraction_rules,2
202,inspect_esg_tables,2255,71.944444,120,330,210,True,1.0,1.0,0.5,0.0,0.944444,32,1.8,002276.SZ,万马股份,Q_E_GHG_REDUCTION_RATE,温室气体减排率,E,False,0,,,0,missing_candidate,extend_extraction_rules,2
203,inspect_esg_tables,2256,71.944444,176,363,187,True,1.0,1.0,0.5,0.0,0.944444,32,1.8,00228.HK,CHINA ENERGY,Q_E_GHG_REDUCTION_RATE,温室气体减排率,E,False,0,,,0,missing_candidate,extend_extraction_rules,2
204,inspect_esg_tables,2257,71.944444,74,285,211,True,1.0,1.0,0.5,0.0,0.944444,32,1.8,002335.SZ,科华数据,Q_E_GHG_REDUCTION_RATE,温室气体减排率,E,False,0,,,0,missing_candidate,extend_extraction_rules,2
205,inspect_esg_tables,2260,71.944444,134,260,126,True,1.0,1.0,0.5,0.0,0.944444,32,1.8,002479.SZ,富春环保,Q_E_GHG_REDUCTION_RATE,温室气体减排率,E,False,0,,,0,missing_candidate,extend_extraction_rules,2
206,inspect_esg_tables,2261,71.944444,182,283,101,True,1.0,1.0,0.5,0.0,0.944444,32,1.8,002487.SZ,大金重工,Q_E_GHG_REDUCTION_RATE,温室气体减排率,E,False,0,,,0,missing_candidate,extend_extraction_rules,2
207,inspect_esg_tables,2262,71.944444,178,379,201,True,1.0,1.0,0.5,0.0,0.944444,32,1.8,002531.SZ,天顺风能,Q_E_GHG_REDUCTION_RATE,温室气体减排率,E,False,0,,,0,missing_candidate,extend_extraction_rules,2
208,inspect_esg_tables,2263,71.944444,151,440,289,True,1.0,1.0,0.5,0.0,0.944444,32,1.8,002608.SZ,江苏国信,Q_E_GHG_REDUCTION_RATE,温室气体减排率,E,False,0,,,0,missing_candidate,extend_extraction_rules,2
209,inspect_esg_tables,2264,71.944444,127,398,271,True,1.0,1.0,0.5,0.0,0.944444,32,1.8,002692.SZ,远程股份,Q_E_GHG_REDUCTION_RATE,温室气体减排率,E,False,0,,,0,missing_candidate,extend_extraction_rules,2
210,inspect_esg_tables,2265,71.944444,92,223,131,True,1.0,1.0,0.5,0.0,0.944444,32,1.8,002709.SZ,天赐材料,Q_E_GHG_REDUCTION_RATE,温室气体减排率,E,False,0,,,0,missing_candidate,extend_extraction_rules,2
211,inspect_esg_tables,2266,71.944444,21,345,324,True,1.0,1.0,0.5,0.0,0.944444,32,1.8,002850.SZ,科达利,Q_E_GHG_REDUCTION_RATE,温室气体减排率,E,False,0,,,0,missing_candidate,extend_extraction_rules,2
212,inspect_esg_tables,2519,70.420139,65,220,155,True,1.0,1.0,0.424444,0.0,0.980903,11,1.528,00002.HK,CLP HOLDINGS,Q_E_HAZ_WASTE_INTENSITY,危险固体废物排放强度,E,False,0,,,0,missing_candidate,extend_extraction_rules,2
213,inspect_esg_tables,2522,70.420139,107,298,191,True,1.0,1.0,0.424444,0.0,0.980903,11,1.528,000096.SZ,广聚能源,Q_E_HAZ_WASTE_INTENSITY,危险固体废物排放强度,E,False,0,,,0,missing_candidate,extend_extraction_rules,2
214,inspect_esg_tables,2525,70.420139,193,492,299,True,1.0,1.0,0.424444,0.0,0.980903,11,1.528,000554.SZ,泰山石油,Q_E_HAZ_WASTE_INTENSITY,危险固体废物排放强度,E,False,0,,,0,missing_candidate,extend_extraction_rules,2
215,inspect_esg_tables,2526,70.420139,154,417,263,True,1.0,1.0,0.424444,0.0,0.980903,11,1.528,000682.SZ,东方电子,Q_E_HAZ_WASTE_INTENSITY,危险固体废物排放强度,E,False,0,,,0,missing_candidate,extend_extraction_rules,2
216,inspect_esg_tables,2528,70.420139,137,320,183,True,1.0,1.0,0.424444,0.0,0.980903,11,1.528,001208.SZ,华菱线缆,Q_E_HAZ_WASTE_INTENSITY,危险固体废物排放强度,E,False,0,,,0,missing_candidate,extend_extraction_rules,2
217,inspect_esg_tables,2529,70.420139,121,267,146,True,1.0,1.0,0.424444,0.0,0.980903,11,1.528,001258.SZ,立新能源,Q_E_HAZ_WASTE_INTENSITY,危险固体废物排放强度,E,False,0,,,0,missing_candidate,extend_extraction_rules,2
218,inspect_esg_tables,2530,70.420139,111,249,138,True,1.0,1.0,0.424444,0.0,0.980903,11,1.528,001299.SZ,美能能源,Q_E_HAZ_WASTE_INTENSITY,危险固体废物排放强度,E,False,0,,,0,missing_candidate,extend_extraction_rules,2
219,inspect_esg_tables,2531,70.420139,137,286,149,True,1.0,1.0,0.424444,0.0,0.980903,11,1.528,00182.HK,CONCORD NE,Q_E_HAZ_WASTE_INTENSITY,危险固体废物排放强度,E,False,0,,,0,missing_candidate,extend_extraction_rules,2
220,inspect_esg_tables,2532,70.420139,22,288,266,True,1.0,1.0,0.424444,0.0,0.980903,11,1.528,002039.SZ,黔源电力,Q_E_HAZ_WASTE_INTENSITY,危险固体废物排放强度,E,False,0,,,0,missing_candidate,extend_extraction_rules,2
221,inspect_esg_tables,2533,70.420139,25,373,348,True,1.0,1.0,0.424444,0.0,0.980903,11,1.528,002056.SZ,横店东磁,Q_E_HAZ_WASTE_INTENSITY,危险固体废物排放强度,E,False,0,,,0,missing_candidate,extend_extraction_rules,2
222,inspect_esg_tables,2534,70.420139,117,355,238,True,1.0,1.0,0.424444,0.0,0.980903,11,1.528,00206.HK,CM-ENERGY,Q_E_HAZ_WASTE_INTENSITY,危险固体废物排放强度,E,False,0,,,0,missing_candidate,extend_extraction_rules,2
223,inspect_esg_tables,2535,70.420139,162,285,123,True,1.0,1.0,0.424444,0.0,0.980903,11,1.528,002074.SZ,国轩高科,Q_E_HAZ_WASTE_INTENSITY,危险固体废物排放强度,E,False,0,,,0,missing_candidate,extend_extraction_rules,2
224,inspect_esg_tables,2536,70.420139,120,330,210,True,1.0,1.0,0.424444,0.0,0.980903,11,1.528,002276.SZ,万马股份,Q_E_HAZ_WASTE_INTENSITY,危险固体废物排放强度,E,False,0,,,0,missing_candidate,extend_extraction_rules,2
225,inspect_esg_tables,2538,70.420139,74,285,211,True,1.0,1.0,0.424444,0.0,0.980903,11,1.528,002335.SZ,科华数据,Q_E_HAZ_WASTE_INTENSITY,危险固体废物排放强度,E,False,0,,,0,missing_candidate,extend_extraction_rules,2
226,inspect_esg_tables,2540,70.420139,134,260,126,True,1.0,1.0,0.424444,0.0,0.980903,11,1.528,002479.SZ,富春环保,Q_E_HAZ_WASTE_INTENSITY,危险固体废物排放强度,E,False,0,,,0,missing_candidate,extend_extraction_rules,2
227,inspect_esg_tables,2541,70.420139,182,283,101,True,1.0,1.0,0.424444,0.0,0.980903,11,1.528,002487.SZ,大金重工,Q_E_HAZ_WASTE_INTENSITY,危险固体废物排放强度,E,False,0,,,0,missing_candidate,extend_extraction_rules,2
228,inspect_esg_tables,2542,70.420139,146,380,234,True,1.0,1.0,0.424444,0.0,0.980903,11,1.528,002506.SZ,协鑫集成,Q_E_HAZ_WASTE_INTENSITY,危险固体废物排放强度,E,False,0,,,0,missing_candidate,extend_extraction_rules,2
229,inspect_esg_tables,2543,70.420139,178,379,201,True,1.0,1.0,0.424444,0.0,0.980903,11,1.528,002531.SZ,天顺风能,Q_E_HAZ_WASTE_INTENSITY,危险固体废物排放强度,E,False,0,,,0,missing_candidate,extend_extraction_rules,2
230,inspect_esg_tables,2544,70.420139,151,440,289,True,1.0,1.0,0.424444,0.0,0.980903,11,1.528,002608.SZ,江苏国信,Q_E_HAZ_WASTE_INTENSITY,危险固体废物排放强度,E,False,0,,,0,missing_candidate,extend_extraction_rules,2
231,inspect_esg_tables,2545,70.420139,127,398,271,True,1.0,1.0,0.424444,0.0,0.980903,11,1.528,002692.SZ,远程股份,Q_E_HAZ_WASTE_INTENSITY,危险固体废物排放强度,E,False,0,,,0,missing_candidate,extend_extraction_rules,2
232,inspect_esg_tables,2547,70.420139,92,223,131,True,1.0,1.0,0.424444,0.0,0.980903,11,1.528,002709.SZ,天赐材料,Q_E_HAZ_WASTE_INTENSITY,危险固体废物排放强度,E,False,0,,,0,missing_candidate,extend_extraction_rules,2
233,inspect_esg_tables,2548,70.420139,21,345,324,True,1.0,1.0,0.424444,0.0,0.980903,11,1.528,002850.SZ,科达利,Q_E_HAZ_WASTE_INTENSITY,危险固体废物排放强度,E,False,0,,,0,missing_candidate,extend_extraction_rules,2
234,inspect_esg_tables,3023,67.065972,107,298,191,True,1.0,1.0,0.283333,0.0,0.998264,1,1.02,000096.SZ,广聚能源,Q_E_CLEAN_ENERGY_INTENSITY,绿色/可再生/清洁能源生产/使用强度,E,False,0,,,0,missing_candidate,extend_extraction_rules,2
235,inspect_esg_tables,3026,67.065972,193,492,299,True,1.0,1.0,0.283333,0.0,0.998264,1,1.02,000554.SZ,泰山石油,Q_E_CLEAN_ENERGY_INTENSITY,绿色/可再生/清洁能源生产/使用强度,E,False,0,,,0,missing_candidate,extend_extraction_rules,2
236,inspect_esg_tables,3027,67.065972,154,417,263,True,1.0,1.0,0.283333,0.0,0.998264,1,1.02,000682.SZ,东方电子,Q_E_CLEAN_ENERGY_INTENSITY,绿色/可再生/清洁能源生产/使用强度,E,False,0,,,0,missing_candidate,extend_extraction_rules,2
237,inspect_esg_tables,3029,67.065972,137,320,183,True,1.0,1.0,0.283333,0.0,0.998264,1,1.02,001208.SZ,华菱线缆,Q_E_CLEAN_ENERGY_INTENSITY,绿色/可再生/清洁能源生产/使用强度,E,False,0,,,0,missing_candidate,extend_extraction_rules,2
238,inspect_esg_tables,3030,67.065972,121,267,146,True,1.0,1.0,0.283333,0.0,0.998264,1,1.02,001258.SZ,立新能源,Q_E_CLEAN_ENERGY_INTENSITY,绿色/可再生/清洁能源生产/使用强度,E,False,0,,,0,missing_candidate,extend_extraction_rules,2
239,inspect_esg_tables,3031,67.065972,111,249,138,True,1.0,1.0,0.283333,0.0,0.998264,1,1.02,001299.SZ,美能能源,Q_E_CLEAN_ENERGY_INTENSITY,绿色/可再生/清洁能源生产/使用强度,E,False,0,,,0,missing_candidate,extend_extraction_rules,2
240,inspect_esg_tables,3034,67.065972,25,373,348,True,1.0,1.0,0.283333,0.0,0.998264,1,1.02,002056.SZ,横店东磁,Q_E_CLEAN_ENERGY_INTENSITY,绿色/可再生/清洁能源生产/使用强度,E,False,0,,,0,missing_candidate,extend_extraction_rules,2
241,inspect_esg_tables,3036,67.065972,162,285,123,True,1.0,1.0,0.283333,0.0,0.998264,1,1.02,002074.SZ,国轩高科,Q_E_CLEAN_ENERGY_INTENSITY,绿色/可再生/清洁能源生产/使用强度,E,False,0,,,0,missing_candidate,extend_extraction_rules,2
242,inspect_esg_tables,3037,67.065972,120,330,210,True,1.0,1.0,0.283333,0.0,0.998264,1,1.02,002276.SZ,万马股份,Q_E_CLEAN_ENERGY_INTENSITY,绿色/可再生/清洁能源生产/使用强度,E,False,0,,,0,missing_candidate,extend_extraction_rules,2
243,inspect_esg_tables,3039,67.065972,74,285,211,True,1.0,1.0,0.283333,0.0,0.998264,1,1.02,002335.SZ,科华数据,Q_E_CLEAN_ENERGY_INTENSITY,绿色/可再生/清洁能源生产/使用强度,E,False,0,,,0,missing_candidate,extend_extraction_rules,2
244,inspect_esg_tables,3041,67.065972,134,260,126,True,1.0,1.0,0.283333,0.0,0.998264,1,1.02,002479.SZ,富春环保,Q_E_CLEAN_ENERGY_INTENSITY,绿色/可再生/清洁能源生产/使用强度,E,False,0,,,0,missing_candidate,extend_extraction_rules,2
245,inspect_esg_tables,3042,67.065972,182,283,101,True,1.0,1.0,0.283333,0.0,0.998264,1,1.02,002487.SZ,大金重工,Q_E_CLEAN_ENERGY_INTENSITY,绿色/可再生/清洁能源生产/使用强度,E,False,0,,,0,missing_candidate,extend_extraction_rules,2
246,inspect_esg_tables,3043,67.065972,146,380,234,True,1.0,1.0,0.283333,0.0,0.998264,1,1.02,002506.SZ,协鑫集成,Q_E_CLEAN_ENERGY_INTENSITY,绿色/可再生/清洁能源生产/使用强度,E,False,0,,,0,missing_candidate,extend_extraction_rules,2
247,inspect_esg_tables,3045,67.065972,151,440,289,True,1.0,1.0,0.283333,0.0,0.998264,1,1.02,002608.SZ,江苏国信,Q_E_CLEAN_ENERGY_INTENSITY,绿色/可再生/清洁能源生产/使用强度,E,False,0,,,0,missing_candidate,extend_extraction_rules,2
248,inspect_esg_tables,3046,67.065972,127,398,271,True,1.0,1.0,0.283333,0.0,0.998264,1,1.02,002692.SZ,远程股份,Q_E_CLEAN_ENERGY_INTENSITY,绿色/可再生/清洁能源生产/使用强度,E,False,0,,,0,missing_candidate,extend_extraction_rules,2
249,inspect_esg_tables,3048,67.065972,92,223,131,True,1.0,1.0,0.283333,0.0,0.998264,1,1.02,002709.SZ,天赐材料,Q_E_CLEAN_ENERGY_INTENSITY,绿色/可再生/清洁能源生产/使用强度,E,False,0,,,0,missing_candidate,extend_extraction_rules,2
250,inspect_esg_tables,3049,67.065972,21,345,324,True,1.0,1.0,0.283333,0.0,0.998264,1,1.02,002850.SZ,科达利,Q_E_CLEAN_ENERGY_INTENSITY,绿色/可再生/清洁能源生产/使用强度,E,False,0,,,0,missing_candidate,extend_extraction_rules,2
