evaluation_year,report_year,historical_rank,stock_code,company_abbr,company_name,contact_name,company_city,exchange,st_flag,current_snapshot_status,historical_esg_score,source_file,source_value_row,source_score_row
2024,2023,1,300274.SZ,阳光电源,阳光电源股份有限公司,李天平,合肥,SZSE,False,matched,71.98,2024中国能源上市公司可持续发展（ESG）客户名单(1).xlsx,3,4
2024,2023,2,02688.HK,新奥能源,新奥能源控股有限公司,马燕,廊坊,HKEX,False,not_applicable,70.01,2024中国能源上市公司可持续发展（ESG）客户名单(1).xlsx,5,6
2024,2023,3,600900.SH,长江电力,中国长江电力股份有限公司,马燕,武汉,SSE,False,matched,69.36,2024中国能源上市公司可持续发展（ESG）客户名单(1).xlsx,7,8
2024,2023,4,000400.SZ,许继电气,许继电气股份有限公司,马燕,许昌,SZSE,False,matched,68.89,2024中国能源上市公司可持续发展（ESG）客户名单(1).xlsx,9,10
2024,2023,5,600956.SH,新天绿能,新天绿色能源股份有限公司,李天平,石家庄,SSE,False,matched,67.92,2024中国能源上市公司可持续发展（ESG）客户名单(1).xlsx,11,12
2024,2023,6,01600.HK,天伦燃气,天伦燃气控股有限公司,马燕,郑州,HKEX,False,not_applicable,66.78,2024中国能源上市公司可持续发展（ESG）客户名单(1).xlsx,13,14
2024,2023,7,00135.HK,昆仑能源,昆仑能源有限公司,李天平,,HKEX,False,not_applicable,66.37,2024中国能源上市公司可持续发展（ESG）客户名单(1).xlsx,15,16
2024,2023,8,00384.HK,中国燃气,中国燃气控股有限公司,马燕,深圳,HKEX,False,not_applicable,65.97,2024中国能源上市公司可持续发展（ESG）客户名单(1).xlsx,17,18
2024,2023,9,600438.SH,通威股份,通威股份有限公司,李天平,成都,SSE,False,matched,65.13,2024中国能源上市公司可持续发展（ESG）客户名单(1).xlsx,19,20
2024,2023,10,03868.HK,信义能源,信义能源控股有限公司,马燕,芜湖,HKEX,False,not_applicable,64.51,2024中国能源上市公司可持续发展（ESG）客户名单(1).xlsx,21,22
2024,2023,11,00686.HK,北京能源国际,北京能源国际控股有限公司,李天平,,HKEX,False,not_applicable,64.12,2024中国能源上市公司可持续发展（ESG）客户名单(1).xlsx,23,24
2024,2023,12,688599.SH,天合光能,天合光能股份有限公司,马燕,常州,SSE,False,matched,63.29,2024中国能源上市公司可持续发展（ESG）客户名单(1).xlsx,25,26
2024,2023,13,600406.SH,国电南瑞,国电南瑞科技股份有限公司,李天平,南京,SSE,False,matched,62.6,2024中国能源上市公司可持续发展（ESG）客户名单(1).xlsx,27,28
2024,2023,14,01798.HK,大唐新能源,中国大唐集团新能源股份有限公司,马燕,北京,HKEX,False,not_applicable,62.17,2024中国能源上市公司可持续发展（ESG）客户名单(1).xlsx,29,30
2024,2023,15,03633.HK,中裕能源,中裕能源控股有限公司,李天平,,HKEX,False,not_applicable,62.12,2024中国能源上市公司可持续发展（ESG）客户名单(1).xlsx,31,32
2024,2023,16,002459.SZ,晶澳科技,晶澳太阳能科技股份有限公司,李天平,,SZSE,False,matched,61.94,2024中国能源上市公司可持续发展（ESG）客户名单(1).xlsx,33,34
2024,2023,17,600732.SH,爱旭股份,上海爱旭新能源股份有限公司,马燕,义乌,SSE,False,matched,61.67,2024中国能源上市公司可持续发展（ESG）客户名单(1).xlsx,35,36
2024,2023,18,688390.SH,固德威,固德威技术股份有限公司,马燕,苏州,SSE,False,matched,61.62,2024中国能源上市公司可持续发展（ESG）客户名单(1).xlsx,37,38
2024,2023,19,601615.SH,明阳智能,明阳智慧能源集团股份公司,李天平,,SSE,False,matched,61.05,2024中国能源上市公司可持续发展（ESG）客户名单(1).xlsx,39,40
2024,2023,20,688676.SH,金盘科技,海南金盘智能科技股份有限公司,马燕,海口,SSE,False,matched,60.86,2024中国能源上市公司可持续发展（ESG）客户名单(1).xlsx,41,42
2024,2023,21,002129.SZ,TCL中环,TCL中环新能源科技股份有限公司,李天平,天津,SZSE,False,matched,60.4,2024中国能源上市公司可持续发展（ESG）客户名单(1).xlsx,43,44
2024,2023,22,601727.SH,上海电气,上海电气集团股份有限公司,马燕,上海,SSE,False,matched,60.17,2024中国能源上市公司可持续发展（ESG）客户名单(1).xlsx,45,46
2024,2023,23,00852.HK,海峡石油化工,海峡石油化工控股有限公司,李天平,,HKEX,False,not_applicable,59.92,2024中国能源上市公司可持续发展（ESG）客户名单(1).xlsx,47,48
2024,2023,24,06828.HK,北京燃气蓝天,北京燃气蓝天控股有限公司,马燕,北京,HKEX,False,not_applicable,59.9,2024中国能源上市公司可持续发展（ESG）客户名单(1).xlsx,49,50
2024,2023,25,600875.SH,东方电气,东方电气股份有限公司,李天平,,SSE,False,matched,59.84,2024中国能源上市公司可持续发展（ESG）客户名单(1).xlsx,51,52
2024,2023,26,03899.HK,中集安瑞科,中集安瑞科控股有限公司,马燕,深圳,HKEX,False,not_applicable,59.79,2024中国能源上市公司可持续发展（ESG）客户名单(1).xlsx,53,54
2024,2023,27,01083.HK,港华智慧能源,港华智慧能源有限公司,李天平,,HKEX,False,not_applicable,59.78,2024中国能源上市公司可持续发展（ESG）客户名单(1).xlsx,55,56
2024,2023,28,688248.SH,南网科技,南方电网电力科技股份有限公司,李天平,广州,SSE,False,matched,59.64,2024中国能源上市公司可持续发展（ESG）客户名单(1).xlsx,57,58
2024,2023,29,01623.HK,海隆控股,海隆控股有限公司,李天平,,HKEX,False,not_applicable,59.5,2024中国能源上市公司可持续发展（ESG）客户名单(1).xlsx,59,60
2024,2023,30,600938.SH,中国海油,中国海洋石油有限公司,马燕,北京,SSE,False,matched,59.49,2024中国能源上市公司可持续发展（ESG）客户名单(1).xlsx,61,62
2024,2023,31,600803.SH,新奥股份,新奥天然气股份有限公司,李天平,,SSE,False,matched,58.71,2024中国能源上市公司可持续发展（ESG）客户名单(1).xlsx,63,64
2024,2023,32,301327.SZ,华宝新能,深圳市华宝新能源股份有限公司,马燕,深圳,SZSE,False,matched,58.28,2024中国能源上市公司可持续发展（ESG）客户名单(1).xlsx,65,66
2024,2023,33,01621.HK,域高国际控股,域高国际控股有限公司,李天平,,HKEX,False,not_applicable,58.1,2024中国能源上市公司可持续发展（ESG）客户名单(1).xlsx,67,68
2024,2023,34,300569.SZ,天能重工,青岛天能重工股份有限公司,马燕,青岛,SZSE,False,matched,58.01,2024中国能源上市公司可持续发展（ESG）客户名单(1).xlsx,69,70
2024,2023,35,688303.SH,大全能源,新疆大全新能源股份有限公司,李天平,新疆,SSE,False,matched,57.92,2024中国能源上市公司可持续发展（ESG）客户名单(1).xlsx,71,72
2024,2023,36,600821.SH,金开新能,金开新能源股份有限公司,马燕,北京,SSE,False,matched,57.56,2024中国能源上市公司可持续发展（ESG）客户名单(1).xlsx,73,74
2024,2023,37,002851.SZ,麦格米特,深圳麦格米特电气股份有限公司,李天平,,SZSE,False,matched,57.45,2024中国能源上市公司可持续发展（ESG）客户名单(1).xlsx,75,76
2024,2023,38,600968.SH,海油发展,中海油能源发展股份有限公司,马燕,北京,SSE,False,matched,57.37,2024中国能源上市公司可持续发展（ESG）客户名单(1).xlsx,77,78
2024,2023,39,300750.SZ,宁德时代,宁德时代新能源科技股份有限公司,郭海飞,,SZSE,False,matched,57.03,2024中国能源上市公司可持续发展（ESG）客户名单(1).xlsx,79,80
2024,2023,40,000155.SZ,川能动力,四川省新能源动力股份有限公司,马燕,成都,SZSE,False,matched,56.79,2024中国能源上市公司可持续发展（ESG）客户名单(1).xlsx,81,82
2024,2023,41,01407.HK,交运燃气,交运燃气有限公司,李天平,,HKEX,False,not_applicable,56.01,2024中国能源上市公司可持续发展（ESG）客户名单(1).xlsx,83,84
2024,2023,42,002506.SZ,协鑫集成,协鑫集成科技股份有限公司,马燕,,SZSE,False,matched,55.84,2024中国能源上市公司可持续发展（ESG）客户名单(1).xlsx,85,86
2024,2023,43,688063.SH,派能科技,上海派能能源科技股份有限公司,李天平,,SSE,False,matched,55.65,2024中国能源上市公司可持续发展（ESG）客户名单(1).xlsx,87,88
2024,2023,44,601012.SH,隆基绿能,隆基绿能科技股份有限公司,马燕,西安,SSE,False,matched,55.63,2024中国能源上市公司可持续发展（ESG）客户名单(1).xlsx,89,90
2024,2023,45,002202.SZ,金风科技,金风科技股份有限公司,马燕,北京,SZSE,False,matched,55.25,2024中国能源上市公司可持续发展（ESG）客户名单(1).xlsx,91,92
2024,2023,46,01733.HK,易大宗,易大宗控股有限公司,马燕,北京,HKEX,False,not_applicable,54.95,2024中国能源上市公司可持续发展（ESG）客户名单(1).xlsx,93,94
2024,2023,47,00003.HK,香港中华煤气,香港中华煤气有限公司,李天平,香港,HKEX,False,not_applicable,54.78,2024中国能源上市公司可持续发展（ESG）客户名单(1).xlsx,95,96
2024,2023,48,003816.SZ,中国广核,中国广核电力股份有限公司,李天平,深圳,SZSE,False,matched,54.62,2024中国能源上市公司可持续发展（ESG）客户名单(1).xlsx,97,98
2024,2023,49,601126.SH,四方股份,北京四方继保自动化股份有限公司,李天平,北京,SSE,False,matched,53.92,2024中国能源上市公司可持续发展（ESG）客户名单(1).xlsx,99,100
2024,2023,50,00579.HK,京能清洁能源,北京京能清洁能源电力股份有限公司,马燕,北京,HKEX,False,not_applicable,53.61,2024中国能源上市公司可持续发展（ESG）客户名单(1).xlsx,101,102
2024,2023,51,000862.SZ,银星能源,宁夏银星能源股份有限公司,李天平,银川,SZSE,False,matched,53.42,2024中国能源上市公司可持续发展（ESG）客户名单(1).xlsx,103,104
2024,2023,52,300014.SZ,亿纬锂能,惠州亿纬锂能股份有限公司,马燕,惠州,SZSE,False,matched,53.32,2024中国能源上市公司可持续发展（ESG）客户名单(1).xlsx,105,106
2024,2023,53,600188.SH,兖矿能源,兖矿能源集团股份有限公司,李天平,,SSE,False,matched,53.23,2024中国能源上市公司可持续发展（ESG）客户名单(1).xlsx,107,108
2024,2023,54,601877.SH,正泰电器,浙江正泰电器股份有限公司,郭海飞,温州,SSE,False,matched,53.22,2024中国能源上市公司可持续发展（ESG）客户名单(1).xlsx,109,110
2024,2023,55,003035.SZ,南网能源,南方电网综合能源股份有限公司,李天平,广州,SZSE,False,matched,53.21,2024中国能源上市公司可持续发展（ESG）客户名单(1).xlsx,111,112
2024,2023,56,600312.SH,平高电气,河南平高电气股份有限公司,马燕,平顶山,SSE,False,matched,53.17,2024中国能源上市公司可持续发展（ESG）客户名单(1).xlsx,113,114
2024,2023,57,02236.HK,惠生工程,惠生工程技术服务有限公司,郭海飞,,HKEX,False,not_applicable,52.81,2024中国能源上市公司可持续发展（ESG）客户名单(1).xlsx,115,116
2024,2023,58,601857.SH,中国石油,中国石油天然气股份有限公司,李天平,北京,SSE,False,matched,52.26,2024中国能源上市公司可持续发展（ESG）客户名单(1).xlsx,117,118
2024,2023,59,688660.SH,电气风电,上海电气风电集团股份有限公司,李天平,上海,SSE,False,matched,52.24,2024中国能源上市公司可持续发展（ESG）客户名单(1).xlsx,119,120
2024,2023,60,000682.SZ,东方电子,东方电子股份有限公司,马燕,烟台,SZSE,False,matched,51.99,2024中国能源上市公司可持续发展（ESG）客户名单(1).xlsx,121,122
2024,2023,61,002249.SZ,大洋电机,中山大洋电机股份有限公司,李天平,中山,SZSE,False,matched,51.88,2024中国能源上市公司可持续发展（ESG）客户名单(1).xlsx,123,124
2024,2023,62,001289.SZ,龙源电力,龙源电力集团股份有限公司,马燕,北京,SZSE,False,matched,51.82,2024中国能源上市公司可持续发展（ESG）客户名单(1).xlsx,125,126
2024,2023,63,00392.HK,北京控股,北京控股有限公司,李天平,北京,HKEX,False,not_applicable,51.51,2024中国能源上市公司可持续发展（ESG）客户名单(1).xlsx,127,128
2024,2023,64,601088.SH,中国神华,中国神华能源股份有限公司,马燕,北京,SSE,False,matched,51.27,2024中国能源上市公司可持续发展（ESG）客户名单(1).xlsx,129,130
2024,2023,65,601898.SH,中煤能源,中国中煤能源股份有限公司,李天平,北京,SSE,False,matched,51.01,2024中国能源上市公司可持续发展（ESG）客户名单(1).xlsx,131,132
2024,2023,66,300118.SZ,东方日升,东方日升新能源股份有限公司,马燕,宁波,SZSE,False,matched,50.99,2024中国能源上市公司可持续发展（ESG）客户名单(1).xlsx,133,134
2024,2023,67,300693.SZ,盛弘股份,深圳市盛弘电气股份有限公司,李天平,深圳,SZSE,False,matched,50.78,2024中国能源上市公司可持续发展（ESG）客户名单(1).xlsx,135,136
2024,2023,68,600973.SH,宝胜股份,宝胜科技创新股份有限公司,马燕,扬州,SSE,False,matched,50.7,2024中国能源上市公司可持续发展（ESG）客户名单(1).xlsx,137,138
2024,2023,69,00639.HK,首钢资源,首钢福山资源集团有限公司,李天平,北京,HKEX,False,not_applicable,50.66,2024中国能源上市公司可持续发展（ESG）客户名单(1).xlsx,139,140
2024,2023,70,03668.HK,兖煤澳大利亚,兖煤澳大利亚有限公司,李天平,,HKEX,False,not_applicable,50.43,2024中国能源上市公司可持续发展（ESG）客户名单(1).xlsx,141,142
2024,2023,71,600885.SH,宏发股份,宏发科技股份有限公司,李天平,,SSE,False,matched,49.69,2024中国能源上市公司可持续发展（ESG）客户名单(1).xlsx,143,144
2024,2023,72,01250.HK,山高新能源,山高新能源集团有限公司,马燕,北京,HKEX,False,not_applicable,48.98,2024中国能源上市公司可持续发展（ESG）客户名单(1).xlsx,145,146
2024,2023,73,600028.SH,中国石化,中国石油化工股份有限公司,马燕,北京,SSE,False,matched,48.95,2024中国能源上市公司可持续发展（ESG）客户名单(1).xlsx,147,148
2024,2023,74,300882.SZ,万胜智能,浙江万胜智能科技股份有限公司,马燕,台州,SZSE,False,matched,48.79,2024中国能源上市公司可持续发展（ESG）客户名单(1).xlsx,149,150
2024,2023,75,600098.SH,广州发展,广州发展集团股份有限公司,马燕,广州,SSE,False,matched,48.61,2024中国能源上市公司可持续发展（ESG）客户名单(1).xlsx,151,152
2024,2023,76,601985.SH,中国核电,中国核能电力股份有限公司,马燕,北京,SSE,False,matched,48.41,2024中国能源上市公司可持续发展（ESG）客户名单(1).xlsx,153,154
2024,2023,77,000883.SZ,湖北能源,湖北能源集团股份有限公司,李天平,武汉,SZSE,False,matched,48.36,2024中国能源上市公司可持续发展（ESG）客户名单(1).xlsx,155,156
2024,2023,78,600871.SH,中石化油服,中石化石油工程技术服务股份有限公司,马燕,北京,SSE,False,matched,48.06,2024中国能源上市公司可持续发展（ESG）客户名单(1).xlsx,157,158
2024,2023,79,300105.SZ,龙源技术,烟台龙源电力技术股份有限公司,李天平,烟台,SZSE,False,matched,47.71,2024中国能源上市公司可持续发展（ESG）客户名单(1).xlsx,159,160
2024,2023,80,688032.SH,禾迈股份,杭州禾迈电力电子股份有限公司,马燕,杭州,SSE,False,matched,47.61,2024中国能源上市公司可持续发展（ESG）客户名单(1).xlsx,161,162
2024,2023,81,600635.SH,大众公用,上海大众公用事业(集团)股份有限公司,李天平,上海,SSE,False,matched,47.42,2024中国能源上市公司可持续发展（ESG）客户名单(1).xlsx,163,164
2024,2023,82,600032.SH,浙江新能,浙江省新能源投资集团股份有限公司,马燕,杭州,SSE,False,matched,47.33,2024中国能源上市公司可持续发展（ESG）客户名单(1).xlsx,165,166
2024,2023,83,00206.HK,华商能源,华商能源科技股份有限公司,李天平,,HKEX,False,not_applicable,47.26,2024中国能源上市公司可持续发展（ESG）客户名单(1).xlsx,167,168
2024,2023,84,00467.HK,联合能源集团,联合能源集团有限公司,马燕,,HKEX,False,not_applicable,47.18,2024中国能源上市公司可持续发展（ESG）客户名单(1).xlsx,169,170
2024,2023,85,603659.SH,璞泰来,上海璞泰来新能源科技股份有限公司,李天平,上海,SSE,False,matched,47.1,2024中国能源上市公司可持续发展（ESG）客户名单(1).xlsx,171,172
2024,2023,86,002493.SZ,荣盛石化,荣盛石化股份有限公司,马燕,杭州,SZSE,False,matched,47.05,2024中国能源上市公司可持续发展（ESG）客户名单(1).xlsx,173,174
2024,2023,87,600236.SH,桂冠电力,广西桂冠电力股份有限公司,李天平,南宁,SSE,False,matched,47,2024中国能源上市公司可持续发展（ESG）客户名单(1).xlsx,175,176
2024,2023,88,300316.SZ,晶盛机电,浙江晶盛机电股份有限公司,马燕,杭州,SZSE,False,matched,46.87,2024中国能源上市公司可持续发展（ESG）客户名单(1).xlsx,177,178
2024,2023,89,600475.SH,华光环能,无锡华光环保能源集团股份有限公司,李天平,无锡,SSE,False,matched,46.78,2024中国能源上市公司可持续发展（ESG）客户名单(1).xlsx,179,180
2024,2023,90,600886.SH,国投电力,国投电力控股股份有限公司,马燕,北京,SSE,False,matched,46.76,2024中国能源上市公司可持续发展（ESG）客户名单(1).xlsx,181,182
2024,2023,91,000922.SZ,佳电股份,哈尔滨电气集团佳木斯电机股份有限公司,李天平,哈尔滨,SZSE,False,matched,46.75,2024中国能源上市公司可持续发展（ESG）客户名单(1).xlsx,183,184
2024,2023,92,02380.HK,中国电力,中国电力国际发展有限公司,马燕,北京,HKEX,False,not_applicable,46.61,2024中国能源上市公司可持续发展（ESG）客户名单(1).xlsx,185,186
2024,2023,93,600905.SH,三峡能源,中国三峡新能源(集团)股份有限公司,李天平,武汉,SSE,False,matched,46.24,2024中国能源上市公司可持续发展（ESG）客户名单(1).xlsx,187,188
2024,2023,94,002479.SZ,富春环保,浙江富春江环保热电股份有限公司,马燕,杭州,SZSE,False,matched,46.12,2024中国能源上市公司可持续发展（ESG）客户名单(1).xlsx,189,190
2024,2023,95,01921.HK,达力普控股,达力普控股有限公司,李天平,沧州,HKEX,False,not_applicable,45.7,2024中国能源上市公司可持续发展（ESG）客户名单(1).xlsx,191,192
2024,2023,96,002267.SZ,陕天然气,陕西省天然气股份有限公司,马燕,西安,SZSE,False,matched,45.6,2024中国能源上市公司可持续发展（ESG）客户名单(1).xlsx,193,194
2024,2023,97,600151.SH,航天机电,上海航天汽车机电股份有限公司,李天平,上海,SSE,False,matched,45.36,2024中国能源上市公司可持续发展（ESG）客户名单(1).xlsx,195,196
2024,2023,98,601179.SH,中国西电,中国西电电气股份有限公司,马燕,西安,SSE,False,matched,45.28,2024中国能源上市公司可持续发展（ESG）客户名单(1).xlsx,197,198
2024,2023,99,600021.SH,上海电力,上海电力股份有限公司,李天平,上海,SSE,False,matched,45.27,2024中国能源上市公司可持续发展（ESG）客户名单(1).xlsx,199,200
2024,2023,100,00934.HK,中石化冠德,中石化冠德控股有限公司,马燕,北京,HKEX,False,not_applicable,45.23,2024中国能源上市公司可持续发展（ESG）客户名单(1).xlsx,201,202
2024,2023,101,00554.HK,汉思能源,汉思能源有限公司,李天平,,HKEX,False,not_applicable,45.22,2024中国能源上市公司可持续发展（ESG）客户名单(1).xlsx,203,204
2024,2023,102,01193.HK,华润燃气(一百),华润燃气控股有限公司,李天平,,HKEX,False,not_applicable,45.2,2024中国能源上市公司可持续发展（ESG）客户名单(1).xlsx,205,206
2024,2023,103,688223.SH,晶科能源,晶科能源股份有限公司,李天平,,SSE,False,matched,45.19,2024中国能源上市公司可持续发展（ESG）客户名单(1).xlsx,207,208
2024,2023,104,688472.SH,阿特斯,阿特斯阳光电力集团股份有限公司,郭海飞,,SSE,False,matched,45.18,2024中国能源上市公司可持续发展（ESG）客户名单(1).xlsx,209,210
2024,2023,105,603185.SH,弘元绿能,弘元绿色能源股份有限公司,李天平,,SSE,False,matched,45.12,2024中国能源上市公司可持续发展（ESG）客户名单(1).xlsx,211,212
2024,2023,106,603806.SH,福斯特,杭州福斯特应用材料股份有限公司,马燕,,SSE,False,matched,45.02,2024中国能源上市公司可持续发展（ESG）客户名单(1).xlsx,213,214
2024,2023,107,002709.SZ,天赐材料,广州天赐高新材料股份有限公司,李天平,,SZSE,False,matched,45,2024中国能源上市公司可持续发展（ESG）客户名单(1).xlsx,215,216
2024,2023,108,600379.SH,宝光股份,陕西宝光真空电器股份有限公司,马燕,,SSE,False,matched,44.69,2024中国能源上市公司可持续发展（ESG）客户名单(1).xlsx,217,218
2024,2023,109,600995.SH,南网储能,南方电网储能股份有限公司,马燕,,SSE,False,matched,44.65,2024中国能源上市公司可持续发展（ESG）客户名单(1).xlsx,219,220
2024,2023,110,00182.HK,协合新能源,协合新能源集团有限公司,马燕,,HKEX,False,not_applicable,44.57,2024中国能源上市公司可持续发展（ESG）客户名单(1).xlsx,221,222
2024,2023,111,600310.SH,广西能源,广西能源股份有限公司,李天平,,SSE,False,matched,44.56,2024中国能源上市公司可持续发展（ESG）客户名单(1).xlsx,223,224
2024,2023,112,00332.HK,元亨燃气,元亨燃气控股有限公司,马燕,,HKEX,False,not_applicable,44.46,2024中国能源上市公司可持续发展（ESG）客户名单(1).xlsx,225,226
2024,2023,113,601225.SH,陕西煤业,陕西煤业股份有限公司,郭海飞,,SSE,False,matched,44.39,2024中国能源上市公司可持续发展（ESG）客户名单(1).xlsx,227,228
2024,2023,114,00632.HK,中港石油,中港石油有限公司,马燕,,HKEX,False,not_applicable,44.14,2024中国能源上市公司可持续发展（ESG）客户名单(1).xlsx,229,230
2024,2023,115,00061.HK,绿领控股,绿领控股集团有限公司,李天平,,HKEX,False,not_applicable,44.04,2024中国能源上市公司可持续发展（ESG）客户名单(1).xlsx,231,232
2024,2023,116,600525.SH,长园集团,长园科技集团股份有限公司,马燕,,SSE,False,matched,43.98,2024中国能源上市公司可持续发展（ESG）客户名单(1).xlsx,233,234
2024,2023,117,02386.HK,中石化炼化工程,中石化炼化工程(集团)股份有限公司,马燕,,HKEX,False,not_applicable,43.96,2024中国能源上市公司可持续发展（ESG）客户名单(1).xlsx,235,236
2024,2023,118,002911.SZ,佛燃能源,佛燃能源集团股份有限公司,马燕,,SZSE,False,matched,43.89,2024中国能源上市公司可持续发展（ESG）客户名单(1).xlsx,237,238
2024,2023,119,00836.HK,华润电力,华润电力控股有限公司,李天平,,HKEX,False,not_applicable,43.87,2024中国能源上市公司可持续发展（ESG）客户名单(1).xlsx,239,240
2024,2023,120,002608.SZ,江苏国信,江苏国信股份有限公司,马燕,,SZSE,False,matched,43.84,2024中国能源上市公司可持续发展（ESG）客户名单(1).xlsx,241,242
2024,2023,121,08347.HK,F8企业,F8企业(控股)集团有限公司,李天平,,HKEX,False,not_applicable,43.83,2024中国能源上市公司可持续发展（ESG）客户名单(1).xlsx,243,244
2024,2023,122,002074.SZ,国轩高科,国轩高科股份有限公司,马燕,,SZSE,False,matched,43.54,2024中国能源上市公司可持续发展（ESG）客户名单(1).xlsx,245,246
2024,2023,123,00228.HK,中能控股,中国能源开发控股有限公司,李天平,,HKEX,False,not_applicable,43.53,2024中国能源上市公司可持续发展（ESG）客户名单(1).xlsx,247,248
2024,2023,124,03337.HK,安东油田服务,安东油田服务集团,马燕,,HKEX,False,not_applicable,43.37,2024中国能源上市公司可持续发展（ESG）客户名单(1).xlsx,249,250
2024,2023,125,01713.HK,四川能投发展,四川能投发展股份有限公司,李天平,,HKEX,False,not_applicable,43.33,2024中国能源上市公司可持续发展（ESG）客户名单(1).xlsx,251,252
2024,2023,126,002531.SZ,天顺风能,天顺风能(苏州)股份有限公司,马燕,,SZSE,False,matched,43.09,2024中国能源上市公司可持续发展（ESG）客户名单(1).xlsx,253,254
2024,2023,127,600089.SH,特变电工,特变电工股份有限公司,李天平,,SSE,False,matched,43.07,2024中国能源上市公司可持续发展（ESG）客户名单(1).xlsx,255,256
2024,2023,128,000723.SZ,美锦能源,山西美锦能源股份有限公司,马燕,,SZSE,False,matched,43.02,2024中国能源上市公司可持续发展（ESG）客户名单(1).xlsx,257,258
2024,2023,129,08631.HK,申港控股,申港控股有限公司,李天平,,HKEX,False,not_applicable,42.92,2024中国能源上市公司可持续发展（ESG）客户名单(1).xlsx,259,260
2024,2023,130,688006.SH,杭可科技,浙江杭可科技股份有限公司,马燕,,SSE,False,matched,42.55,2024中国能源上市公司可持续发展（ESG）客户名单(1).xlsx,261,262
2024,2023,131,000875.SZ,吉电股份,吉林电力股份有限公司,李天平,,SZSE,False,matched,42.53,2024中国能源上市公司可持续发展（ESG）客户名单(1).xlsx,263,264
2024,2023,132,300626.SZ,华瑞股份,华瑞电器股份有限公司,马燕,,SZSE,False,matched,42.49,2024中国能源上市公司可持续发展（ESG）客户名单(1).xlsx,265,266
2024,2023,133,688778.SH,厦钨新能,厦门厦钨新能源材料股份有限公司,李天平,,SSE,False,matched,42.35,2024中国能源上市公司可持续发展（ESG）客户名单(1).xlsx,267,268
2024,2023,134,00353.HK,能源国际投资,能源国际投资控股有限公司,马燕,,HKEX,False,not_applicable,42.34,2024中国能源上市公司可持续发展（ESG）客户名单(1).xlsx,269,270
2024,2023,135,600537.SH,亿晶光电,亿晶光电科技股份有限公司,李天平,,SSE,False,matched,42.24,2024中国能源上市公司可持续发展（ESG）客户名单(1).xlsx,271,272
2024,2023,136,01205.HK,中信资源,中信资源控股有限公司,马燕,,HKEX,False,not_applicable,42.18,2024中国能源上市公司可持续发展（ESG）客户名单(1).xlsx,273,274
2024,2023,137,300185.SZ,通裕重工,通裕重工股份有限公司,李天平,,SZSE,False,matched,42.17,2024中国能源上市公司可持续发展（ESG）客户名单(1).xlsx,275,276
2024,2023,138,00346.HK,延长石油国际,延长石油国际有限公司,马燕,,HKEX,False,not_applicable,42.05,2024中国能源上市公司可持续发展（ESG）客户名单(1).xlsx,277,278
2024,2023,139,00295.HK,江山控股,江山控股有限公司,李天平,,HKEX,False,not_applicable,41.95,2024中国能源上市公司可持续发展（ESG）客户名单(1).xlsx,279,280
2024,2023,140,600011.SH,华能国际,华能国际电力股份有限公司,郭海飞,,SSE,False,matched,41.89,2024中国能源上市公司可持续发展（ESG）客户名单(1).xlsx,281,282
2024,2023,141,00607.HK,丰盛控股,丰盛控股有限公司,李天平,,HKEX,False,not_applicable,41.87,2024中国能源上市公司可持续发展（ESG）客户名单(1).xlsx,283,284
2024,2023,142,01381.HK,粤丰环保,粤丰环保电力有限公司,马燕,,HKEX,False,not_applicable,41.75,2024中国能源上市公司可持续发展（ESG）客户名单(1).xlsx,285,286
2024,2023,143,688707.SH,振华新材,贵州振华新材料股份有限公司,李天平,,SSE,False,matched,41.62,2024中国能源上市公司可持续发展（ESG）客户名单(1).xlsx,287,288
2024,2023,144,09689.HK,金泰丰国际控股,金泰丰国际控股有限公司,马燕,,HKEX,False,not_applicable,41.61,2024中国能源上市公司可持续发展（ESG）客户名单(1).xlsx,289,290
2024,2023,145,688567.SH,孚能科技,孚能科技(赣州)股份有限公司,李天平,,SSE,False,matched,41.44,2024中国能源上市公司可持续发展（ESG）客户名单(1).xlsx,291,292
2024,2023,146,688772.SH,珠海冠宇,珠海冠宇电池股份有限公司,马燕,,SSE,False,matched,41.42,2024中国能源上市公司可持续发展（ESG）客户名单(1).xlsx,293,294
2024,2023,147,01277.HK,力量发展,力量发展集团有限公司,李天平,,HKEX,False,not_applicable,41.35,2024中国能源上市公司可持续发展（ESG）客户名单(1).xlsx,295,296
2024,2023,148,605011.SH,杭州热电,杭州热电集团股份有限公司,马燕,,SSE,False,matched,41.25,2024中国能源上市公司可持续发展（ESG）客户名单(1).xlsx,297,298
2024,2023,149,600483.SH,福能股份,福建福能股份有限公司,李天平,,SSE,False,matched,41.22,2024中国能源上市公司可持续发展（ESG）客户名单(1).xlsx,299,300
2024,2023,150,00002.HK,中电控股,中电控股有限公司,马燕,,HKEX,False,not_applicable,41.17,2024中国能源上市公司可持续发展（ESG）客户名单(1).xlsx,301,302
2024,2023,151,600167.SH,联美控股,联美量子股份有限公司,李天平,,SSE,False,matched,41.06,2024中国能源上市公司可持续发展（ESG）客户名单(1).xlsx,303,304
2024,2023,152,00650.HK,普达特科技,普达特科技有限公司,马燕,,HKEX,False,not_applicable,40.95,2024中国能源上市公司可持续发展（ESG）客户名单(1).xlsx,305,306
2024,2023,153,603606.SH,东方电缆,宁波东方电缆股份有限公司,李天平,,SSE,False,matched,40.91,2024中国能源上市公司可持续发展（ESG）客户名单(1).xlsx,307,308
2024,2023,153,601808.SH,中海油服,中海油田服务股份有限公司,马燕,北京,SSE,False,matched,40.91,2024中国能源上市公司可持续发展（ESG）客户名单(1).xlsx,309,310
2024,2023,154,00196.HK,宏华集团,宏华集团有限公司,马燕,,HKEX,False,not_applicable,40.57,2024中国能源上市公司可持续发展（ESG）客户名单(1).xlsx,311,312
2024,2023,155,001258.SZ,立新能源,新疆立新能源股份有限公司,李天平,,SZSE,False,matched,40.31,2024中国能源上市公司可持续发展（ESG）客户名单(1).xlsx,313,314
2024,2023,156,01251.HK,华油能源,华油能源集团有限公司,马燕,,HKEX,False,not_applicable,40.3,2024中国能源上市公司可持续发展（ESG）客户名单(1).xlsx,315,316
2024,2023,157,01303.HK,汇力资源,汇力资源(集团)有限公司,李天平,,HKEX,False,not_applicable,40.24,2024中国能源上市公司可持续发展（ESG）客户名单(1).xlsx,317,318
2024,2023,158,601991.SH,大唐发电,大唐国际发电股份有限公司,郭海飞,,SSE,False,matched,40.11,2024中国能源上市公司可持续发展（ESG）客户名单(1).xlsx,319,320
2024,2023,159,601139.SH,深圳燃气,深圳市燃气集团股份有限公司,李天平,,SSE,False,matched,40.04,2024中国能源上市公司可持续发展（ESG）客户名单(1).xlsx,321,322
2024,2023,160,01393.HK,恒鼎实业,恒鼎实业国际发展有限公司,马燕,,HKEX,False,not_applicable,39.71,2024中国能源上市公司可持续发展（ESG）客户名单(1).xlsx,323,324
2024,2023,161,001208.SZ,华菱线缆,湖南华菱线缆股份有限公司,李天平,,SZSE,False,matched,39.63,2024中国能源上市公司可持续发展（ESG）客户名单(1).xlsx,325,326
2024,2023,162,03800.HK,协鑫科技,协鑫科技控股有限公司,马燕,,HKEX,False,not_applicable,39.46,2024中国能源上市公司可持续发展（ESG）客户名单(1).xlsx,327,328
2024,2023,163,002340.SZ,格林美,格林美股份有限公司,李天平,,SZSE,False,matched,39.44,2024中国能源上市公司可持续发展（ESG）客户名单(1).xlsx,329,330
2024,2023,164,600688.SH,上海石化,中国石化上海石油化工股份有限公司,马燕,,SSE,False,matched,39.34,2024中国能源上市公司可持续发展（ESG）客户名单(1).xlsx,331,332
2024,2023,165,300450.SZ,先导智能,无锡先导智能装备股份有限公司,李天平,,SZSE,False,matched,39.22,2024中国能源上市公司可持续发展（ESG）客户名单(1).xlsx,333,334
2024,2023,166,000027.SZ,深圳能源,深圳能源集团股份有限公司,马燕,,SZSE,False,matched,39.08,2024中国能源上市公司可持续发展（ESG）客户名单(1).xlsx,335,336
2024,2023,167,000040.SZ,东旭蓝天,东旭蓝天新能源股份有限公司,李天平,,SZSE,False,unmatched,38.92,2024中国能源上市公司可持续发展（ESG）客户名单(1).xlsx,337,338
2024,2023,168,688349.SH,三一重能,三一重能股份有限公司,马燕,,SSE,False,matched,38.82,2024中国能源上市公司可持续发展（ESG）客户名单(1).xlsx,339,340
2024,2023,169,002706.SZ,良信股份,上海良信电器股份有限公司,李天平,,SZSE,False,matched,38.81,2024中国能源上市公司可持续发展（ESG）客户名单(1).xlsx,341,342
2024,2023,170,600339.SH,中油工程,中国石油集团工程股份有限公司,李天平,,SSE,False,matched,38.77,2024中国能源上市公司可持续发展（ESG）客户名单(1).xlsx,343,344
2024,2023,170,600795.SH,国电电力,国电电力发展股份有限公司,李天平,,SSE,False,matched,38.77,2024中国能源上市公司可持续发展（ESG）客户名单(1).xlsx,345,346
2024,2023,171,600505.SH,西昌电力,四川西昌电力股份有限公司,李天平,,SSE,False,matched,38.73,2024中国能源上市公司可持续发展（ESG）客户名单(1).xlsx,347,348
2024,2023,172,300919.SZ,中伟股份,中伟新材料股份有限公司,马燕,,SZSE,False,matched,38.7,2024中国能源上市公司可持续发展（ESG）客户名单(1).xlsx,349,350
2024,2023,173,01101.HK,华荣能源,中国华荣能源股份有限公司,李天平,,HKEX,False,not_applicable,38.63,2024中国能源上市公司可持续发展（ESG）客户名单(1).xlsx,351,352
2024,2023,174,600863.SH,内蒙华电,内蒙古蒙电华能热电股份有限公司,马燕,,SSE,False,matched,38.58,2024中国能源上市公司可持续发展（ESG）客户名单(1).xlsx,353,354
2024,2023,175,600917.SH,重庆燃气,重庆燃气集团股份有限公司,李天平,,SSE,False,matched,38.52,2024中国能源上市公司可持续发展（ESG）客户名单(1).xlsx,355,356
2024,2023,176,300376.SZ,易事特,易事特集团股份有限公司,马燕,,SZSE,False,matched,38.48,2024中国能源上市公司可持续发展（ESG）客户名单(1).xlsx,357,358
2024,2023,177,300751.SZ,迈为股份,苏州迈为科技股份有限公司,李天平,,SZSE,False,matched,38.21,2024中国能源上市公司可持续发展（ESG）客户名单(1).xlsx,359,360
2024,2023,178,600027.SH,华电国际电力股份,华电国际电力股份有限公司,马燕,,SSE,False,matched,38.2,2024中国能源上市公司可持续发展（ESG）客户名单(1).xlsx,361,362
2024,2023,179,08270.HK,中国煤层气,中国煤层气集团有限公司,李天平,,HKEX,False,not_applicable,38.11,2024中国能源上市公司可持续发展（ESG）客户名单(1).xlsx,363,364
2024,2023,180,06885.HK,金马能源,河南金马能源股份有限公司,马燕,,HKEX,False,not_applicable,37.86,2024中国能源上市公司可持续发展（ESG）客户名单(1).xlsx,365,366
2024,2023,181,601918.SH,新集能源,中煤新集能源股份有限公司,李天平,,SSE,False,matched,37.71,2024中国能源上市公司可持续发展（ESG）客户名单(1).xlsx,367,368
2024,2023,182,00042.HK,东北电气,东北电气发展股份有限公司,马燕,,HKEX,False,not_applicable,37.59,2024中国能源上市公司可持续发展（ESG）客户名单(1).xlsx,369,370
2024,2023,183,00276.HK,蒙古能源,蒙古能源有限公司,李天平,,HKEX,False,not_applicable,37.58,2024中国能源上市公司可持续发展（ESG）客户名单(1).xlsx,371,372
2024,2023,184,02798.HK,久泰邦达能源,久泰邦达能源控股有限公司,马燕,,HKEX,False,not_applicable,37.4,2024中国能源上市公司可持续发展（ESG）客户名单(1).xlsx,373,374
2024,2023,185,600025.SH,华能水电,华能澜沧江水电股份有限公司,李天平,,SSE,False,matched,37.38,2024中国能源上市公司可持续发展（ESG）客户名单(1).xlsx,375,376
2024,2023,186,300207.SZ,欣旺达,欣旺达电子股份有限公司,马燕,,SZSE,False,matched,36.97,2024中国能源上市公司可持续发展（ESG）客户名单(1).xlsx,377,378
2024,2023,187,688819.SH,天能股份,天能电池集团股份有限公司,李天平,,SSE,False,matched,36.87,2024中国能源上市公司可持续发展（ESG）客户名单(1).xlsx,379,380
2024,2023,188,00866.HK,中国秦发,中国秦发集团有限公司,马燕,,HKEX,False,not_applicable,36.82,2024中国能源上市公司可持续发展（ESG）客户名单(1).xlsx,381,382
2024,2023,189,01080.HK,胜利管道,胜利油气管道控股有限公司,李天平,,HKEX,False,not_applicable,36.78,2024中国能源上市公司可持续发展（ESG）客户名单(1).xlsx,383,384
2024,2023,190,00065.HK,弘海高新资源,弘海高新资源有限公司,马燕,,HKEX,False,not_applicable,36.72,2024中国能源上市公司可持续发展（ESG）客户名单(1).xlsx,385,386
2024,2023,191,01811.HK,中广核新能源,中国广核新能源控股有限公司,李天平,,HKEX,False,not_applicable,36.71,2024中国能源上市公司可持续发展（ESG）客户名单(1).xlsx,387,388
2024,2023,192,002893.SZ,京能热力,北京京能热力股份有限公司,李天平,北京,SZSE,False,matched,36.56,2024中国能源上市公司可持续发展（ESG）客户名单(1).xlsx,389,390
2024,2023,193,00645.HK,安域亚洲,安域亚洲有限公司,李天平,,HKEX,False,not_applicable,36.38,2024中国能源上市公司可持续发展（ESG）客户名单(1).xlsx,391,392
2024,2023,194,601619.SH,嘉泽新能,宁夏嘉泽新能源股份有限公司,马燕,,SSE,False,matched,36.3,2024中国能源上市公司可持续发展（ESG）客户名单(1).xlsx,393,394
2024,2023,195,300393.SZ,中来股份,苏州中来光伏新材股份有限公司,李天平,,SZSE,False,matched,36.12,2024中国能源上市公司可持续发展（ESG）客户名单(1).xlsx,395,396
2024,2023,196,600268.SH,国电南自,国电南京自动化股份有限公司,马燕,南京,SSE,False,matched,36.08,2024中国能源上市公司可持续发展（ESG）客户名单(1).xlsx,397,398
2024,2023,197,688779.SH,长远锂科,湖南长远锂科股份有限公司,李天平,,SSE,False,matched,36.03,2024中国能源上市公司可持续发展（ESG）客户名单(1).xlsx,399,400
2024,2023,198,002812.SZ,恩捷股份,云南恩捷新材料股份有限公司,马燕,,SZSE,False,matched,35.84,2024中国能源上市公司可持续发展（ESG）客户名单(1).xlsx,401,402
2024,2023,199,00451.HK,协鑫新能源,协鑫新能源控股有限公司,马燕,,HKEX,False,not_applicable,35.71,2024中国能源上市公司可持续发展（ESG）客户名单(1).xlsx,403,404
2024,2023,200,01940.HK,CGII HLDGS,CHINA GAS INDUSTRY INVESTMENT HOLDINGS CO. LTD.,马燕,,HKEX,False,not_applicable,35.68,2024中国能源上市公司可持续发展（ESG）客户名单(1).xlsx,405,406
2024,2023,201,600644.SH,乐山电力,乐山电力股份有限公司,李天平,,SSE,False,matched,35.39,2024中国能源上市公司可持续发展（ESG）客户名单(1).xlsx,407,408
2024,2023,202,00975.HK,MONGOL MINING,MONGOLIAN MINING CORPORATION,马燕,,HKEX,False,not_applicable,35.37,2024中国能源上市公司可持续发展（ESG）客户名单(1).xlsx,409,410
2024,2023,203,688663.SH,新风光,新风光电子科技股份有限公司,李天平,,SSE,False,matched,35.27,2024中国能源上市公司可持续发展（ESG）客户名单(1).xlsx,411,412
2024,2023,204,00702.HK,中国油气控股,中国油气控股有限公司,马燕,,HKEX,False,not_applicable,35.1,2024中国能源上市公司可持续发展（ESG）客户名单(1).xlsx,413,414
2024,2023,205,688681.SH,科汇股份,山东科汇电力自动化股份有限公司,李天平,,SSE,False,matched,35.08,2024中国能源上市公司可持续发展（ESG）客户名单(1).xlsx,415,416
2024,2023,206,01738.HK,飞尚无烟煤,飞尚无烟煤资源有限公司,马燕,,HKEX,False,not_applicable,34.91,2024中国能源上市公司可持续发展（ESG）客户名单(1).xlsx,417,418
2024,2023,207,600256.SH,广汇能源,广汇能源股份有限公司,李天平,,SSE,False,matched,34.9,2024中国能源上市公司可持续发展（ESG）客户名单(1).xlsx,419,420
2024,2023,208,000703.SZ,恒逸石化,恒逸石化股份有限公司,马燕,,SZSE,False,matched,34.62,2024中国能源上市公司可持续发展（ESG）客户名单(1).xlsx,421,422
2024,2023,209,002560.SZ,通达股份,河南通达电缆股份有限公司,李天平,,SZSE,False,matched,34.56,2024中国能源上市公司可持续发展（ESG）客户名单(1).xlsx,423,424
2024,2023,210,688560.SH,明冠新材,明冠新材料股份有限公司,马燕,,SSE,False,matched,34.54,2024中国能源上市公司可持续发展（ESG）客户名单(1).xlsx,425,426
2024,2023,211,03303.HK,巨涛海洋石油服务,巨涛海洋石油服务有限公司,李天平,,HKEX,False,not_applicable,34.49,2024中国能源上市公司可持续发展（ESG）客户名单(1).xlsx,427,428
2024,2023,212,600578.SH,京能电力,北京京能电力股份有限公司,李天平,,SSE,False,matched,34.48,2024中国能源上市公司可持续发展（ESG）客户名单(1).xlsx,429,430
2024,2023,213,000966.SZ,长源电力,长源电力股份有限公司,李天平,,SZSE,False,matched,34.27,2024中国能源上市公司可持续发展（ESG）客户名单(1).xlsx,431,432
2024,2023,214,02728.HK,金泰能源控股,金泰能源控股有限公司,马燕,,HKEX,False,not_applicable,34.1,2024中国能源上市公司可持续发展（ESG）客户名单(1).xlsx,433,434
2024,2023,215,600101.SH,明星电力,四川明星电力股份有限公司,李天平,,SSE,False,matched,34.04,2024中国能源上市公司可持续发展（ESG）客户名单(1).xlsx,435,436
2024,2023,216,01608.HK,伟能集团,伟能集团国际控股有限公司,马燕,,HKEX,False,not_applicable,34.03,2024中国能源上市公司可持续发展（ESG）客户名单(1).xlsx,437,438
2024,2023,217,600346.SH,恒力石化,恒力石化股份有限公司,李天平,,SSE,False,matched,34.01,2024中国能源上市公司可持续发展（ESG）客户名单(1).xlsx,439,440
2024,2023,218,300037.SZ,新宙邦,深圳新宙邦科技股份有限公司,马燕,,SZSE,False,matched,33.89,2024中国能源上市公司可持续发展（ESG）客户名单(1).xlsx,441,442
2024,2023,219,600482.SH,中国动力,中国船舶重工集团动力股份有限公司,李天平,,SSE,False,matched,33.72,2024中国能源上市公司可持续发展（ESG）客户名单(1).xlsx,443,444
2024,2023,220,02178.HK,百勤油服,百勤油田服务有限公司,马燕,,HKEX,False,not_applicable,33.63,2024中国能源上市公司可持续发展（ESG）客户名单(1).xlsx,445,446
2024,2023,221,002039.SZ,黔源电力,贵州黔源电力股份有限公司,李天平,,SZSE,False,matched,33.46,2024中国能源上市公司可持续发展（ESG）客户名单(1).xlsx,447,448
2024,2023,222,605090.SH,九丰能源,江西九丰能源股份有限公司,马燕,,SSE,False,matched,32.93,2024中国能源上市公司可持续发展（ESG）客户名单(1).xlsx,449,450
2024,2023,223,08536.HK,TL NATURAL GAS,TL Natural Gas Holdings Limited,李天平,,HKEX,False,not_applicable,32.9,2024中国能源上市公司可持续发展（ESG）客户名单(1).xlsx,451,452
2024,2023,224,00968.HK,信义光能,信义光能控股有限公司,马燕,,HKEX,False,not_applicable,32.59,2024中国能源上市公司可持续发展（ESG）客户名单(1).xlsx,453,454
2024,2023,225,600780.SH,通宝能源,山西通宝能源股份有限公司,李天平,,SSE,False,matched,32.41,2024中国能源上市公司可持续发展（ESG）客户名单(1).xlsx,455,456
2024,2023,226,688226.SH,威腾电气,威腾电气集团股份有限公司,马燕,,SSE,False,matched,32.08,2024中国能源上市公司可持续发展（ESG）客户名单(1).xlsx,457,458
2024,2023,227,01229.HK,南南资源,南南资源实业有限公司,李天平,,HKEX,False,not_applicable,32.03,2024中国能源上市公司可持续发展（ESG）客户名单(1).xlsx,459,460
2024,2023,228,002490.SZ,山东墨龙,山东墨龙石油机械股份有限公司,马燕,,SZSE,False,matched,32,2024中国能源上市公司可持续发展（ESG）客户名单(1).xlsx,461,462
2024,2023,229,600023.SH,浙能电力,浙江浙能电力股份有限公司,李天平,,SSE,False,matched,31.65,2024中国能源上市公司可持续发展（ESG）客户名单(1).xlsx,463,464
2024,2023,230,601311.SH,骆驼股份,骆驼集团股份有限公司,马燕,,SSE,False,matched,31.52,2024中国能源上市公司可持续发展（ESG）客户名单(1).xlsx,465,466
2024,2023,231,00600.HK,中国基建投资,中国基建投资有限公司,李天平,,HKEX,False,not_applicable,31.39,2024中国能源上市公司可持续发展（ESG）客户名单(1).xlsx,467,468
2024,2023,232,600452.SH,涪陵电力,重庆涪陵电力实业股份有限公司,马燕,,SSE,False,matched,31.23,2024中国能源上市公司可持续发展（ESG）客户名单(1).xlsx,469,470
2024,2023,233,#N/A,中国港能,中国港能智慧能源集团有限公司,李天平,,UNKNOWN,False,not_applicable,30.87,2024中国能源上市公司可持续发展（ESG）客户名单(1).xlsx,471,472
2024,2023,234,601865.SH,福莱特,福莱特玻璃集团股份有限公司,马燕,,SSE,False,matched,30.86,2024中国能源上市公司可持续发展（ESG）客户名单(1).xlsx,473,474
2024,2023,235,000720.SZ,新能泰山,山东新能泰山发电股份有限公司,李天平,,SZSE,False,matched,30.85,2024中国能源上市公司可持续发展（ESG）客户名单(1).xlsx,475,476
2024,2023,236,600642.SH,申能股份,申能股份有限公司,马燕,,SSE,False,matched,30.6,2024中国能源上市公司可持续发展（ESG）客户名单(1).xlsx,477,478
2024,2023,237,300568.SZ,星源材质,深圳市星源材质科技股份有限公司,李天平,,SZSE,False,matched,30.59,2024中国能源上市公司可持续发展（ESG）客户名单(1).xlsx,479,480
2024,2023,238,688408.SH,中信博,江苏中信博新能源科技股份有限公司,马燕,,SSE,False,matched,30.54,2024中国能源上市公司可持续发展（ESG）客户名单(1).xlsx,481,482
2024,2023,239,002801.SZ,微光股份,杭州微光电子股份有限公司,李天平,,SZSE,False,matched,30.51,2024中国能源上市公司可持续发展（ESG）客户名单(1).xlsx,483,484
2024,2023,240,600580.SH,卧龙电驱,卧龙电气驱动集团股份有限公司,马燕,,SSE,False,matched,30.47,2024中国能源上市公司可持续发展（ESG）客户名单(1).xlsx,485,486
2024,2023,241,603318.SH,水发燃气,水发派思燃气股份有限公司,李天平,,SSE,False,matched,30.26,2024中国能源上市公司可持续发展（ESG）客户名单(1).xlsx,487,488
2024,2023,242,688499.SH,利元亨,广东利元亨智能装备股份有限公司,马燕,,SSE,False,matched,30.09,2024中国能源上市公司可持续发展（ESG）客户名单(1).xlsx,489,490
2024,2023,243,600674.SH,川投能源,四川川投能源股份有限公司,李天平,,SSE,False,matched,30.05,2024中国能源上市公司可持续发展（ESG）客户名单(1).xlsx,491,492
2024,2023,244,603053.SH,成都燃气,成都燃气集团股份有限公司,马燕,,SSE,False,matched,29.91,2024中国能源上市公司可持续发展（ESG）客户名单(1).xlsx,493,494
2024,2023,245,605028.SH,世茂能源,宁波世茂能源股份有限公司,李天平,,SSE,False,matched,29.9,2024中国能源上市公司可持续发展（ESG）客户名单(1).xlsx,495,496
2024,2023,246,002300.SZ,太阳电缆,福建南平太阳电缆股份有限公司,马燕,,SZSE,False,matched,29.81,2024中国能源上市公司可持续发展（ESG）客户名单(1).xlsx,497,498
2024,2023,247,002498.SZ,汉缆股份,青岛汉缆股份有限公司,李天平,,SZSE,False,matched,29.56,2024中国能源上市公司可持续发展（ESG）客户名单(1).xlsx,499,500
2024,2023,248,600777.SH,新潮能源,山东新潮能源股份有限公司,马燕,,SSE,False,matched,29.38,2024中国能源上市公司可持续发展（ESG）客户名单(1).xlsx,501,502
2024,2023,249,600416.SH,湘电股份,湘潭电机股份有限公司,李天平,,SSE,False,matched,29.29,2024中国能源上市公司可持续发展（ESG）客户名单(1).xlsx,503,504
2024,2023,250,600982.SH,宁波能源,宁波能源集团股份有限公司,马燕,,SSE,False,matched,29.16,2024中国能源上市公司可持续发展（ESG）客户名单(1).xlsx,505,506
2024,2023,251,603693.SH,江苏新能,江苏省新能源开发股份有限公司,李天平,,SSE,False,matched,29.16,2024中国能源上市公司可持续发展（ESG）客户名单(1).xlsx,507,508
2024,2023,252,300062.SZ,中能电气,中能电气股份有限公司,马燕,,SZSE,False,matched,29.15,2024中国能源上市公司可持续发展（ESG）客户名单(1).xlsx,509,510
2024,2023,253,601222.SH,林洋能源,江苏林洋能源股份有限公司,李天平,,SSE,False,matched,28.65,2024中国能源上市公司可持续发展（ESG）客户名单(1).xlsx,511,512
2024,2023,254,000690.SZ,宝新能源,广东宝丽华新能源股份有限公司,马燕,,SZSE,False,matched,28.64,2024中国能源上市公司可持续发展（ESG）客户名单(1).xlsx,513,514
2024,2023,255,000993.SZ,闽东电力,福建闽东电力股份有限公司,李天平,,SZSE,False,matched,28.53,2024中国能源上市公司可持续发展（ESG）客户名单(1).xlsx,515,516
2024,2023,256,000937.SZ,冀中能源,冀中能源股份有限公司,李天平,,SZSE,False,matched,28.52,2024中国能源上市公司可持续发展（ESG）客户名单(1).xlsx,517,518
2024,2023,257,002350.SZ,北京科锐,北京科锐配电自动化股份有限公司,李天平,,SZSE,False,matched,28.31,2024中国能源上市公司可持续发展（ESG）客户名单(1).xlsx,519,520
2024,2023,258,603577.SH,汇金通,青岛汇金通电力设备股份有限公司,马燕,,SSE,False,matched,28.29,2024中国能源上市公司可持续发展（ESG）客户名单(1).xlsx,521,522
2024,2023,259,01938.HK,珠江钢管,珠江石油天然气钢管控股有限公司,李天平,,HKEX,False,not_applicable,28.23,2024中国能源上市公司可持续发展（ESG）客户名单(1).xlsx,523,524
2024,2023,260,600468.SH,百利电气,天津百利特精电气股份有限公司,马燕,,SSE,False,matched,28.17,2024中国能源上市公司可持续发展（ESG）客户名单(1).xlsx,525,526
2024,2023,261,605196.SH,华通线缆,河北华通线缆集团股份有限公司,李天平,,SSE,False,matched,27.86,2024中国能源上市公司可持续发展（ESG）客户名单(1).xlsx,527,528
2024,2023,262,603861.SH,白云电器,广州白云电器设备股份有限公司,马燕,,SSE,False,matched,27.67,2024中国能源上市公司可持续发展（ESG）客户名单(1).xlsx,529,530
2024,2023,263,603320.SH,迪贝电气,浙江迪贝电气股份有限公司,李天平,,SSE,False,matched,27.64,2024中国能源上市公司可持续发展（ESG）客户名单(1).xlsx,531,532
2024,2023,264,002128.SZ,电投能源,内蒙古电投能源股份有限公司,马燕,,SZSE,False,matched,27.63,2024中国能源上市公司可持续发展（ESG）客户名单(1).xlsx,533,534
2024,2023,265,00006.HK,电能实业,电能实业有限公司,李天平,,HKEX,False,not_applicable,27.62,2024中国能源上市公司可持续发展（ESG）客户名单(1).xlsx,535,536
2024,2023,266,01555.HK,MI能源,MI能源控股有限公司,马燕,,HKEX,False,not_applicable,27.59,2024中国能源上市公司可持续发展（ESG）客户名单(1).xlsx,537,538
2024,2023,267,300772.SZ,运达股份,运达能源科技集团股份有限公司,李天平,,SZSE,False,matched,27.54,2024中国能源上市公司可持续发展（ESG）客户名单(1).xlsx,539,540
2024,2023,268,600116.SH,三峡水利,重庆三峡水利电力(集团)股份有限公司,马燕,,SSE,False,matched,27.37,2024中国能源上市公司可持续发展（ESG）客户名单(1).xlsx,541,542
2024,2023,269,600903.SH,贵州燃气,贵州燃气集团股份有限公司,李天平,,SSE,False,matched,27.31,2024中国能源上市公司可持续发展（ESG）客户名单(1).xlsx,543,544
2024,2023,270,600884.SH,杉杉股份,宁波杉杉股份有限公司,马燕,宁波,SSE,False,matched,27.3,2024中国能源上市公司可持续发展（ESG）客户名单(1).xlsx,545,546
2024,2023,271,000819.SZ,岳阳兴长,岳阳兴长石化股份有限公司,李天平,,SZSE,False,matched,27.24,2024中国能源上市公司可持续发展（ESG）客户名单(1).xlsx,547,548
2024,2023,272,00091.HK,金禧国际控股,金禧国际控股集团有限公司,马燕,,HKEX,False,not_applicable,27.18,2024中国能源上市公司可持续发展（ESG）客户名单(1).xlsx,549,550
2024,2023,273,002056.SZ,横店东磁,横店集团东磁股份有限公司,李天平,,SZSE,False,matched,27.14,2024中国能源上市公司可持续发展（ESG）客户名单(1).xlsx,551,552
2024,2023,274,000539.SZ,粤电力A,广东电力发展股份有限公司,马燕,,SZSE,False,matched,26.71,2024中国能源上市公司可持续发展（ESG）客户名单(1).xlsx,553,554
2024,2023,275,601616.SH,广电电气,上海广电电气(集团)股份有限公司,李天平,,SSE,False,matched,26.49,2024中国能源上市公司可持续发展（ESG）客户名单(1).xlsx,555,556
2024,2023,276,600405.SH,动力源,北京动力源科技股份有限公司,马燕,,SSE,False,matched,26.41,2024中国能源上市公司可持续发展（ESG）客户名单(1).xlsx,557,558
2024,2023,277,00819.HK,天能动力,天能动力国际有限公司,李天平,,HKEX,False,not_applicable,26.22,2024中国能源上市公司可持续发展（ESG）客户名单(1).xlsx,559,560
2024,2023,278,600163.SH,中闽能源,中闽能源股份有限公司,马燕,,SSE,False,matched,26.17,2024中国能源上市公司可持续发展（ESG）客户名单(1).xlsx,561,562
2024,2023,279,603706.SH,东方环宇,新疆东方环宇燃气股份有限公司,李天平,,SSE,False,matched,26.13,2024中国能源上市公司可持续发展（ESG）客户名单(1).xlsx,563,564
2024,2023,280,603618.SH,杭电股份,杭州电缆股份有限公司,马燕,,SSE,False,matched,26.1,2024中国能源上市公司可持续发展（ESG）客户名单(1).xlsx,565,566
2024,2023,281,688616.SH,西力科技,杭州西力智能科技股份有限公司,李天平,,SSE,False,matched,25.99,2024中国能源上市公司可持续发展（ESG）客户名单(1).xlsx,567,568
2024,2023,282,688116.SH,天奈科技,江苏天奈科技股份有限公司,马燕,,SSE,False,matched,25.73,2024中国能源上市公司可持续发展（ESG）客户名单(1).xlsx,569,570
2024,2023,283,600508.SH,上海能源,上海大屯能源股份有限公司,李天平,,SSE,False,matched,25.6,2024中国能源上市公司可持续发展（ESG）客户名单(1).xlsx,571,572
2024,2023,284,03395.HK,吉星新能源,吉星新能源有限责任公司,马燕,,HKEX,False,not_applicable,25.45,2024中国能源上市公司可持续发展（ESG）客户名单(1).xlsx,573,574
2024,2023,285,00689.HK,长盈集团(控股),长盈集团(控股)有限公司,李天平,,HKEX,False,not_applicable,25.35,2024中国能源上市公司可持续发展（ESG）客户名单(1).xlsx,575,576
2024,2023,286,688517.SH,金冠电气,金冠电气股份有限公司,马燕,,SSE,False,matched,25.12,2024中国能源上市公司可持续发展（ESG）客户名单(1).xlsx,577,578
2024,2023,287,002986.SZ,宇新股份,湖南宇新能源科技股份有限公司,李天平,,SZSE,False,matched,24.98,2024中国能源上市公司可持续发展（ESG）客户名单(1).xlsx,579,580
2024,2023,288,600744.SH,华银电力,大唐华银电力股份有限公司,马燕,,SSE,False,matched,24.6,2024中国能源上市公司可持续发展（ESG）客户名单(1).xlsx,581,582
2024,2023,289,300763.SZ,锦浪科技,锦浪科技股份有限公司,李天平,,SZSE,False,matched,24.51,2024中国能源上市公司可持续发展（ESG）客户名单(1).xlsx,583,584
2024,2023,290,603032.SH,德新科技,德力西新能源科技股份有限公司,马燕,,SSE,False,matched,24.28,2024中国能源上市公司可持续发展（ESG）客户名单(1).xlsx,585,586
2024,2023,291,301217.SZ,铜冠铜箔,安徽铜冠铜箔集团股份有限公司,李天平,,SZSE,False,matched,24.03,2024中国能源上市公司可持续发展（ESG）客户名单(1).xlsx,587,588
2024,2023,292,000537.SZ,中绿电,天津中绿电投资股份有限公司,马燕,天津,SZSE,False,matched,23.65,2024中国能源上市公司可持续发展（ESG）客户名单(1).xlsx,589,590
2024,2023,293,605368.SH,蓝天燃气,河南蓝天燃气股份有限公司,李天平,,SSE,False,matched,23.6,2024中国能源上市公司可持续发展（ESG）客户名单(1).xlsx,591,592
2024,2023,294,600550.SH,保变电气,保定天威保变电气股份有限公司,马燕,,SSE,False,matched,23.59,2024中国能源上市公司可持续发展（ESG）客户名单(1).xlsx,593,594
2024,2023,295,002221.SZ,东华能源,东华能源股份有限公司,李天平,,SZSE,False,matched,23.54,2024中国能源上市公司可持续发展（ESG）客户名单(1).xlsx,595,596
2024,2023,296,603689.SH,皖天然气,安徽省天然气开发股份有限公司,马燕,,SSE,False,matched,23.51,2024中国能源上市公司可持续发展（ESG）客户名单(1).xlsx,597,598
2024,2023,297,688388.SH,嘉元科技,广东嘉元科技股份有限公司,李天平,,SSE,False,matched,23.22,2024中国能源上市公司可持续发展（ESG）客户名单(1).xlsx,599,600
2024,2023,298,600726.SH,华电能源,华电能源股份有限公司,马燕,,SSE,False,matched,23.21,2024中国能源上市公司可持续发展（ESG）客户名单(1).xlsx,601,602
2024,2023,299,002121.SZ,科陆电子,深圳市科陆电子科技股份有限公司,李天平,,SZSE,False,matched,23.05,2024中国能源上市公司可持续发展（ESG）客户名单(1).xlsx,603,604
2024,2023,300,688717.SH,艾罗能源,浙江艾罗网络能源技术股份有限公司,马燕,,SSE,False,matched,22.9,2024中国能源上市公司可持续发展（ESG）客户名单(1).xlsx,605,606
2024,2023,301,001376.SZ,百通能源,江西百通能源股份有限公司,李天平,,SZSE,False,matched,22.89,2024中国能源上市公司可持续发展（ESG）客户名单(1).xlsx,607,608
2024,2023,302,002534.SZ,西子洁能,西子清洁能源装备制造股份有限公司,马燕,,SZSE,False,matched,22.67,2024中国能源上市公司可持续发展（ESG）客户名单(1).xlsx,609,610
2024,2023,303,688429.SH,时创能源,常州时创能源股份有限公司,李天平,,SSE,False,matched,22.62,2024中国能源上市公司可持续发展（ESG）客户名单(1).xlsx,611,612
2024,2023,304,688191.SH,智洋创新,智洋创新科技股份有限公司,马燕,,SSE,False,matched,22.58,2024中国能源上市公司可持续发展（ESG）客户名单(1).xlsx,613,614
2024,2023,305,688680.SH,海优新材,上海海优威新材料股份有限公司,李天平,,SSE,False,matched,22.53,2024中国能源上市公司可持续发展（ESG）客户名单(1).xlsx,615,616
2024,2023,306,603031.SH,安孚科技,安徽安孚电池科技股份有限公司,马燕,,SSE,False,matched,22.52,2024中国能源上市公司可持续发展（ESG）客户名单(1).xlsx,617,618
2024,2023,307,688503.SH,聚和材料,常州聚和新材料股份有限公司,李天平,,SSE,False,matched,22.28,2024中国能源上市公司可持续发展（ESG）客户名单(1).xlsx,619,620
2024,2023,308,003022.SZ,联泓新科,联泓新材料科技股份有限公司,马燕,,SZSE,False,matched,22.22,2024中国能源上市公司可持续发展（ESG）客户名单(1).xlsx,621,622
2024,2023,309,834770.BJ,艾能聚,浙江艾能聚光伏科技股份有限公司,李天平,,BSE,False,not_applicable,22,2024中国能源上市公司可持续发展（ESG）客户名单(1).xlsx,623,624
2024,2023,310,603105.SH,芯能科技,浙江芯能光伏科技股份有限公司,马燕,,SSE,False,matched,21.92,2024中国能源上市公司可持续发展（ESG）客户名单(1).xlsx,625,626
2024,2023,311,603063.SH,禾望电气,深圳市禾望电气股份有限公司,李天平,,SSE,False,matched,21.83,2024中国能源上市公司可持续发展（ESG）客户名单(1).xlsx,627,628
2024,2023,312,603353.SH,和顺石油,湖南和顺石油股份有限公司,马燕,,SSE,False,matched,21.81,2024中国能源上市公司可持续发展（ESG）客户名单(1).xlsx,629,630
2024,2023,313,603393.SH,新天然气,新疆鑫泰天然气股份有限公司,李天平,,SSE,False,matched,21.77,2024中国能源上市公司可持续发展（ESG）客户名单(1).xlsx,631,632
2024,2023,314,002700.SZ,ST浩源,新疆浩源天然气股份有限公司,马燕,,SZSE,True,matched,21.72,2024中国能源上市公司可持续发展（ESG）客户名单(1).xlsx,633,634
2024,2023,315,002606.SZ,大连电瓷,大连电瓷集团股份有限公司,李天平,,SZSE,False,matched,21.61,2024中国能源上市公司可持续发展（ESG）客户名单(1).xlsx,635,636
2024,2023,316,600847.SH,万里股份,重庆万里新能源股份有限公司,马燕,,SSE,False,matched,21.59,2024中国能源上市公司可持续发展（ESG）客户名单(1).xlsx,637,638
2024,2023,317,300390.SZ,天华新能,苏州天华新能源科技股份有限公司,李天平,,SZSE,False,matched,21.53,2024中国能源上市公司可持续发展（ESG）客户名单(1).xlsx,639,640
2024,2023,318,301587.SZ,中瑞股份,常州武进中瑞电子科技股份有限公司,马燕,,SZSE,False,matched,21.52,2024中国能源上市公司可持续发展（ESG）客户名单(1).xlsx,641,642
2024,2023,319,603628.SH,清源股份,清源科技股份有限公司,李天平,,SSE,False,matched,21.5,2024中国能源上市公司可持续发展（ESG）客户名单(1).xlsx,643,644
2024,2023,320,601001.SH,晋控煤业,晋能控股山西煤业股份有限公司,马燕,,SSE,False,matched,21.46,2024中国能源上市公司可持续发展（ESG）客户名单(1).xlsx,645,646
2024,2023,321,688155.SH,先惠技术,上海先惠自动化技术股份有限公司,李天平,,SSE,False,matched,21.45,2024中国能源上市公司可持续发展（ESG）客户名单(1).xlsx,647,648
2024,2023,322,600395.SH,盘江股份,贵州盘江精煤股份有限公司,马燕,,SSE,False,matched,21.42,2024中国能源上市公司可持续发展（ESG）客户名单(1).xlsx,649,650
2024,2023,323,688597.SH,煜邦电力,北京煜邦电力技术股份有限公司,马燕,北京,SSE,False,matched,21.35,2024中国能源上市公司可持续发展（ESG）客户名单(1).xlsx,651,652
2024,2023,324,605117.SH,德业股份,宁波德业科技股份有限公司,马燕,,SSE,False,matched,21.3,2024中国能源上市公司可持续发展（ESG）客户名单(1).xlsx,653,654
2024,2023,325,830809.BJ,安达科技,贵州安达科技能源股份有限公司,李天平,,BSE,False,not_applicable,21.3,2024中国能源上市公司可持续发展（ESG）客户名单(1).xlsx,655,656
2024,2023,326,835237.BJ,力佳科技,力佳电源科技(湖北)股份有限公司,马燕,,BSE,False,not_applicable,21.26,2024中国能源上市公司可持续发展（ESG）客户名单(1).xlsx,657,658
2024,2023,327,002533.SZ,金杯电工,金杯电工股份有限公司,李天平,,SZSE,False,matched,21.26,2024中国能源上市公司可持续发展（ESG）客户名单(1).xlsx,659,660
2024,2023,328,601567.SH,三星医疗,宁波三星医疗电气股份有限公司,马燕,,SSE,False,matched,21.25,2024中国能源上市公司可持续发展（ESG）客户名单(1).xlsx,661,662
2024,2023,329,001269.SZ,欧晶科技,内蒙古欧晶科技股份有限公司,李天平,,SZSE,False,matched,21.25,2024中国能源上市公司可持续发展（ESG）客户名单(1).xlsx,663,664
2024,2023,330,300191.SZ,潜能恒信,潜能恒信能源技术股份有限公司,马燕,,SZSE,False,matched,21.23,2024中国能源上市公司可持续发展（ESG）客户名单(1).xlsx,665,666
2024,2023,331,002882.SZ,金龙羽,金龙羽集团股份有限公司,李天平,,SZSE,False,matched,21.13,2024中国能源上市公司可持续发展（ESG）客户名单(1).xlsx,667,668
2024,2023,332,300820.SZ,英杰电气,四川英杰电气股份有限公司,马燕,,SZSE,False,matched,21.07,2024中国能源上市公司可持续发展（ESG）客户名单(1).xlsx,669,670
2024,2023,333,603070.SH,万控智造,万控智造股份有限公司,李天平,,SSE,False,matched,21.05,2024中国能源上市公司可持续发展（ESG）客户名单(1).xlsx,671,672
2024,2023,334,002270.SZ,华明装备,华明电力装备股份有限公司,马燕,,SZSE,False,matched,20.99,2024中国能源上市公司可持续发展（ESG）客户名单(1).xlsx,673,674
2024,2023,335,600157.SH,永泰能源,永泰能源集团股份有限公司,李天平,,SSE,False,matched,20.95,2024中国能源上市公司可持续发展（ESG）客户名单(1).xlsx,675,676
2024,2023,336,301325.SZ,曼恩斯特,深圳市曼恩斯特科技股份有限公司,马燕,,SZSE,False,matched,20.91,2024中国能源上市公司可持续发展（ESG）客户名单(1).xlsx,677,678
2024,2023,337,601016.SH,节能风电,中节能风力发电股份有限公司,李天平,,SSE,False,matched,20.87,2024中国能源上市公司可持续发展（ESG）客户名单(1).xlsx,679,680
2024,2023,338,300332.SZ,天壕能源,天壕能源股份有限公司,马燕,,SZSE,False,matched,20.83,2024中国能源上市公司可持续发展（ESG）客户名单(1).xlsx,681,682
2024,2023,339,605169.SH,洪通燃气,新疆洪通燃气股份有限公司,李天平,,SSE,False,matched,20.81,2024中国能源上市公司可持续发展（ESG）客户名单(1).xlsx,683,684
2024,2023,340,605580.SH,恒盛能源,恒盛能源股份有限公司,马燕,,SSE,False,matched,20.79,2024中国能源上市公司可持续发展（ESG）客户名单(1).xlsx,685,686
2024,2023,341,831010.BJ,凯添燃气,宁夏凯添燃气发展股份有限公司,李天平,,BSE,False,not_applicable,20.78,2024中国能源上市公司可持续发展（ESG）客户名单(1).xlsx,687,688
2024,2023,342,603619.SH,中曼石油,中曼石油天然气集团股份有限公司,马燕,上海,SSE,False,matched,20.78,2024中国能源上市公司可持续发展（ESG）客户名单(1).xlsx,689,690
2024,2023,343,300286.SZ,安科瑞,安科瑞电气股份有限公司,李天平,,SZSE,False,matched,20.77,2024中国能源上市公司可持续发展（ESG）客户名单(1).xlsx,691,692
2024,2023,344,605162.SH,新中港,浙江新中港热电股份有限公司,马燕,,SSE,False,matched,20.77,2024中国能源上市公司可持续发展（ESG）客户名单(1).xlsx,693,694
2024,2023,345,688598.SH,金博股份,湖南金博碳素股份有限公司,李天平,,SSE,False,matched,20.71,2024中国能源上市公司可持续发展（ESG）客户名单(1).xlsx,695,696
2024,2023,346,834682.BJ,球冠电缆,宁波球冠电缆股份有限公司,马燕,,BSE,False,not_applicable,20.68,2024中国能源上市公司可持续发展（ESG）客户名单(1).xlsx,697,698
2024,2023,347,688556.SH,高测股份,青岛高测科技股份有限公司,李天平,,SSE,False,matched,20.67,2024中国能源上市公司可持续发展（ESG）客户名单(1).xlsx,699,700
2024,2023,348,002850.SZ,科达利,深圳市科达利实业股份有限公司,马燕,,SZSE,False,matched,20.64,2024中国能源上市公司可持续发展（ESG）客户名单(1).xlsx,701,702
2024,2023,349,600681.SH,百川能源,百川能源股份有限公司,李天平,,SSE,False,matched,20.64,2024中国能源上市公司可持续发展（ESG）客户名单(1).xlsx,703,704
2024,2023,350,002865.SZ,钧达股份,海南钧达新能源科技股份有限公司,马燕,,SZSE,False,matched,20.6,2024中国能源上市公司可持续发展（ESG）客户名单(1).xlsx,705,706
2024,2023,351,603728.SH,鸣志电器,上海鸣志电器股份有限公司,李天平,,SSE,False,matched,20.57,2024中国能源上市公司可持续发展（ESG）客户名单(1).xlsx,707,708
2024,2023,352,600577.SH,精达股份,铜陵精达特种电磁线股份有限公司,马燕,,SSE,False,matched,20.56,2024中国能源上市公司可持续发展（ESG）客户名单(1).xlsx,709,710
2024,2023,353,000593.SZ,德龙汇能,德龙汇能集团股份有限公司,马燕,成都,SZSE,False,matched,20.54,2024中国能源上市公司可持续发展（ESG）客户名单(1).xlsx,711,712
2024,2023,354,832110.BJ,雷特科技,珠海雷特科技股份有限公司,马燕,,BSE,False,not_applicable,20.51,2024中国能源上市公司可持续发展（ESG）客户名单(1).xlsx,713,714
2024,2023,355,000591.SZ,太阳能,中节能太阳能股份有限公司,马燕,,SZSE,False,matched,20.5,2024中国能源上市公司可持续发展（ESG）客户名单(1).xlsx,715,716
2024,2023,356,835185.BJ,贝特瑞,贝特瑞新材料集团股份有限公司,马燕,,BSE,False,not_applicable,20.49,2024中国能源上市公司可持续发展（ESG）客户名单(1).xlsx,717,718
2024,2023,357,301439.SZ,泓淋电力,威海市泓淋电力技术股份有限公司,李天平,,SZSE,False,matched,20.46,2024中国能源上市公司可持续发展（ESG）客户名单(1).xlsx,719,720
2024,2023,358,688275.SH,万润新能,湖北万润新能源科技股份有限公司,马燕,,SSE,False,matched,20.43,2024中国能源上市公司可持续发展（ESG）客户名单(1).xlsx,721,722
2024,2023,359,600725.SH,云维股份,云南云维股份有限公司,李天平,,SSE,False,matched,20.39,2024中国能源上市公司可持续发展（ESG）客户名单(1).xlsx,723,724
2024,2023,360,002518.SZ,科士达,深圳科士达科技股份有限公司,马燕,,SZSE,False,matched,20.34,2024中国能源上市公司可持续发展（ESG）客户名单(1).xlsx,725,726
2024,2023,361,300483.SZ,首华燃气,首华燃气科技(上海)股份有限公司,李天平,,SZSE,False,matched,20.33,2024中国能源上市公司可持续发展（ESG）客户名单(1).xlsx,727,728
2024,2023,362,688516.SH,奥特维,无锡奥特维科技股份有限公司,马燕,,SSE,False,matched,20.27,2024中国能源上市公司可持续发展（ESG）客户名单(1).xlsx,729,730
2024,2023,363,000968.SZ,蓝焰控股,山西蓝焰控股股份有限公司,李天平,,SZSE,False,matched,20.27,2024中国能源上市公司可持续发展（ESG）客户名单(1).xlsx,731,732
2024,2023,364,603489.SH,八方股份,八方电气(苏州)股份有限公司,马燕,,SSE,False,matched,20.26,2024中国能源上市公司可持续发展（ESG）客户名单(1).xlsx,733,734
2024,2023,365,300432.SZ,富临精工,富临精工股份有限公司,李天平,,SZSE,False,matched,20.25,2024中国能源上市公司可持续发展（ESG）客户名单(1).xlsx,735,736
2024,2023,366,002125.SZ,湘潭电化,湘潭电化科技股份有限公司,马燕,,SZSE,False,matched,20.23,2024中国能源上市公司可持续发展（ESG）客户名单(1).xlsx,737,738
2024,2023,367,000543.SZ,皖能电力,安徽省皖能股份有限公司,李天平,,SZSE,False,matched,20.23,2024中国能源上市公司可持续发展（ESG）客户名单(1).xlsx,739,740
2024,2023,368,603080.SH,新疆火炬,新疆火炬燃气股份有限公司,马燕,,SSE,False,matched,20.17,2024中国能源上市公司可持续发展（ESG）客户名单(1).xlsx,741,742
2024,2023,369,001331.SZ,胜通能源,胜通能源股份有限公司,李天平,,SZSE,False,matched,20.15,2024中国能源上市公司可持续发展（ESG）客户名单(1).xlsx,743,744
2024,2023,370,300880.SZ,迦南智能,宁波迦南智能电气股份有限公司,马燕,,SZSE,False,matched,20.14,2024中国能源上市公司可持续发展（ESG）客户名单(1).xlsx,745,746
2024,2023,371,001301.SZ,尚太科技,石家庄尚太科技股份有限公司,李天平,,SZSE,False,matched,20.12,2024中国能源上市公司可持续发展（ESG）客户名单(1).xlsx,747,748
2024,2023,372,300407.SZ,凯发电气,天津凯发电气股份有限公司,马燕,,SZSE,False,matched,20.09,2024中国能源上市公司可持续发展（ESG）客户名单(1).xlsx,749,750
2024,2023,373,300073.SZ,当升科技,北京当升材料科技股份有限公司,李天平,,SZSE,False,matched,20.06,2024中国能源上市公司可持续发展（ESG）客户名单(1).xlsx,751,752
2024,2023,374,603026.SH,胜华新材,胜华新材料集团股份有限公司,马燕,,SSE,False,matched,20.01,2024中国能源上市公司可持续发展（ESG）客户名单(1).xlsx,753,754
2024,2023,375,301238.SZ,瑞泰新材,江苏瑞泰新能源材料股份有限公司,李天平,,SZSE,False,matched,20.01,2024中国能源上市公司可持续发展（ESG）客户名单(1).xlsx,755,756
2024,2023,376,301150.SZ,中一科技,湖北中一科技股份有限公司,马燕,,SZSE,False,matched,19.97,2024中国能源上市公司可持续发展（ESG）客户名单(1).xlsx,757,758
2024,2023,377,001299.SZ,美能能源,陕西美能清洁能源集团股份有限公司,马燕,西安,SZSE,False,matched,19.95,2024中国能源上市公司可持续发展（ESG）客户名单(1).xlsx,759,760
2024,2023,378,603191.SH,望变电气,重庆望变电气(集团)股份有限公司,马燕,,SSE,False,matched,19.93,2024中国能源上市公司可持续发展（ESG）客户名单(1).xlsx,761,762
2024,2023,379,301295.SZ,美硕科技,浙江美硕电气科技股份有限公司,李天平,,SZSE,False,matched,19.93,2024中国能源上市公司可持续发展（ESG）客户名单(1).xlsx,763,764
2024,2023,380,688348.SH,昱能科技,昱能科技股份有限公司,马燕,,SSE,False,matched,19.91,2024中国能源上市公司可持续发展（ESG）客户名单(1).xlsx,765,766
2024,2023,381,000600.SZ,建投能源,河北建投能源投资股份有限公司,李天平,,SZSE,False,matched,19.91,2024中国能源上市公司可持续发展（ESG）客户名单(1).xlsx,767,768
2024,2023,382,301157.SZ,华塑科技,杭州华塑科技股份有限公司,马燕,,SZSE,False,matched,19.88,2024中国能源上市公司可持续发展（ESG）客户名单(1).xlsx,769,770
2024,2023,383,839167.BJ,同享科技,同享(苏州)电子材料科技股份有限公司,李天平,,BSE,False,not_applicable,19.87,2024中国能源上市公司可持续发展（ESG）客户名单(1).xlsx,771,772
2024,2023,384,002953.SZ,日丰股份,广东日丰电缆股份有限公司,马燕,,SZSE,False,matched,19.86,2024中国能源上市公司可持续发展（ESG）客户名单(1).xlsx,773,774
2024,2023,385,002276.SZ,万马股份,浙江万马股份有限公司,李天平,,SZSE,False,matched,19.86,2024中国能源上市公司可持续发展（ESG）客户名单(1).xlsx,775,776
2024,2023,386,301222.SZ,浙江恒威,浙江恒威电池股份有限公司,马燕,,SZSE,False,matched,19.85,2024中国能源上市公司可持续发展（ESG）客户名单(1).xlsx,777,778
2024,2023,387,301292.SZ,海科新源,山东海科新源材料科技股份有限公司,李天平,,SZSE,False,matched,19.83,2024中国能源上市公司可持续发展（ESG）客户名单(1).xlsx,779,780
2024,2023,388,601218.SH,吉鑫科技,江苏吉鑫风能科技股份有限公司,马燕,,SSE,False,matched,19.77,2024中国能源上市公司可持续发展（ESG）客户名单(1).xlsx,781,782
2024,2023,389,301388.SZ,欣灵电气,欣灵电气股份有限公司,李天平,,SZSE,False,matched,19.77,2024中国能源上市公司可持续发展（ESG）客户名单(1).xlsx,783,784
2024,2023,390,301002.SZ,崧盛股份,深圳市崧盛电子股份有限公司,马燕,,SZSE,False,matched,19.77,2024中国能源上市公司可持续发展（ESG）客户名单(1).xlsx,785,786
2024,2023,391,603829.SH,洛凯股份,江苏洛凯机电股份有限公司,李天平,,SSE,False,matched,19.75,2024中国能源上市公司可持续发展（ESG）客户名单(1).xlsx,787,788
2024,2023,392,600979.SH,广安爱众,四川广安爱众股份有限公司,马燕,,SSE,False,matched,19.74,2024中国能源上市公司可持续发展（ESG）客户名单(1).xlsx,789,790
2024,2023,393,002759.SZ,天际股份,天际新能源科技股份有限公司,李天平,,SZSE,False,matched,19.72,2024中国能源上市公司可持续发展（ESG）客户名单(1).xlsx,791,792
2024,2023,394,300080.SZ,易成新能,河南易成新能源股份有限公司,马燕,,SZSE,False,matched,19.71,2024中国能源上市公司可持续发展（ESG）客户名单(1).xlsx,793,794
2024,2023,395,600868.SH,梅雁吉祥,广东梅雁吉祥水电股份有限公司,李天平,,SSE,False,matched,19.69,2024中国能源上市公司可持续发展（ESG）客户名单(1).xlsx,795,796
2024,2023,396,002169.SZ,智光电气,广州智光电气股份有限公司,马燕,,SZSE,False,matched,19.65,2024中国能源上市公司可持续发展（ESG）客户名单(1).xlsx,797,798
2024,2023,397,002259.SZ,ST升达,四川升达林业产业股份有限公司,李天平,,SZSE,True,matched,19.65,2024中国能源上市公司可持续发展（ESG）客户名单(1).xlsx,799,800
2024,2023,398,300360.SZ,炬华科技,杭州炬华科技股份有限公司,马燕,,SZSE,False,matched,19.61,2024中国能源上市公司可持续发展（ESG）客户名单(1).xlsx,801,802
2024,2023,399,833914.BJ,远航精密,江苏远航精密合金科技股份有限公司,李天平,,BSE,False,not_applicable,19.58,2024中国能源上市公司可持续发展（ESG）客户名单(1).xlsx,803,804
2024,2023,400,300438.SZ,鹏辉能源,广州鹏辉能源科技股份有限公司,马燕,,SZSE,False,matched,19.57,2024中国能源上市公司可持续发展（ESG）客户名单(1).xlsx,805,806
2024,2023,401,002245.SZ,蔚蓝锂芯,江苏蔚蓝锂芯股份有限公司,李天平,,SZSE,False,matched,19.56,2024中国能源上市公司可持续发展（ESG）客户名单(1).xlsx,807,808
2024,2023,402,000049.SZ,德赛电池,深圳市德赛电池科技股份有限公司,马燕,,SZSE,False,matched,19.56,2024中国能源上市公司可持续发展（ESG）客户名单(1).xlsx,809,810
2024,2023,403,300769.SZ,德方纳米,深圳市德方纳米科技股份有限公司,李天平,,SZSE,False,matched,19.56,2024中国能源上市公司可持续发展（ESG）客户名单(1).xlsx,811,812
2024,2023,404,301386.SZ,未来电器,苏州未来电器股份有限公司,马燕,,SZSE,False,matched,19.55,2024中国能源上市公司可持续发展（ESG）客户名单(1).xlsx,813,814
2024,2023,405,301179.SZ,泽宇智能,江苏泽宇智能电力股份有限公司,李天平,,SZSE,False,matched,19.53,2024中国能源上市公司可持续发展（ESG）客户名单(1).xlsx,815,816
2024,2023,406,605378.SH,野马电池,浙江野马电池股份有限公司,马燕,,SSE,False,matched,19.51,2024中国能源上市公司可持续发展（ESG）客户名单(1).xlsx,817,818
2024,2023,407,000009.SZ,中国宝安,中国宝安集团股份有限公司,李天平,,SZSE,False,matched,19.49,2024中国能源上市公司可持续发展（ESG）客户名单(1).xlsx,819,820
2024,2023,408,002335.SZ,科华数据,科华数据股份有限公司,马燕,,SZSE,False,matched,19.48,2024中国能源上市公司可持续发展（ESG）客户名单(1).xlsx,821,822
2024,2023,409,603016.SH,新宏泰,无锡新宏泰电器科技股份有限公司,李天平,,SSE,False,matched,19.46,2024中国能源上市公司可持续发展（ESG）客户名单(1).xlsx,823,824
2024,2023,410,300593.SZ,新雷能,北京新雷能科技股份有限公司,马燕,,SZSE,False,matched,19.44,2024中国能源上市公司可持续发展（ESG）客户名单(1).xlsx,825,826
2024,2023,411,000554.SZ,泰山石油,中国石化山东泰山石油股份有限公司,李天平,,SZSE,False,matched,19.44,2024中国能源上市公司可持续发展（ESG）客户名单(1).xlsx,827,828
2024,2023,412,603097.SH,江苏华辰,江苏华辰变压器股份有限公司,马燕,,SSE,False,matched,19.43,2024中国能源上市公司可持续发展（ESG）客户名单(1).xlsx,829,830
2024,2023,413,603312.SH,西典新能,苏州西典新能源电气股份有限公司,李天平,,SSE,False,matched,19.38,2024中国能源上市公司可持续发展（ESG）客户名单(1).xlsx,831,832
2024,2023,414,836414.BJ,欧普泰,上海欧普泰科技创业股份有限公司,马燕,,BSE,False,not_applicable,19.36,2024中国能源上市公司可持续发展（ESG）客户名单(1).xlsx,833,834
2024,2023,415,833523.BJ,德瑞锂电,惠州市惠德瑞锂电科技股份有限公司,李天平,,BSE,False,not_applicable,19.33,2024中国能源上市公司可持续发展（ESG）客户名单(1).xlsx,835,836
2024,2023,416,002527.SZ,新时达,上海新时达电气股份有限公司,马燕,,SZSE,False,matched,19.29,2024中国能源上市公司可持续发展（ESG）客户名单(1).xlsx,837,838
2024,2023,417,000791.SZ,甘肃能源,甘肃电投能源发展股份有限公司,李天平,,SZSE,False,matched,19.28,2024中国能源上市公司可持续发展（ESG）客户名单(1).xlsx,839,840
2024,2023,418,835985.BJ,海泰新能,唐山海泰新能科技股份有限公司,马燕,,BSE,False,not_applicable,19.27,2024中国能源上市公司可持续发展（ESG）客户名单(1).xlsx,841,842
2024,2023,419,603218.SH,日月股份,日月重工股份有限公司,李天平,,SSE,False,matched,19.26,2024中国能源上市公司可持续发展（ESG）客户名单(1).xlsx,843,844
2024,2023,420,001283.SZ,豪鹏科技,深圳市豪鹏科技股份有限公司,马燕,,SZSE,False,matched,19.26,2024中国能源上市公司可持续发展（ESG）客户名单(1).xlsx,845,846
2024,2023,421,600110.SH,诺德股份,诺德新材料股份有限公司,李天平,,SSE,False,matched,19.25,2024中国能源上市公司可持续发展（ESG）客户名单(1).xlsx,847,848
2024,2023,422,603556.SH,海兴电力,杭州海兴电力科技股份有限公司,马燕,,SSE,False,matched,19.23,2024中国能源上市公司可持续发展（ESG）客户名单(1).xlsx,849,850
2024,2023,423,301266.SZ,宇邦新材,苏州宇邦新型材料股份有限公司,李天平,,SZSE,False,matched,19.22,2024中国能源上市公司可持续发展（ESG）客户名单(1).xlsx,851,852
2024,2023,424,301291.SZ,明阳电气,广东明阳电气股份有限公司,李天平,,SZSE,False,matched,19.2,2024中国能源上市公司可持续发展（ESG）客户名单(1).xlsx,853,854
2024,2023,425,301012.SZ,扬电科技,江苏扬电科技股份有限公司,李天平,,SZSE,False,matched,19.19,2024中国能源上市公司可持续发展（ESG）客户名单(1).xlsx,855,856
2024,2023,426,002028.SZ,思源电气,思源电气股份有限公司,马燕,,SZSE,False,matched,19.18,2024中国能源上市公司可持续发展（ESG）客户名单(1).xlsx,857,858
2024,2023,427,831627.BJ,力王股份,广东力王新能源股份有限公司,李天平,,BSE,False,not_applicable,19.17,2024中国能源上市公司可持续发展（ESG）客户名单(1).xlsx,859,860
2024,2023,428,301063.SZ,海锅股份,张家港海锅新能源装备股份有限公司,马燕,,SZSE,False,matched,19.16,2024中国能源上市公司可持续发展（ESG）客户名单(1).xlsx,861,862
2024,2023,429,000899.SZ,赣能股份,江西赣能股份有限公司,李天平,,SZSE,False,matched,19.15,2024中国能源上市公司可持续发展（ESG）客户名单(1).xlsx,863,864
2024,2023,430,301278.SZ,快可电子,苏州快可光伏电子股份有限公司,马燕,,SZSE,False,matched,19.14,2024中国能源上市公司可持续发展（ESG）客户名单(1).xlsx,865,866
2024,2023,431,301358.SZ,湖南裕能,湖南裕能新能源电池材料股份有限公司,李天平,,SZSE,False,matched,19.12,2024中国能源上市公司可持续发展（ESG）客户名单(1).xlsx,867,868
2024,2023,432,000407.SZ,胜利股份,山东胜利股份有限公司,马燕,,SZSE,False,matched,19.12,2024中国能源上市公司可持续发展（ESG）客户名单(1).xlsx,869,870
2024,2023,433,600241.SH,时代万恒,辽宁时代万恒股份有限公司,李天平,,SSE,False,matched,19.11,2024中国能源上市公司可持续发展（ESG）客户名单(1).xlsx,871,872
2024,2023,434,603212.SH,赛伍技术,苏州赛伍应用技术股份有限公司,马燕,,SSE,False,matched,19.11,2024中国能源上市公司可持续发展（ESG）客户名单(1).xlsx,873,874
2024,2023,435,831152.BJ,昆工科技,昆明理工恒达科技股份有限公司,李天平,,BSE,False,not_applicable,19.08,2024中国能源上市公司可持续发展（ESG）客户名单(1).xlsx,875,876
2024,2023,436,300776.SZ,帝尔激光,武汉帝尔激光科技股份有限公司,马燕,,SZSE,False,matched,19.07,2024中国能源上市公司可持续发展（ESG）客户名单(1).xlsx,877,878
2024,2023,437,301511.SZ,德福科技,九江德福科技股份有限公司,李天平,,SZSE,False,matched,19.07,2024中国能源上市公司可持续发展（ESG）客户名单(1).xlsx,879,880
2024,2023,438,600478.SH,科力远,湖南科力远新能源股份有限公司,马燕,,SSE,False,matched,19.07,2024中国能源上市公司可持续发展（ESG）客户名单(1).xlsx,881,882
2024,2023,439,300265.SZ,通光线缆,江苏通光电子线缆股份有限公司,李天平,,SZSE,False,matched,19.07,2024中国能源上市公司可持续发展（ESG）客户名单(1).xlsx,883,884
2024,2023,440,688551.SH,科威尔,科威尔技术股份有限公司,马燕,,SSE,False,matched,19.03,2024中国能源上市公司可持续发展（ESG）客户名单(1).xlsx,885,886
2024,2023,441,600481.SH,双良节能,双良节能系统股份有限公司,李天平,,SSE,False,matched,19.02,2024中国能源上市公司可持续发展（ESG）客户名单(1).xlsx,887,888
2024,2023,442,830779.BJ,XD武汉蓝,武汉市蓝电电子股份有限公司,马燕,,BSE,False,not_applicable,19.01,2024中国能源上市公司可持续发展（ESG）客户名单(1).xlsx,889,890
2024,2023,443,301210.SZ,金杨股份,无锡市金杨新材料股份有限公司,李天平,,SZSE,False,matched,18.99,2024中国能源上市公司可持续发展（ESG）客户名单(1).xlsx,891,892
2024,2023,444,600207.SH,安彩高科,河南安彩高科股份有限公司,马燕,,SSE,False,matched,18.99,2024中国能源上市公司可持续发展（ESG）客户名单(1).xlsx,893,894
2024,2023,445,02012.HK,阳光油砂,阳光油砂有限公司,李天平,02012.HK,HKEX,False,not_applicable,18.98,2024中国能源上市公司可持续发展（ESG）客户名单(1).xlsx,895,896
2024,2023,446,002623.SZ,亚玛顿,常州亚玛顿股份有限公司,马燕,,SZSE,False,matched,18.95,2024中国能源上市公司可持续发展（ESG）客户名单(1).xlsx,897,898
2024,2023,447,002015.SZ,协鑫能科,协鑫能源科技股份有限公司,李天平,,SZSE,False,matched,18.95,2024中国能源上市公司可持续发展（ESG）客户名单(1).xlsx,899,900
2024,2023,448,603344.SH,星德胜,星德胜科技(苏州)股份有限公司,马燕,,SSE,False,matched,18.94,2024中国能源上市公司可持续发展（ESG）客户名单(1).xlsx,901,902
2024,2023,449,834062.BJ,科润智控,科润智能控制股份有限公司,李天平,,BSE,False,not_applicable,18.94,2024中国能源上市公司可持续发展（ESG）客户名单(1).xlsx,903,904
2024,2023,450,600758.SH,辽宁能源,辽宁能源煤电产业股份有限公司,马燕,,SSE,False,matched,18.92,2024中国能源上市公司可持续发展（ESG）客户名单(1).xlsx,905,906
2024,2023,451,831396.BJ,许昌智能,许昌智能继电器股份有限公司,李天平,,BSE,False,not_applicable,18.91,2024中国能源上市公司可持续发展（ESG）客户名单(1).xlsx,907,908
2024,2023,452,01799.HK,新特能源,新特能源股份有限公司,马燕,,HKEX,False,not_applicable,18.9,2024中国能源上市公司可持续发展（ESG）客户名单(1).xlsx,909,910
2024,2023,453,870299.BJ,灿能电力,南京灿能电力自动化股份有限公司,李天平,,BSE,False,not_applicable,18.89,2024中国能源上市公司可持续发展（ESG）客户名单(1).xlsx,911,912
2024,2023,454,300317.SZ,珈伟新能,珈伟新能源股份有限公司,马燕,,SZSE,False,matched,18.87,2024中国能源上市公司可持续发展（ESG）客户名单(1).xlsx,913,914
2024,2023,455,002487.SZ,大金重工,大金重工股份有限公司,李天平,,SZSE,False,matched,18.87,2024中国能源上市公司可持续发展（ESG）客户名单(1).xlsx,915,916
2024,2023,456,00951.HK,超威动力,超威动力控股有限公司,李天平,,HKEX,False,not_applicable,18.85,2024中国能源上市公司可持续发展（ESG）客户名单(1).xlsx,917,918
2024,2023,457,002346.SZ,柘中股份,上海柘中集团股份有限公司,李天平,,SZSE,False,matched,18.84,2024中国能源上市公司可持续发展（ESG）客户名单(1).xlsx,919,920
2024,2023,458,301516.SZ,中远通,深圳市核达中远通电源技术股份有限公司,马燕,,SZSE,False,matched,18.84,2024中国能源上市公司可持续发展（ESG）客户名单(1).xlsx,921,922
2024,2023,459,002733.SZ,雄韬股份,深圳市雄韬电源科技股份有限公司,李天平,,SZSE,False,matched,18.83,2024中国能源上市公司可持续发展（ESG）客户名单(1).xlsx,923,924
2024,2023,460,301349.SZ,信德新材,辽宁信德新材料科技(集团)股份有限公司,马燕,,SZSE,False,matched,18.82,2024中国能源上市公司可持续发展（ESG）客户名单(1).xlsx,925,926
2024,2023,461,300617.SZ,安靠智电,江苏安靠智电股份有限公司,李天平,,SZSE,False,matched,18.82,2024中国能源上市公司可持续发展（ESG）客户名单(1).xlsx,927,928
2024,2023,462,873152.BJ,天宏锂电,浙江天宏锂电股份有限公司,马燕,,BSE,False,not_applicable,18.82,2024中国能源上市公司可持续发展（ESG）客户名单(1).xlsx,929,930
2024,2023,463,002580.SZ,圣阳股份,山东圣阳电源股份有限公司,李天平,,SZSE,False,matched,18.81,2024中国能源上市公司可持续发展（ESG）客户名单(1).xlsx,931,932
2024,2023,464,688147.SH,微导纳米,江苏微导纳米科技股份有限公司,马燕,,SSE,False,matched,18.81,2024中国能源上市公司可持续发展（ESG）客户名单(1).xlsx,933,934
2024,2023,465,002823.SZ,凯中精密,深圳市凯中精密技术股份有限公司,李天平,,SZSE,False,matched,18.78,2024中国能源上市公司可持续发展（ESG）客户名单(1).xlsx,935,936
2024,2023,466,301120.SZ,新特电气,新华都特种电气股份有限公司,马燕,,SZSE,False,matched,18.77,2024中国能源上市公司可持续发展（ESG）客户名单(1).xlsx,937,938
2024,2023,467,301226.SZ,祥明智能,常州祥明智能动力股份有限公司,李天平,,SZSE,False,matched,18.76,2024中国能源上市公司可持续发展（ESG）客户名单(1).xlsx,939,940
2024,2023,468,301502.SZ,华阳智能,江苏华阳智能装备股份有限公司,马燕,,SZSE,False,matched,18.76,2024中国能源上市公司可持续发展（ESG）客户名单(1).xlsx,941,942
2024,2023,469,300514.SZ,友讯达,深圳友讯达科技股份有限公司,李天平,,SZSE,False,matched,18.69,2024中国能源上市公司可持续发展（ESG）客户名单(1).xlsx,943,944
2024,2023,470,688353.SH,华盛锂电,江苏华盛锂电材料股份有限公司,马燕,,SSE,False,matched,18.68,2024中国能源上市公司可持续发展（ESG）客户名单(1).xlsx,945,946
2024,2023,471,300932.SZ,三友联众,三友联众集团股份有限公司,李天平,,SZSE,False,matched,18.67,2024中国能源上市公司可持续发展（ESG）客户名单(1).xlsx,947,948
2024,2023,472,603906.SH,龙蟠科技,江苏龙蟠科技股份有限公司,马燕,,SSE,False,matched,18.67,2024中国能源上市公司可持续发展（ESG）客户名单(1).xlsx,949,950
2024,2023,473,300870.SZ,欧陆通,深圳欧陆通电子股份有限公司,李天平,,SZSE,False,matched,18.66,2024中国能源上市公司可持续发展（ESG）客户名单(1).xlsx,951,952
2024,2023,474,688719.SH,爱科赛博,西安爱科赛博电气股份有限公司,马燕,,SSE,False,matched,18.65,2024中国能源上市公司可持续发展（ESG）客户名单(1).xlsx,953,954
2024,2023,475,300907.SZ,康平科技,康平科技(苏州)股份有限公司,李天平,,SZSE,False,matched,18.63,2024中国能源上市公司可持续发展（ESG）客户名单(1).xlsx,955,956
2024,2023,476,300153.SZ,科泰电源,上海科泰电源股份有限公司,马燕,,SZSE,False,matched,18.63,2024中国能源上市公司可持续发展（ESG）客户名单(1).xlsx,957,958
2024,2023,477,300619.SZ,金银河,佛山市金银河智能装备股份有限公司,李天平,,SZSE,False,matched,18.63,2024中国能源上市公司可持续发展（ESG）客户名单(1).xlsx,959,960
2024,2023,478,600969.SH,郴电国际,湖南郴电国际发展股份有限公司,马燕,,SSE,False,matched,18.63,2024中国能源上市公司可持续发展（ESG）客户名单(1).xlsx,961,962
2024,2023,479,300660.SZ,江苏雷利,江苏雷利电机股份有限公司,李天平,,SZSE,False,matched,18.62,2024中国能源上市公司可持续发展（ESG）客户名单(1).xlsx,963,964
2024,2023,480,688345.SH,博力威,广东博力威科技股份有限公司,马燕,,SSE,False,matched,18.58,2024中国能源上市公司可持续发展（ESG）客户名单(1).xlsx,965,966
2024,2023,481,301361.SZ,众智科技,郑州众智科技股份有限公司,李天平,,SZSE,False,matched,18.56,2024中国能源上市公司可持续发展（ESG）客户名单(1).xlsx,967,968
2024,2023,482,688392.SH,骄成超声,上海骄成超声波技术股份有限公司,马燕,,SSE,False,matched,18.56,2024中国能源上市公司可持续发展（ESG）客户名单(1).xlsx,969,970
2024,2023,483,002441.SZ,众业达,众业达电气股份有限公司,李天平,,SZSE,False,matched,18.46,2024中国能源上市公司可持续发展（ESG）客户名单(1).xlsx,971,972
2024,2023,484,603988.SH,中电电机,中电电机股份有限公司,马燕,,SSE,False,matched,18.41,2024中国能源上市公司可持续发展（ESG）客户名单(1).xlsx,973,974
2024,2023,485,834639.BJ,晨光电缆,浙江晨光电缆股份有限公司,李天平,,BSE,False,not_applicable,18.4,2024中国能源上市公司可持续发展（ESG）客户名单(1).xlsx,975,976
2024,2023,486,600869.SH,远东股份,远东智慧能源股份有限公司,郭海飞,,SSE,False,matched,18.35,2024中国能源上市公司可持续发展（ESG）客户名单(1).xlsx,977,978
2024,2023,487,301023.SZ,江南奕帆,无锡江南奕帆电力传动科技股份有限公司,李天平,,SZSE,False,matched,18.29,2024中国能源上市公司可持续发展（ESG）客户名单(1).xlsx,979,980
2024,2023,488,300491.SZ,通合科技,石家庄通合电子科技股份有限公司,马燕,,SZSE,False,matched,18.29,2024中国能源上市公司可持续发展（ESG）客户名单(1).xlsx,981,982
2024,2023,489,002692.SZ,远程股份,远程电缆股份有限公司,李天平,,SZSE,False,matched,18.28,2024中国能源上市公司可持续发展（ESG）客户名单(1).xlsx,983,984
2024,2023,490,002980.SZ,华盛昌,深圳市华盛昌科技实业股份有限公司,马燕,,SZSE,False,matched,18.24,2024中国能源上市公司可持续发展（ESG）客户名单(1).xlsx,985,986
2024,2023,491,601908.SH,京运通,北京京运通科技股份有限公司,李天平,,SSE,False,matched,18.24,2024中国能源上市公司可持续发展（ESG）客户名单(1).xlsx,987,988
2024,2023,492,002218.SZ,拓日新能,深圳市拓日新能源科技股份有限公司,马燕,,SZSE,False,matched,18.22,2024中国能源上市公司可持续发展（ESG）客户名单(1).xlsx,989,990
2024,2023,493,300040.SZ,九洲集团,哈尔滨九洲集团股份有限公司,李天平,,SZSE,False,matched,18.2,2024中国能源上市公司可持续发展（ESG）客户名单(1).xlsx,991,992
2024,2023,494,301082.SZ,久盛电气,久盛电气股份有限公司,马燕,,SZSE,False,matched,18.17,2024中国能源上市公司可持续发展（ESG）客户名单(1).xlsx,993,994
2024,2023,495,300125.SZ,聆达股份,聆达集团股份有限公司,李天平,,SZSE,False,matched,18.16,2024中国能源上市公司可持续发展（ESG）客户名单(1).xlsx,995,996
2024,2023,496,000096.SZ,广聚能源,深圳市广聚能源股份有限公司,马燕,,SZSE,False,matched,18.15,2024中国能源上市公司可持续发展（ESG）客户名单(1).xlsx,997,998
2024,2023,497,688733.SH,壹石通,安徽壹石通材料科技股份有限公司,李天平,,SSE,False,matched,18.12,2024中国能源上市公司可持续发展（ESG）客户名单(1).xlsx,999,1000
2024,2023,498,300850.SZ,新强联,洛阳新强联回转支承股份有限公司,马燕,,SZSE,False,matched,18.09,2024中国能源上市公司可持续发展（ESG）客户名单(1).xlsx,1001,1002
2024,2023,499,600458.SH,时代新材,株洲时代新材料科技股份有限公司,李天平,,SSE,False,matched,18.09,2024中国能源上市公司可持续发展（ESG）客户名单(1).xlsx,1003,1004
2024,2023,500,002366.SZ,融发核电,融发核电设备股份有限公司,马燕,,SZSE,False,matched,18.08,2024中国能源上市公司可持续发展（ESG）客户名单(1).xlsx,1005,1006
2024,2023,501,301152.SZ,天力锂能,新乡天力锂能股份有限公司,李天平,,SZSE,False,matched,18.02,2024中国能源上市公司可持续发展（ESG）客户名单(1).xlsx,1007,1008
2024,2023,502,301456.SZ,盘古智能,青岛盘古智能制造股份有限公司,马燕,,SZSE,False,matched,17.97,2024中国能源上市公司可持续发展（ESG）客户名单(1).xlsx,1009,1010
2024,2023,503,000533.SZ,顺钠股份,广东顺钠电气股份有限公司,李天平,,SZSE,False,matched,17.97,2024中国能源上市公司可持续发展（ESG）客户名单(1).xlsx,1011,1012
2024,2023,504,301232.SZ,飞沃科技,湖南飞沃新能源科技股份有限公司,马燕,,SZSE,False,matched,17.95,2024中国能源上市公司可持续发展（ESG）客户名单(1).xlsx,1013,1014
2024,2023,505,000722.SZ,湖南发展,湖南发展集团股份有限公司,李天平,,SZSE,False,matched,17.94,2024中国能源上市公司可持续发展（ESG）客户名单(1).xlsx,1015,1016
2024,2023,506,000637.SZ,ST实华,茂名石化实华股份有限公司,马燕,,SZSE,True,matched,17.92,2024中国能源上市公司可持续发展（ESG）客户名单(1).xlsx,1017,1018
2024,2023,507,003021.SZ,兆威机电,深圳市兆威机电股份有限公司,李天平,,SZSE,False,matched,17.9,2024中国能源上市公司可持续发展（ESG）客户名单(1).xlsx,1019,1020
2024,2023,508,002255.SZ,海陆重工,苏州海陆重工股份有限公司,马燕,,SZSE,False,matched,17.89,2024中国能源上市公司可持续发展（ESG）客户名单(1).xlsx,1021,1022
2024,2023,509,301168.SZ,通灵股份,江苏通灵电器股份有限公司,李天平,,SZSE,False,matched,17.87,2024中国能源上市公司可持续发展（ESG）客户名单(1).xlsx,1023,1024
2024,2023,510,002616.SZ,长青集团,广东长青(集团)股份有限公司,马燕,,SZSE,False,matched,17.87,2024中国能源上市公司可持续发展（ESG）客户名单(1).xlsx,1025,1026
2024,2023,511,002576.SZ,通达动力,江苏通达动力科技股份有限公司,李天平,,SZSE,False,matched,17.85,2024中国能源上市公司可持续发展（ESG）客户名单(1).xlsx,1027,1028
2024,2023,512,688184.SH,帕瓦股份,浙江帕瓦新能源股份有限公司,马燕,,SSE,False,matched,17.84,2024中国能源上市公司可持续发展（ESG）客户名单(1).xlsx,1029,1030
2024,2023,513,601700.SH,风范股份,常熟风范电力设备股份有限公司,李天平,,SSE,False,matched,17.84,2024中国能源上市公司可持续发展（ESG）客户名单(1).xlsx,1031,1032
2024,2023,514,300129.SZ,泰胜风能,上海泰胜风能装备股份有限公司,马燕,,SZSE,False,matched,17.79,2024中国能源上市公司可持续发展（ESG）客户名单(1).xlsx,1033,1034
2024,2023,515,002339.SZ,积成电子,积成电子股份有限公司,李天平,,SZSE,False,matched,17.79,2024中国能源上市公司可持续发展（ESG）客户名单(1).xlsx,1035,1036
2024,2023,516,603507.SH,振江股份,江苏振江新能源装备股份有限公司,马燕,,SSE,False,matched,17.78,2024中国能源上市公司可持续发展（ESG）客户名单(1).xlsx,1037,1038
2024,2023,517,300904.SZ,威力传动,银川威力传动技术股份有限公司,李天平,,SZSE,False,matched,17.75,2024中国能源上市公司可持续发展（ESG）客户名单(1).xlsx,1039,1040
2024,2023,518,688611.SH,杭州柯林,杭州柯林电气股份有限公司,马燕,,SSE,False,matched,17.73,2024中国能源上市公司可持续发展（ESG）客户名单(1).xlsx,1041,1042
2024,2023,519,300001.SZ,特锐德,青岛特锐德电气股份有限公司,李天平,,SZSE,False,matched,17.69,2024中国能源上市公司可持续发展（ESG）客户名单(1).xlsx,1043,1044
2024,2023,520,002451.SZ,摩恩电气,上海摩恩电气股份有限公司,马燕,,SZSE,False,matched,17.67,2024中国能源上市公司可持续发展（ESG）客户名单(1).xlsx,1045,1046
2024,2023,521,002805.SZ,丰元股份,山东丰元化学股份有限公司,李天平,,SZSE,False,matched,17.62,2024中国能源上市公司可持续发展（ESG）客户名单(1).xlsx,1047,1048
2024,2023,522,430556.BJ,雅达股份,广东雅达电子股份有限公司,马燕,,BSE,False,not_applicable,17.61,2024中国能源上市公司可持续发展（ESG）客户名单(1).xlsx,1049,1050
2024,2023,523,605222.SH,起帆电缆,上海起帆电缆股份有限公司,李天平,,SSE,False,matched,17.59,2024中国能源上市公司可持续发展（ESG）客户名单(1).xlsx,1051,1052
2024,2023,524,300068.SZ,南都电源,浙江南都电源动力股份有限公司,马燕,,SZSE,False,matched,17.58,2024中国能源上市公司可持续发展（ESG）客户名单(1).xlsx,1053,1054
2024,2023,525,837046.BJ,亿能电力,无锡亿能电力设备股份有限公司,李天平,,BSE,False,not_applicable,17.57,2024中国能源上市公司可持续发展（ESG）客户名单(1).xlsx,1055,1056
2024,2023,526,603333.SH,尚纬股份,尚纬股份有限公司,马燕,,SSE,False,matched,17.56,2024中国能源上市公司可持续发展（ESG）客户名单(1).xlsx,1057,1058
2024,2023,527,601233.SH,桐昆股份,桐昆集团股份有限公司,李天平,,SSE,False,matched,17.55,2024中国能源上市公司可持续发展（ESG）客户名单(1).xlsx,1059,1060
2024,2023,528,601778.SH,晶科科技,晶科电力科技股份有限公司,马燕,,SSE,False,matched,17.55,2024中国能源上市公司可持续发展（ESG）客户名单(1).xlsx,1061,1062
2024,2023,529,002892.SZ,科力尔,科力尔电机集团股份有限公司,李天平,,SZSE,False,matched,17.54,2024中国能源上市公司可持续发展（ESG）客户名单(1).xlsx,1063,1064
2024,2023,530,301121.SZ,紫建电子,重庆市紫建电子股份有限公司,马燕,,SZSE,False,matched,17.52,2024中国能源上市公司可持续发展（ESG）客户名单(1).xlsx,1065,1066
2024,2023,531,300827.SZ,上能电气,上能电气股份有限公司,李天平,,SZSE,False,matched,17.5,2024中国能源上市公司可持续发展（ESG）客户名单(1).xlsx,1067,1068
2024,2023,532,000037.SZ,深南电A,深圳南山热电股份有限公司,马燕,,SZSE,False,matched,17.46,2024中国能源上市公司可持续发展（ESG）客户名单(1).xlsx,1069,1070
2024,2023,533,831175.BJ,派诺科技,珠海派诺科技股份有限公司,李天平,,BSE,False,not_applicable,17.45,2024中国能源上市公司可持续发展（ESG）客户名单(1).xlsx,1071,1072
2024,2023,534,000821.SZ,京山轻机,湖北京山轻工机械股份有限公司,马燕,,SZSE,False,matched,17.43,2024中国能源上市公司可持续发展（ESG）客户名单(1).xlsx,1073,1074
2024,2023,535,002112.SZ,三变科技,三变科技股份有限公司,李天平,,SZSE,False,matched,17.36,2024中国能源上市公司可持续发展（ESG）客户名单(1).xlsx,1075,1076
2024,2023,536,600152.SH,维科技术,维科技术股份有限公司,马燕,,SSE,False,matched,17.34,2024中国能源上市公司可持续发展（ESG）客户名单(1).xlsx,1077,1078
2024,2023,537,600617.SH,国新能源,山西省国新能源股份有限公司,李天平,,SSE,False,matched,17.34,2024中国能源上市公司可持续发展（ESG）客户名单(1).xlsx,1079,1080
2024,2023,538,836239.BJ,长虹能源,四川长虹新能源科技股份有限公司,马燕,,BSE,False,not_applicable,17.27,2024中国能源上市公司可持续发展（ESG）客户名单(1).xlsx,1081,1082
2024,2023,539,300443.SZ,金雷股份,金雷科技股份公司,李天平,,SZSE,False,matched,17.23,2024中国能源上市公司可持续发展（ESG）客户名单(1).xlsx,1083,1084
2024,2023,540,688330.SH,宏力达,上海宏力达信息技术股份有限公司,马燕,,SSE,False,matched,17.2,2024中国能源上市公司可持续发展（ESG）客户名单(1).xlsx,1085,1086
2024,2023,541,300051.SZ,琏升科技,琏升科技股份有限公司,李天平,,SZSE,False,matched,17.15,2024中国能源上市公司可持续发展（ESG）客户名单(1).xlsx,1087,1088
2024,2023,542,300933.SZ,中辰股份,中辰电缆股份有限公司,马燕,,SZSE,False,matched,17.15,2024中国能源上市公司可持续发展（ESG）客户名单(1).xlsx,1089,1090
2024,2023,543,832522.BJ,纳科诺尔,邢台纳科诺尔精轧科技股份有限公司,李天平,,BSE,False,not_applicable,17.14,2024中国能源上市公司可持续发展（ESG）客户名单(1).xlsx,1091,1092
2024,2023,544,688573.SH,信宇人,深圳市信宇人科技股份有限公司,马燕,,SSE,False,matched,17.14,2024中国能源上市公司可持续发展（ESG）客户名单(1).xlsx,1093,1094
2024,2023,545,603050.SH,科林电气,石家庄科林电气股份有限公司,李天平,,SSE,False,matched,17.13,2024中国能源上市公司可持续发展（ESG）客户名单(1).xlsx,1095,1096
2024,2023,546,603727.SH,博迈科,博迈科海洋工程股份有限公司,马燕,,SSE,False,matched,17.1,2024中国能源上市公司可持续发展（ESG）客户名单(1).xlsx,1097,1098
2024,2023,547,300724.SZ,捷佳伟创,深圳市捷佳伟创新能源装备股份有限公司,李天平,,SZSE,False,matched,17.08,2024中国能源上市公司可持续发展（ESG）客户名单(1).xlsx,1099,1100
2024,2023,548,301487.SZ,盟固利,天津国安盟固利新材料科技股份有限公司,马燕,,SZSE,False,matched,17.02,2024中国能源上市公司可持续发展（ESG）客户名单(1).xlsx,1101,1102
2024,2023,549,300035.SZ,中科电气,湖南中科电气股份有限公司,李天平,,SZSE,False,matched,16.97,2024中国能源上市公司可持续发展（ESG）客户名单(1).xlsx,1103,1104
2024,2023,550,603396.SH,金辰股份,营口金辰机械股份有限公司,马燕,,SSE,False,matched,16.93,2024中国能源上市公司可持续发展（ESG）客户名单(1).xlsx,1105,1106
2024,2023,551,300409.SZ,道氏技术,广东道氏技术股份有限公司,李天平,,SZSE,False,matched,16.86,2024中国能源上市公司可持续发展（ESG）客户名单(1).xlsx,1107,1108
2024,2023,552,300283.SZ,温州宏丰,温州宏丰电工合金股份有限公司,马燕,,SZSE,False,matched,16.85,2024中国能源上市公司可持续发展（ESG）客户名单(1).xlsx,1109,1110
2024,2023,553,301040.SZ,中环海陆,张家港中环海陆高端装备股份有限公司,李天平,,SZSE,False,matched,16.83,2024中国能源上市公司可持续发展（ESG）客户名单(1).xlsx,1111,1112
2024,2023,554,300510.SZ,金冠股份,吉林省金冠电气股份有限公司,马燕,,SZSE,False,matched,16.81,2024中国能源上市公司可持续发展（ESG）客户名单(1).xlsx,1113,1114
2024,2023,555,603897.SH,长城科技,浙江长城电工科技股份有限公司,李天平,,SSE,False,matched,16.8,2024中国能源上市公司可持续发展（ESG）客户名单(1).xlsx,1115,1116
2024,2023,556,000421.SZ,南京公用,南京公用发展股份有限公司,马燕,,SZSE,False,matched,16.78,2024中国能源上市公司可持续发展（ESG）客户名单(1).xlsx,1117,1118
2024,2023,557,601669.SH,中国电建,中国电力建设股份有限公司,李天平,,SSE,False,matched,16.77,2024中国能源上市公司可持续发展（ESG）客户名单(1).xlsx,1119,1120
2024,2023,558,603819.SH,神力股份,常州神力电机股份有限公司,马燕,,SSE,False,matched,16.77,2024中国能源上市公司可持续发展（ESG）客户名单(1).xlsx,1121,1122
2024,2023,559,600387.SH,ST海越,海越能源集团股份有限公司,李天平,,SSE,True,unmatched,16.74,2024中国能源上市公司可持续发展（ESG）客户名单(1).xlsx,1123,1124
2024,2023,560,002927.SZ,泰永长征,贵州泰永长征技术股份有限公司,马燕,,SZSE,False,matched,16.66,2024中国能源上市公司可持续发展（ESG）客户名单(1).xlsx,1125,1126
2024,2023,561,835368.BJ,连城数控,大连连城数控机器股份有限公司,李天平,,BSE,False,not_applicable,16.62,2024中国能源上市公司可持续发展（ESG）客户名单(1).xlsx,1127,1128
2024,2023,562,300427.SZ,*ST红相,红相股份有限公司,马燕,,SZSE,True,matched,16.61,2024中国能源上市公司可持续发展（ESG）客户名单(1).xlsx,1129,1130
2024,2023,563,601868.SH,中国能建,中国能源建设股份有限公司,李天平,,SSE,False,matched,16.6,2024中国能源上市公司可持续发展（ESG）客户名单(1).xlsx,1131,1132
2024,2023,564,600759.SH,ST洲际,洲际油气股份有限公司,马燕,,SSE,True,matched,16.6,2024中国能源上市公司可持续发展（ESG）客户名单(1).xlsx,1133,1134
2024,2023,565,688638.SH,誉辰智能,深圳市誉辰智能装备股份有限公司,李天平,,SSE,False,matched,16.52,2024中国能源上市公司可持续发展（ESG）客户名单(1).xlsx,1135,1136
2024,2023,566,300690.SZ,双一科技,山东双一科技股份有限公司,马燕,,SZSE,False,matched,16.47,2024中国能源上市公司可持续发展（ESG）客户名单(1).xlsx,1137,1138
2024,2023,567,300018.SZ,中元股份,武汉中元华电科技股份有限公司,李天平,,SZSE,False,matched,16.42,2024中国能源上市公司可持续发展（ESG）客户名单(1).xlsx,1139,1140
2024,2023,568,300477.SZ,合纵科技,合纵科技股份有限公司,马燕,,SZSE,False,matched,16.4,2024中国能源上市公司可持续发展（ESG）客户名单(1).xlsx,1141,1142
2024,2023,569,600509.SH,天富能源,新疆天富能源股份有限公司,李天平,,SSE,False,matched,16.3,2024中国能源上市公司可持续发展（ESG）客户名单(1).xlsx,1143,1144
2024,2023,570,002358.SZ,森源电气,河南森源电气股份有限公司,马燕,,SZSE,False,matched,16.29,2024中国能源上市公司可持续发展（ESG）客户名单(1).xlsx,1145,1146
2024,2023,571,300953.SZ,震裕科技,宁波震裕科技股份有限公司,李天平,,SZSE,False,matched,16.26,2024中国能源上市公司可持续发展（ESG）客户名单(1).xlsx,1147,1148
2024,2023,572,000669.SZ,ST金鸿,金鸿控股集团股份有限公司,马燕,,SZSE,True,matched,16.2,2024中国能源上市公司可持续发展（ESG）客户名单(1).xlsx,1149,1150
2024,2023,573,688148.SH,芳源股份,广东芳源新材料集团股份有限公司,李天平,,SSE,False,matched,16.18,2024中国能源上市公司可持续发展（ESG）客户名单(1).xlsx,1151,1152
2024,2023,574,301163.SZ,宏德股份,江苏宏德特种部件股份有限公司,马燕,,SZSE,False,matched,16.09,2024中国能源上市公司可持续发展（ESG）客户名单(1).xlsx,1153,1154
2024,2023,575,000601.SZ,韶能股份,广东韶能集团股份有限公司,李天平,,SZSE,False,matched,15.91,2024中国能源上市公司可持续发展（ESG）客户名单(1).xlsx,1155,1156
2024,2023,576,002610.SZ,ST爱康,浙江爱康新能源科技股份有限公司,马燕,,SZSE,True,unmatched,15.9,2024中国能源上市公司可持续发展（ESG）客户名单(1).xlsx,1157,1158
2024,2023,577,300457.SZ,赢合科技,深圳市赢合科技股份有限公司,李天平,,SZSE,False,matched,15.79,2024中国能源上市公司可持续发展（ESG）客户名单(1).xlsx,1159,1160
2024,2023,578,000531.SZ,穗恒运A,广州恒运企业集团股份有限公司,马燕,,SZSE,False,matched,15.79,2024中国能源上市公司可持续发展（ESG）客户名单(1).xlsx,1161,1162
2024,2023,579,300141.SZ,和顺电气,苏州工业园区和顺电气股份有限公司,李天平,,SZSE,False,matched,15.72,2024中国能源上市公司可持续发展（ESG）客户名单(1).xlsx,1163,1164
2024,2023,580,601611.SH,中国核建,中国核工业建设股份有限公司,马燕,,SSE,False,matched,15.67,2024中国能源上市公司可持续发展（ESG）客户名单(1).xlsx,1165,1166
2024,2023,581,600719.SH,大连热电,大连热电股份有限公司,李天平,,SSE,False,matched,15.66,2024中国能源上市公司可持续发展（ESG）客户名单(1).xlsx,1167,1168
2024,2023,582,605066.SH,天正电气,浙江天正电气股份有限公司,马燕,,SSE,False,matched,15.65,2024中国能源上市公司可持续发展（ESG）客户名单(1).xlsx,1169,1170
2024,2023,583,002452.SZ,长高电新,长高电新科技股份公司,李天平,,SZSE,False,matched,15.6,2024中国能源上市公司可持续发展（ESG）客户名单(1).xlsx,1171,1172
2024,2023,584,002857.SZ,三晖电气,郑州三晖电气股份有限公司,马燕,,SZSE,False,matched,15.53,2024中国能源上市公司可持续发展（ESG）客户名单(1).xlsx,1173,1174
2024,2023,585,300842.SZ,帝科股份,无锡帝科电子材料股份有限公司,李天平,,SZSE,False,matched,15.41,2024中国能源上市公司可持续发展（ESG）客户名单(1).xlsx,1175,1176
2024,2023,586,600333.SH,长春燃气,长春燃气股份有限公司,马燕,,SSE,False,matched,15.34,2024中国能源上市公司可持续发展（ESG）客户名单(1).xlsx,1177,1178
2024,2023,587,600149.SH,廊坊发展,廊坊发展股份有限公司,李天平,,SSE,False,matched,15.31,2024中国能源上市公司可持续发展（ESG）客户名单(1).xlsx,1179,1180
2024,2023,588,603798.SH,康普顿,青岛康普顿科技股份有限公司,马燕,,SSE,False,matched,15.26,2024中国能源上市公司可持续发展（ESG）客户名单(1).xlsx,1181,1182
2024,2023,589,002090.SZ,金智科技,江苏金智科技股份有限公司,李天平,,SZSE,False,matched,15.25,2024中国能源上市公司可持续发展（ESG）客户名单(1).xlsx,1183,1184
2024,2023,590,002471.SZ,中超控股,江苏中超控股股份有限公司,马燕,,SZSE,False,matched,15.23,2024中国能源上市公司可持续发展（ESG）客户名单(1).xlsx,1185,1186
2024,2023,591,603530.SH,神马电力,江苏神马电力股份有限公司,李天平,,SSE,False,matched,15.19,2024中国能源上市公司可持续发展（ESG）客户名单(1).xlsx,1187,1188
2024,2023,592,000767.SZ,晋控电力,晋能控股山西电力股份有限公司,马燕,,SZSE,False,matched,15.1,2024中国能源上市公司可持续发展（ESG）客户名单(1).xlsx,1189,1190
2024,2023,593,600397.SH,安源煤业,安源煤业集团股份有限公司,李天平,,SSE,False,matched,15.03,2024中国能源上市公司可持续发展（ESG）客户名单(1).xlsx,1191,1192
2024,2023,594,300140.SZ,节能环境,中节能环境保护股份有限公司,马燕,,SZSE,False,matched,14.93,2024中国能源上市公司可持续发展（ESG）客户名单(1).xlsx,1193,1194
2024,2023,595,00704.HK,和嘉控股,和嘉控股有限公司,李天平,00704.HK,HKEX,False,not_applicable,14.91,2024中国能源上市公司可持续发展（ESG）客户名单(1).xlsx,1195,1196
2024,2023,596,002546.SZ,新联电子,南京新联电子股份有限公司,马燕,,SZSE,False,matched,14.88,2024中国能源上市公司可持续发展（ESG）客户名单(1).xlsx,1197,1198
2024,2023,597,300648.SZ,星云股份,福建星云电子股份有限公司,李天平,,SZSE,False,matched,14.82,2024中国能源上市公司可持续发展（ESG）客户名单(1).xlsx,1199,1200
2024,2023,598,002665.SZ,ST航高,首航高科能源技术股份有限公司,马燕,,SZSE,True,unmatched,14.73,2024中国能源上市公司可持续发展（ESG）客户名单(1).xlsx,1201,1202
2024,2023,599,002879.SZ,长缆科技,长缆科技集团股份有限公司,李天平,,SZSE,False,matched,14.71,2024中国能源上市公司可持续发展（ESG）客户名单(1).xlsx,1203,1204
2024,2023,600,002227.SZ,奥 特 迅,深圳奥特迅电力设备股份有限公司,马燕,,SZSE,False,matched,14.6,2024中国能源上市公司可持续发展（ESG）客户名单(1).xlsx,1205,1206
2024,2023,601,001896.SZ,豫能控股,河南豫能控股股份有限公司,李天平,,SZSE,False,matched,14.58,2024中国能源上市公司可持续发展（ESG）客户名单(1).xlsx,1207,1208
2024,2023,602,08132.HK,百能国际能源,百能国际能源控股有限公司,马燕,08132.HK,HKEX,False,not_applicable,14.44,2024中国能源上市公司可持续发展（ESG）客户名单(1).xlsx,1209,1210
2024,2023,603,002364.SZ,中恒电气,杭州中恒电气股份有限公司,李天平,,SZSE,False,matched,14.42,2024中国能源上市公司可持续发展（ESG）客户名单(1).xlsx,1211,1212
2024,2023,604,01878.HK,南戈壁,南戈壁资源有限公司,马燕,01878.HK,HKEX,False,not_applicable,14.36,2024中国能源上市公司可持续发展（ESG）客户名单(1).xlsx,1213,1214
2024,2023,605,002309.SZ,*ST中利,江苏中利集团股份有限公司,李天平,,SZSE,True,matched,14.29,2024中国能源上市公司可持续发展（ESG）客户名单(1).xlsx,1215,1216
2024,2023,606,002629.SZ,仁智股份,浙江仁智股份有限公司,马燕,,SZSE,False,matched,14.28,2024中国能源上市公司可持续发展（ESG）客户名单(1).xlsx,1217,1218
2024,2023,607,600192.SH,长城电工,兰州长城电工股份有限公司,李天平,,SSE,False,matched,14.24,2024中国能源上市公司可持续发展（ESG）客户名单(1).xlsx,1219,1220
2024,2023,608,603985.SH,恒润股份,江阴市恒润重工股份有限公司,马燕,,SSE,False,matched,14.1,2024中国能源上市公司可持续发展（ESG）客户名单(1).xlsx,1221,1222
2024,2023,609,002060.SZ,广东建工,广东省建筑工程集团股份有限公司,李天平,,SZSE,False,matched,14.1,2024中国能源上市公司可持续发展（ESG）客户名单(1).xlsx,1223,1224
2024,2023,610,300444.SZ,双杰电气,北京双杰电气股份有限公司,马燕,,SZSE,False,matched,14.06,2024中国能源上市公司可持续发展（ESG）客户名单(1).xlsx,1225,1226
2024,2023,611,00666.HK,瑞浦兰钧,瑞浦兰钧能源股份有限公司,马燕,,HKEX,False,not_applicable,14.04,2024中国能源上市公司可持续发展（ESG）客户名单(1).xlsx,1227,1228
2024,2023,612,600396.SH,*ST金山,华电辽宁能源发展股份有限公司,马燕,,SSE,True,matched,13.76,2024中国能源上市公司可持续发展（ESG）客户名单(1).xlsx,1229,1230
2024,2023,613,000982.SZ,中银绒业,宁夏中银绒业股份有限公司,李天平,,SZSE,False,unmatched,13.48,2024中国能源上市公司可持续发展（ESG）客户名单(1).xlsx,1231,1232
2024,2023,614,301155.SZ,海力风电,江苏海力风电设备科技股份有限公司,马燕,,SZSE,False,matched,13.46,2024中国能源上市公司可持续发展（ESG）客户名单(1).xlsx,1233,1234
2024,2023,615,300222.SZ,科大智能,科大智能科技股份有限公司,李天平,,SZSE,False,matched,13.44,2024中国能源上市公司可持续发展（ESG）客户名单(1).xlsx,1235,1236
2024,2023,616,300069.SZ,金利华电,金利华电气股份有限公司,马燕,,SZSE,False,matched,13.33,2024中国能源上市公司可持续发展（ESG）客户名单(1).xlsx,1237,1238
2024,2023,617,300410.SZ,正业科技,广东正业科技股份有限公司,李天平,,SZSE,False,matched,13.16,2024中国能源上市公司可持续发展（ESG）客户名单(1).xlsx,1239,1240
2024,2023,618,002196.SZ,方正电机,浙江方正电机股份有限公司,马燕,,SZSE,False,matched,13.09,2024中国能源上市公司可持续发展（ESG）客户名单(1).xlsx,1241,1242
2024,2023,619,300173.SZ,福能东方,福能东方装备科技股份有限公司,李天平,,SZSE,False,matched,13.02,2024中国能源上市公司可持续发展（ESG）客户名单(1).xlsx,1243,1244
2024,2023,620,603398.SH,沐邦高科,江西沐邦高科股份有限公司,马燕,,SSE,False,matched,12.87,2024中国能源上市公司可持续发展（ESG）客户名单(1).xlsx,1245,1246
2024,2023,621,300713.SZ,英可瑞,深圳市英可瑞科技股份有限公司,李天平,,SZSE,False,matched,12.75,2024中国能源上市公司可持续发展（ESG）客户名单(1).xlsx,1247,1248
2024,2023,622,688339.SH,亿华通-U,北京亿华通科技股份有限公司,马燕,,SSE,False,matched,12.6,2024中国能源上市公司可持续发展（ESG）客户名单(1).xlsx,1249,1250
2024,2023,623,300423.SZ,昇辉科技,昇辉智能科技股份有限公司,李天平,,SZSE,False,matched,12.47,2024中国能源上市公司可持续发展（ESG）客户名单(1).xlsx,1251,1252
2024,2023,624,300853.SZ,申昊科技,杭州申昊科技股份有限公司,马燕,,SZSE,False,matched,12.32,2024中国能源上市公司可持续发展（ESG）客户名单(1).xlsx,1253,1254
2024,2023,625,300490.SZ,华自科技,华自科技股份有限公司,马燕,,SZSE,False,matched,11.61,2024中国能源上市公司可持续发展（ESG）客户名单(1).xlsx,1255,1256
2024,2023,626,300340.SZ,科恒股份,江门市科恒实业股份有限公司,马燕,,SZSE,False,matched,11.04,2024中国能源上市公司可持续发展（ESG）客户名单(1).xlsx,1257,1258
2024,2023,627,300116.SZ,*ST保力,保力新能源科技股份有限公司,李天平,,SZSE,True,unmatched,10.99,2024中国能源上市公司可持续发展（ESG）客户名单(1).xlsx,1259,1260
2024,2023,628,002828.SZ,贝肯能源,新疆贝肯能源工程股份有限公司,马燕,,SZSE,False,matched,10.87,2024中国能源上市公司可持续发展（ESG）客户名单(1).xlsx,1261,1262
2024,2023,629,600212.SH,绿能慧充,绿能慧充数字能源技术股份有限公司,李天平,,SSE,False,matched,10.82,2024中国能源上市公司可持续发展（ESG）客户名单(1).xlsx,1263,1264
2024,2023,630,300670.SZ,大烨智能,江苏大烨智能电气股份有限公司,马燕,,SZSE,False,matched,10.66,2024中国能源上市公司可持续发展（ESG）客户名单(1).xlsx,1265,1266
2024,2023,631,002168.SZ,惠程科技,重庆惠程信息科技股份有限公司,李天平,,SZSE,False,matched,10.42,2024中国能源上市公司可持续发展（ESG）客户名单(1).xlsx,1267,1268
2024,2023,632,002630.SZ,华西能源,华西能源工业股份有限公司,马燕,,SZSE,False,matched,10.39,2024中国能源上市公司可持续发展（ESG）客户名单(1).xlsx,1269,1270
2024,2023,633,000692.SZ,*ST惠天,沈阳惠天热电股份有限公司,李天平,,SZSE,True,matched,10.03,2024中国能源上市公司可持续发展（ESG）客户名单(1).xlsx,1271,1272
2024,2023,634,600112.SH,*ST天成,贵州长征天成控股股份有限公司,马燕,,SSE,True,unmatched,9.99,2024中国能源上市公司可持续发展（ESG）客户名单(1).xlsx,1273,1274
